ident,type,iso_country,lat,lon,tz
03N,small_airport,MH,11.222219,169.851429,Pacific/Majuro
05AK,small_airport,US,61.668301,-149.188004,America/Anchorage
07FA,medium_airport,US,25.325399,-80.274803,America/New_York
16A,small_airport,US,60.905591,-162.440454,America/Nome
19P,seaplane_base,US,56.328800,-133.610001,America/Sitka
1RL,small_airport,US,48.977316,-123.079294,America/Los_Angeles
2U7,small_airport,US,44.208500,-114.934998,America/Boise
2WA3,small_airport,US,48.683991,-123.222849,America/Los_Angeles
38WA,small_airport,US,48.579162,-122.823844,America/Los_Angeles
4A2,small_airport,US,60.866699,-162.272996,America/Nome
4K0,small_airport,US,59.796925,-154.129994,America/Anchorage
4K5,small_airport,US,57.942094,-152.464314,America/Anchorage
4KA,small_airport,US,60.569638,-165.246649,America/Nome
4Z7,seaplane_base,US,55.903324,-130.009975,America/Sitka
51Z,small_airport,US,65.147991,-149.368658,America/Anchorage
5A8,medium_airport,US,59.282600,-158.617996,America/Anchorage
5KE,seaplane_base,US,55.349899,-131.677002,America/Sitka
5Z9,seaplane_base,US,58.554798,-155.776993,America/Anchorage
6N5,heliport,US,40.742372,-73.972074,America/New_York
6N7,seaplane_base,US,40.735061,-73.972814,America/New_York
6Y8,small_airport,US,45.720503,-85.518866,America/Detroit
78WA,small_airport,US,48.490046,-122.831612,America/Los_Angeles
7KA,small_airport,US,60.871449,-146.690297,America/Anchorage
7WA5,small_airport,US,48.673379,-123.175439,America/Los_Angeles
89D,small_airport,US,41.602960,-82.687054,America/New_York
89TE,small_airport,US,29.278000,-103.686997,America/Chicago
90WA,small_airport,US,48.711410,-123.018208,America/Los_Angeles
96Z,seaplane_base,US,56.116299,-133.121994,America/Sitka
9A3,small_airport,US,61.579102,-159.216003,America/Anchorage
A29,seaplane_base,US,57.052101,-135.345993,America/Sitka
A61,small_airport,US,60.351243,-162.654476,America/Nome
A63,small_airport,US,59.074713,-160.274992,America/Anchorage
A79,small_airport,US,56.255001,-158.774994,America/Anchorage
AE-0001,small_airport,SA,24.214693,51.449890,Asia/Riyadh
AE-0221,medium_airport,AE,24.441280,54.516960,Asia/Dubai
AEI,heliport,ES,36.128820,-5.441079,Europe/Madrid
AF-0017,small_airport,AF,33.333401,69.952003,Asia/Kabul
AF15,heliport,AF,37.423302,69.430298,Asia/Kabul
AG-0001,medium_airport,AG,17.621194,-61.798347,America/Antigua
AGGA,small_airport,SB,-8.702570,160.682007,Pacific/Guadalcanal
AGGB,small_airport,SB,-11.302222,159.798333,Pacific/Guadalcanal
AGGC,small_airport,SB,-6.711944,156.396111,Pacific/Guadalcanal
AGGE,small_airport,SB,-6.990745,155.886656,Pacific/Guadalcanal
AGGF,small_airport,SB,-8.107500,159.576996,Pacific/Guadalcanal
AGGH,large_airport,SB,-9.428000,160.054993,Pacific/Guadalcanal
AGGK,small_airport,SB,-10.449700,161.897995,Pacific/Guadalcanal
AGGL,small_airport,SB,-10.720300,165.794998,Pacific/Guadalcanal
AGGM,medium_airport,SB,-8.327970,157.263000,Pacific/Guadalcanal
AGGN,small_airport,SB,-8.097780,156.863998,Pacific/Guadalcanal
AGGO,small_airport,SB,-7.416940,155.565002,Pacific/Guadalcanal
AGGR,small_airport,SB,-11.550000,160.062778,Pacific/Guadalcanal
AGGT,small_airport,SB,-10.847994,162.454108,Pacific/Guadalcanal
AGGU,small_airport,SB,-9.861670,160.824997,Pacific/Guadalcanal
AGGV,small_airport,SB,-7.585560,158.731003,Pacific/Guadalcanal
AGGY,small_airport,SB,-9.092816,159.218410,Pacific/Guadalcanal
AGKG,small_airport,SB,-7.330500,157.585000,Pacific/Guadalcanal
AGOB,small_airport,SB,-8.325008,160.800510,Pacific/Guadalcanal
AGOK,small_airport,SB,-8.738358,158.202836,Pacific/Guadalcanal
AGRM,small_airport,SB,-8.168060,157.643005,Pacific/Guadalcanal
AK62,seaplane_base,US,55.849602,-133.227994,America/Sitka
AK81,seaplane_base,US,57.471500,-153.815002,America/Anchorage
ALZ,seaplane_base,US,56.897294,-154.249692,America/Anchorage
ANYN,medium_airport,NR,-0.547893,166.919525,Pacific/Nauru
AQ-0016,medium_airport,AQ,-77.530242,-31.827393,Antarctica/Rothera
AQBC,medium_airport,AQ,-74.739373,164.035390,Antarctica/McMurdo
AR-0503,small_airport,AR,-42.521363,-68.287861,America/Argentina/Catamarca
AR-0744,medium_airport,AR,-30.345303,-66.294072,America/Argentina/La_Rioja
AR-0767,medium_airport,AR,-27.180308,-54.107368,America/Argentina/Cordoba
AR-0768,medium_airport,AR,-33.896030,-60.574800,America/Argentina/Buenos_Aires
AT03,medium_airport,AQ,-75.103278,123.358250,Australia/Perth
AT28,medium_airport,AQ,-78.466139,106.848250,Antarctica/Vostok
AT98,medium_airport,AQ,-71.526400,8.799459,Antarctica/Troll
AU-0456,small_airport,AU,-28.034548,123.815060,Australia/Perth
AU-0539,large_airport,AU,-33.883461,150.712981,Australia/Sydney
AU-0796,medium_airport,AU,-15.578026,130.475993,Australia/Darwin
AU-HIS,seaplane_base,AU,-20.059999,148.880997,Australia/Lindeman
AXF,medium_airport,CN,38.748317,105.584160,Asia/Shanghai
AYBA,medium_airport,PG,-7.496955,144.821756,Pacific/Port_Moresby
AYBK,medium_airport,PG,-5.422299,154.672698,Pacific/Bougainville
AYBM,medium_airport,PG,-8.050000,142.932999,Pacific/Port_Moresby
AYCH,medium_airport,PG,-6.024290,144.970993,Pacific/Port_Moresby
AYDU,medium_airport,PG,-9.086760,143.207993,Pacific/Port_Moresby
AYET,small_airport,PG,-7.237257,141.106322,Pacific/Port_Moresby
AYGA,medium_airport,PG,-6.081690,145.391998,Pacific/Port_Moresby
AYGN,medium_airport,PG,-10.311500,150.334000,Pacific/Port_Moresby
AYGR,medium_airport,PG,-8.804540,148.309006,Pacific/Port_Moresby
AYGT,small_airport,PG,-6.271110,150.330994,Pacific/Port_Moresby
AYHK,medium_airport,PG,-5.463846,150.407327,Pacific/Port_Moresby
AYIQ,small_airport,PG,-6.305727,155.728249,Pacific/Bougainville
AYKA,small_airport,PG,-8.505820,151.080994,Pacific/Port_Moresby
AYKI,small_airport,PG,-6.125710,141.281998,Pacific/Port_Moresby
AYKK,small_airport,PG,-7.424380,144.250076,Pacific/Port_Moresby
AYKM,medium_airport,PG,-7.963610,145.770996,Pacific/Port_Moresby
AYKV,medium_airport,PG,-2.579400,150.807999,Pacific/Port_Moresby
AYKY,small_airport,PG,-3.043610,152.628998,Pacific/Port_Moresby
AYMD,medium_airport,PG,-5.207080,145.789001,Pacific/Port_Moresby
AYMH,medium_airport,PG,-5.828212,144.299412,Pacific/Port_Moresby
AYMN,medium_airport,PG,-6.147740,143.656998,Pacific/Port_Moresby
AYMO,medium_airport,PG,-2.061890,147.423996,Pacific/Port_Moresby
AYMR,small_airport,PG,-6.363330,143.238007,Pacific/Port_Moresby
AYMS,small_airport,PG,-10.689200,152.837997,Pacific/Port_Moresby
AYNZ,large_airport,PG,-6.567995,146.726544,Pacific/Port_Moresby
AYOB,small_airport,PG,-7.590622,141.324263,Pacific/Port_Moresby
AYPY,large_airport,PG,-9.443380,147.220001,Pacific/Port_Moresby
AYSS,small_airport,PG,-7.621700,142.868000,Pacific/Port_Moresby
AYTA,small_airport,PG,-5.845000,142.947998,Pacific/Port_Moresby
AYTB,small_airport,PG,-5.280471,141.227576,Pacific/Port_Moresby
AYTI,small_airport,PG,-8.356667,146.989167,Pacific/Port_Moresby
AYTK,medium_airport,PG,-4.340460,152.380005,Pacific/Port_Moresby
AYTU,small_airport,PG,-9.075954,149.319839,Pacific/Port_Moresby
AYVN,medium_airport,PG,-2.692600,141.302800,Pacific/Port_Moresby
AYWD,medium_airport,PG,-5.635293,143.892231,Pacific/Port_Moresby
AYWK,medium_airport,PG,-3.583830,143.669006,Pacific/Port_Moresby
AZ-0001,medium_airport,AZ,40.494884,49.977065,Asia/Baku
AZ-0013,medium_airport,AZ,40.807313,49.431481,Asia/Baku
AZ-0021,medium_airport,AZ,39.006162,48.806312,Asia/Baku
BCW,medium_airport,MZ,-21.853300,35.438301,Africa/Maputo
BG-JAM,medium_airport,BG,42.454899,26.352200,Europe/Sofia
BGAA,medium_airport,GL,68.721802,-52.784698,America/Nuuk
BGAG,heliport,GL,72.887030,-55.596287,America/Nuuk
BGAM,heliport,GL,65.612296,-37.618335,America/Nuuk
BGAP,heliport,GL,60.464450,-45.569170,America/Nuuk
BGAQ,heliport,GL,60.148357,-44.286916,America/Nuuk
BGAS,heliport,GL,60.597376,-45.382445,America/Nuuk
BGAT,heliport,GL,67.940663,-53.621870,America/Nuuk
BGBW,heliport,GL,61.159580,-45.424690,America/Nuuk
BGCH,heliport,GL,68.822816,-51.173447,America/Nuuk
BGCO,medium_airport,GL,70.743103,-22.650499,America/Scoresbysund
BGET,heliport,GL,60.619720,-45.914062,America/Nuuk
BGFD,heliport,GL,60.004694,-44.656935,America/Nuuk
BGGD,heliport,GL,61.228960,-48.096980,America/Nuuk
BGGH,large_airport,GL,64.191066,-51.679140,America/Nuuk
BGGN,heliport,GL,69.251182,-53.514876,America/Nuuk
BGIA,heliport,GL,70.498145,-51.303084,America/Nuuk
BGIG,heliport,GL,68.145830,-53.169160,America/Nuuk
BGIK,heliport,GL,68.140881,-53.441459,America/Nuuk
BGIL,heliport,GL,69.080915,-51.114315,America/Nuuk
BGIN,heliport,GL,73.199895,-56.010817,America/Nuuk
BGIS,heliport,GL,65.547792,-38.976552,America/Nuuk
BGIT,heliport,GL,68.634253,-51.832262,America/Nuuk
BGJH,closed,GL,60.715684,-46.029919,America/Nuuk
BGJN,medium_airport,GL,69.243202,-51.057098,America/Nuuk
BGKA,heliport,GL,68.312657,-53.460208,America/Nuuk
BGKK,medium_airport,GL,65.573601,-37.123600,America/Nuuk
BGKL,heliport,GL,72.152743,-55.530986,America/Nuuk
BGKM,heliport,GL,65.863935,-36.997919,America/Nuuk
BGKS,heliport,GL,72.381092,-55.536586,America/Nuuk
BGKT,heliport,GL,68.857926,-53.123295,America/Nuuk
BGLL,heliport,GL,71.241944,-53.562877,America/Nuuk
BGMQ,small_airport,GL,65.412498,-52.939400,America/Nuuk
BGNK,heliport,GL,68.236381,-52.852148,America/Nuuk
BGNN,heliport,GL,60.141884,-45.232977,America/Nuuk
BGNQ,heliport,GL,71.538769,-53.205038,America/Nuuk
BGNS,heliport,GL,60.917283,-46.059923,America/Nuuk
BGNT,heliport,GL,70.789385,-53.662945,America/Nuuk
BGPT,small_airport,GL,62.014736,-49.670937,America/Nuuk
BGQE,heliport,GL,69.995861,-51.300917,America/Nuuk
BGQQ,medium_airport,GL,77.488602,-69.388702,America/Thule
BGQT,heliport,GL,60.780959,-47.156249,America/Nuuk
BGSC,heliport,GL,70.488229,-21.971680,America/Scoresbysund
BGSF,medium_airport,GL,67.010446,-50.715294,America/Nuuk
BGSG,heliport,GL,65.905920,-36.378254,America/Nuuk
BGSI,heliport,GL,77.786517,-70.638657,America/Thule
BGSO,heliport,GL,60.537778,-46.024722,America/Nuuk
BGSQ,heliport,GL,70.011448,-51.932142,America/Nuuk
BGSS,medium_airport,GL,66.951302,-53.729301,America/Nuuk
BGST,heliport,GL,70.811172,-51.631290,America/Nuuk
BGSV,heliport,GL,76.018613,-65.117683,America/Thule
BGTA,heliport,GL,73.373055,-56.060280,America/Nuuk
BGTL,medium_airport,GL,76.530630,-68.700541,America/Thule
BGTN,heliport,GL,65.892027,-37.783409,America/Nuuk
BGTQ,heliport,GL,60.194305,-44.813447,America/Nuuk
BGUK,small_airport,GL,72.790199,-56.130600,America/Nuuk
BGUM,heliport,GL,70.680428,-52.111630,America/Nuuk
BGUQ,small_airport,GL,70.734200,-52.696201,America/Nuuk
BGUT,heliport,GL,71.049438,-51.890016,America/Nuuk
BIAR,large_airport,IS,65.656573,-18.072018,Atlantic/Reykjavik
BIBD,medium_airport,IS,65.641296,-23.546200,Atlantic/Reykjavik
BIEG,medium_airport,IS,65.283302,-14.401400,Atlantic/Reykjavik
BIGR,medium_airport,IS,66.545800,-18.017300,Atlantic/Reykjavik
BIHN,medium_airport,IS,64.295601,-15.227200,Atlantic/Reykjavik
BIHU,medium_airport,IS,65.952301,-17.426001,Atlantic/Reykjavik
BIIS,medium_airport,IS,66.058098,-23.135300,Atlantic/Reykjavik
BIKF,large_airport,IS,63.985001,-22.605600,Atlantic/Reykjavik
BIRK,medium_airport,IS,64.128732,-21.937590,Atlantic/Reykjavik
BIRL,medium_airport,IS,65.655800,-16.918100,Atlantic/Reykjavik
BISI,medium_airport,IS,66.137847,-18.908157,Atlantic/Reykjavik
BITN,small_airport,IS,66.218459,-15.334739,Atlantic/Reykjavik
BIVM,medium_airport,IS,63.424301,-20.278900,Atlantic/Reykjavik
BIVO,medium_airport,IS,65.720596,-14.850600,Atlantic/Reykjavik
BJT,seaplane_base,LK,6.431000,79.996000,Asia/Colombo
BKPR,large_airport,XK,42.572800,21.035801,Europe/Belgrade
BR-0263,small_airport,BR,-6.882700,-38.615830,America/Fortaleza
BR-0318,heliport,BR,-25.274270,-54.067369,America/Sao_Paulo
BR-0352,heliport,BR,-22.738425,-45.540062,America/Sao_Paulo
BR-0467,heliport,BR,-27.614324,-48.528333,America/Sao_Paulo
BR-0569,medium_airport,BR,-14.907885,-40.914804,America/Bahia
BR-0925,small_airport,BR,-13.240032,-39.759292,America/Bahia
BR-2182,medium_airport,BR,-4.947270,-38.008202,America/Fortaleza
BR-3221,heliport,BR,-20.207646,-40.234916,America/Sao_Paulo
BS-NSB,seaplane_base,BS,25.767000,-79.250000,America/Nassau
BTZ,medium_airport,TH,5.790000,101.150000,Asia/Bangkok
BY-0001,medium_airport,BY,54.439999,30.296700,Europe/Minsk
BY-0006,medium_airport,BY,52.556999,24.884001,Europe/Minsk
BZ-BGK,small_airport,BZ,16.519369,-88.407913,America/Belize
BZ-CUK,medium_airport,BZ,17.735015,-88.032862,America/Belize
BZ-CYC,medium_airport,BZ,17.683792,-88.044985,America/Belize
BZ-CZH,medium_airport,BZ,18.382200,-88.411903,America/Belize
BZ-DGA,medium_airport,BZ,16.982510,-88.230988,America/Belize
BZ-INB,small_airport,BZ,16.534560,-88.441615,America/Belize
BZ-ORZ,small_airport,BZ,18.046767,-88.583858,America/Belize
BZ-PND,small_airport,BZ,16.102400,-88.808296,America/Belize
BZ-SJX,medium_airport,BZ,18.356100,-88.130798,America/Belize
BZ-SPR,medium_airport,BZ,17.913900,-87.971100,America/Belize
BZ-TZA,medium_airport,BZ,17.517239,-88.195775,America/Belize
BZB,medium_airport,MZ,-21.541100,35.472900,Africa/Maputo
CA-0732,seaplane_base,CA,49.490620,-123.752120,America/Vancouver
CA-0923,seaplane_base,CA,48.892250,-123.392150,America/Vancouver
CAA7,seaplane_base,CA,50.766701,-126.483002,America/Vancouver
CAB3,seaplane_base,CA,48.750000,-123.233002,America/Vancouver
CAB4,seaplane_base,CA,49.155000,-125.910000,America/Vancouver
CAC8,seaplane_base,CA,49.169813,-123.933845,America/Vancouver
CAD4,small_airport,CA,49.055599,-117.609001,America/Vancouver
CAE3,seaplane_base,CA,50.049999,-125.250000,America/Vancouver
CAE5,seaplane_base,CA,50.143600,-122.948997,America/Vancouver
CAE9,seaplane_base,CA,48.835967,-125.137453,America/Vancouver
CAF6,seaplane_base,CA,50.392300,-125.137200,America/Vancouver
CAJ4,medium_airport,CA,52.451501,-125.303776,America/Vancouver
CAJ8,seaplane_base,CA,49.209215,-122.709646,America/Vancouver
CAJ9,small_airport,CA,57.427857,-125.648189,America/Vancouver
CAM9,seaplane_base,CA,49.177047,-123.168154,America/Vancouver
CAN3,seaplane_base,CA,48.950003,-125.550005,America/Vancouver
CAP5,seaplane_base,CA,48.653892,-123.450451,America/Vancouver
CAP8,seaplane_base,CA,48.812000,-123.321000,America/Vancouver
CAQ8,seaplane_base,CA,49.887335,-124.533720,America/Vancouver
CAT4,medium_airport,CA,49.337456,-124.393086,America/Vancouver
CAT5,small_airport,CA,50.573480,-127.027702,America/Vancouver
CAV5,seaplane_base,CA,50.885359,-126.831069,America/Vancouver
CAW7,seaplane_base,CA,48.852241,-123.301982,America/Vancouver
CAX3,seaplane_base,CA,49.483000,-123.757700,America/Vancouver
CAX6,seaplane_base,CA,48.854500,-123.496900,America/Vancouver
CAX7,seaplane_base,CA,50.608299,-126.306038,America/Vancouver
CAZ5,medium_airport,CA,50.775258,-121.321314,America/Vancouver
CBA9,small_airport,CA,56.271002,-124.063282,America/Vancouver
CBBC,medium_airport,CA,52.185001,-128.156994,America/Vancouver
CBC7,heliport,CA,49.286892,-123.106112,America/Vancouver
CBF7,heliport,CA,48.418098,-123.388000,America/Vancouver
CBN9,small_airport,CA,56.906101,-124.964996,America/Vancouver
CCA6,small_airport,CA,52.567377,-55.784883,America/St_Johns
CCD4,small_airport,CA,54.910500,-59.785070,America/Goose_Bay
CCE4,small_airport,CA,53.469836,-55.787501,America/St_Johns
CCH4,small_airport,CA,52.765774,-56.112370,America/St_Johns
CCK4,small_airport,CA,52.372799,-55.673901,America/St_Johns
CCP4,small_airport,CA,52.528099,-56.286098,America/St_Johns
CCR6,heliport,CA,50.041349,-125.268570,America/Vancouver
CCX6,seaplane_base,CA,49.670601,-124.932999,America/Vancouver
CCZ2,small_airport,CA,54.179699,-58.457500,America/Goose_Bay
CDH5,heliport,CA,49.160814,-123.923217,America/Vancouver
CEM3,small_airport,CA,63.131699,-117.246002,America/Edmonton
CGA,seaplane_base,US,55.478802,-133.147995,America/Sitka
CJB6,small_airport,CA,54.780469,-93.718228,America/Winnipeg
CJV7,small_airport,CA,52.708599,-88.541901,America/Toronto
CJX,small_airport,US,61.870315,-158.137636,America/Anchorage
CKB6,small_airport,CA,53.849201,-89.579399,America/Winnipeg
CKD9,small_airport,CA,51.130001,-91.665604,America/Winnipeg
CKL3,small_airport,CA,52.893902,-89.289200,America/Winnipeg
CKQ3,small_airport,CA,52.490002,-92.971100,America/Winnipeg
CKX,small_airport,US,64.066495,-141.951342,America/Anchorage
CN-0003,medium_airport,CN,39.669998,121.765999,Asia/Shanghai
CN-0004,medium_airport,CN,39.450901,122.017998,Asia/Shanghai
CN-0006,medium_airport,CN,40.149166,116.321388,Asia/Shanghai
CN-0007,medium_airport,CN,39.811111,116.708336,Asia/Shanghai
CN-0013,medium_airport,CN,41.260799,116.617996,Asia/Shanghai
CN-0014,medium_airport,CN,40.737015,111.229749,Asia/Shanghai
CN-0015,medium_airport,CN,39.717499,113.142998,Asia/Shanghai
CN-0016,medium_airport,CN,39.757801,116.125999,Asia/Shanghai
CN-0018,medium_airport,CN,38.781101,117.068001,Asia/Shanghai
CN-0020,medium_airport,CN,37.407799,111.966003,Asia/Shanghai
CN-0021,medium_airport,CN,39.373299,117.095001,Asia/Shanghai
CN-0022,medium_airport,CN,40.503101,116.108002,Asia/Shanghai
CN-0025,medium_airport,CN,40.102501,117.887001,Asia/Shanghai
CN-0026,medium_airport,CN,30.705299,103.949997,Asia/Shanghai
CN-0030,medium_airport,CN,29.495300,106.359001,Asia/Shanghai
CN-0041,medium_airport,CN,24.988192,103.642833,Asia/Shanghai
CN-0043,medium_airport,CN,23.395300,103.334000,Asia/Shanghai
CN-0045,medium_airport,CN,30.490990,103.466139,Asia/Shanghai
CN-0048,medium_airport,CN,23.715599,103.827003,Asia/Shanghai
CN-0049,medium_airport,CN,25.445299,100.735001,Asia/Shanghai
CN-0053,medium_airport,CN,22.120481,107.125046,Asia/Shanghai
CN-0055,medium_airport,CN,28.068522,112.957306,Asia/Shanghai
CN-0056,medium_airport,CN,30.798599,111.809998,Asia/Shanghai
CN-0057,medium_airport,CN,18.692200,109.161003,Asia/Shanghai
CN-0062,medium_airport,CN,31.738420,106.644872,Asia/Shanghai
CN-0063,medium_airport,CN,23.330799,110.009003,Asia/Shanghai
CN-0069,medium_airport,CN,19.697201,109.725998,Asia/Shanghai
CN-0071,medium_airport,CN,26.587200,112.891998,Asia/Shanghai
CN-0072,medium_airport,CN,18.494400,109.987999,Asia/Shanghai
CN-0074,medium_airport,CN,34.449507,115.459261,Asia/Shanghai
CN-0076,medium_airport,CN,34.861250,113.729631,Asia/Shanghai
CN-0079,medium_airport,CN,24.978600,113.420998,Asia/Shanghai
CN-0080,medium_airport,CN,21.395800,110.199997,Asia/Shanghai
CN-0081,medium_airport,CN,26.856899,114.737000,Asia/Shanghai
CN-0083,medium_airport,CN,36.000428,117.625833,Asia/Shanghai
CN-0085,medium_airport,CN,30.953590,113.911774,Asia/Shanghai
CN-0090,medium_airport,CN,38.403025,116.930924,Asia/Shanghai
CN-0092,medium_airport,CN,36.331163,120.025538,Asia/Shanghai
CN-0094,medium_airport,CN,37.491153,116.116726,Asia/Shanghai
CN-0095,medium_airport,CN,34.753899,114.338997,Asia/Shanghai
CN-0096,medium_airport,CN,36.963600,120.591003,Asia/Shanghai
CN-0097,medium_airport,CN,33.685434,112.890530,Asia/Shanghai
CN-0106,medium_airport,CN,34.229285,117.245665,Asia/Shanghai
CN-0111,medium_airport,CN,36.027468,119.437780,Asia/Shanghai
CN-0114,medium_airport,CN,34.531250,107.470679,Asia/Shanghai
CN-0117,medium_airport,CN,36.336700,100.480003,Asia/Shanghai
CN-0121,medium_airport,CN,40.499790,120.659295,Asia/Shanghai
CN-0122,heliport,CN,26.123997,119.113890,Asia/Shanghai
CN-0123,medium_airport,CN,35.917801,104.218002,Asia/Shanghai
CN-0125,medium_airport,CN,35.308300,103.835999,Asia/Shanghai
CN-0127,medium_airport,CN,39.554699,98.884201,Asia/Shanghai
CN-0132,medium_airport,CN,43.466593,87.531177,Asia/Urumqi
CN-0133,medium_airport,CN,42.180621,87.186784,Asia/Urumqi
CN-0134,medium_airport,CN,34.275907,108.265800,Asia/Shanghai
CN-0135,medium_airport,CN,43.951175,87.079232,Asia/Urumqi
CN-0136,medium_airport,CN,37.988300,102.567001,Asia/Shanghai
CN-0137,medium_airport,CN,34.153059,108.599739,Asia/Shanghai
CN-0138,medium_airport,CN,25.548300,114.619003,Asia/Shanghai
CN-0139,medium_airport,CN,43.077202,92.808098,Asia/Urumqi
CN-0140,medium_airport,CN,34.642248,109.241867,Asia/Shanghai
CN-0146,medium_airport,CN,30.287581,122.144401,Asia/Shanghai
CN-0147,medium_airport,CN,31.909401,117.658997,Asia/Shanghai
CN-0149,medium_airport,CN,26.003857,119.312832,Asia/Shanghai
CN-0152,medium_airport,CN,25.026100,118.806999,Asia/Shanghai
CN-0153,medium_airport,CN,30.335300,120.240997,Asia/Shanghai
CN-0154,medium_airport,CN,30.698056,120.663056,Asia/Shanghai
CN-0158,medium_airport,CN,25.572800,119.459999,Asia/Shanghai
CN-0163,medium_airport,CN,28.421205,115.923375,Asia/Shanghai
CN-0165,medium_airport,CN,29.922800,121.573997,Asia/Shanghai
CN-0169,medium_airport,CN,31.324438,121.409508,Asia/Shanghai
CN-0178,medium_airport,CN,30.255210,114.062805,Asia/Shanghai
CN-0182,medium_airport,CN,28.023283,115.549649,Asia/Shanghai
CN-0185,medium_airport,CN,43.906591,125.197005,Asia/Shanghai
CN-0188,medium_airport,CN,39.482845,116.372295,Asia/Shanghai
CN-0190,medium_airport,CN,40.401402,99.789398,Asia/Shanghai
CN-0191,medium_airport,CN,42.078899,121.662003,Asia/Shanghai
CN-0192,medium_airport,CN,43.526293,124.784660,Asia/Shanghai
CN-0197,medium_airport,CN,42.525934,123.984683,Asia/Shanghai
CN-0198,medium_airport,CN,45.259457,126.893536,Asia/Shanghai
CN-0201,medium_airport,CN,40.900409,118.677878,Asia/Shanghai
CN-0204,medium_airport,CN,41.870800,123.439003,Asia/Shanghai
CN-0206,medium_airport,CN,41.822498,123.299004,Asia/Shanghai
CN-0208,medium_airport,CN,43.156898,124.292000,Asia/Shanghai
CN-0209,medium_airport,CN,40.298992,120.361520,Asia/Shanghai
CN-0210,medium_airport,CN,38.912201,121.238998,Asia/Shanghai
CN-0236,medium_airport,CN,28.604567,86.798000,Asia/Shanghai
CN-0237,medium_airport,CN,37.661333,75.288877,Asia/Urumqi
CN-0249,medium_airport,CN,29.438627,103.749218,Asia/Shanghai
CN-0253,medium_airport,CN,29.360905,119.180829,Asia/Shanghai
CN-0290,medium_airport,CN,18.287540,109.463720,Asia/Shanghai
CN-0316,medium_airport,CN,31.215334,120.789328,Asia/Shanghai
CN-0321,medium_airport,CN,30.797725,119.590287,Asia/Shanghai
CN-0331,medium_airport,CN,26.998380,107.759041,Asia/Shanghai
CN-0344,medium_airport,CN,30.673944,114.630890,Asia/Shanghai
CN-0345,medium_airport,CN,30.087612,114.313660,Asia/Shanghai
CN-0354,medium_airport,CN,30.397898,81.133170,Asia/Shanghai
CN-0359,small_airport,CN,43.088477,81.223013,Asia/Urumqi
CN-0396,medium_airport,CN,27.223500,111.674100,Asia/Shanghai
CN-0401,medium_airport,CN,27.987589,112.604971,Asia/Shanghai
CN-0415,small_airport,CN,42.976395,83.995543,Asia/Urumqi
CN-0417,small_airport,CN,44.166086,89.550140,Asia/Urumqi
CN-0418,medium_airport,CN,40.480965,111.575174,Asia/Shanghai
CN-0421,medium_airport,CN,27.205843,103.691511,Asia/Shanghai
CN-0446,closed,CN,35.292778,116.346667,Asia/Shanghai
CN-0476,medium_airport,CN,33.166292,117.058344,Asia/Shanghai
CN-0481,medium_airport,CN,39.958592,116.256765,Asia/Shanghai
CN-0501,medium_airport,CN,35.329133,110.382900,Asia/Shanghai
CN-JNZ,medium_airport,CN,39.289671,121.762195,Asia/Shanghai
CNC3,medium_airport,CA,43.760300,-79.875000,America/Toronto
CNE3,small_airport,CA,53.965599,-91.027199,America/Winnipeg
CNH2,small_airport,CA,55.913898,-61.184399,America/Goose_Bay
CNM5,small_airport,CA,53.012501,-89.855301,America/Winnipeg
CO-LCR,small_airport,CO,-1.456361,-72.801086,America/Bogota
CPV8,small_airport,CA,52.991100,-92.836403,America/Winnipeg
CPW9,seaplane_base,CA,49.231899,-124.815002,America/Vancouver
CRHA,small_airport,CA,53.822569,-126.172957,America/Vancouver
CSU2,small_airport,CA,53.805599,-78.916901,America/Toronto
CTB6,small_airport,CA,50.674400,-59.383598,America/Blanc-Sablon
CTT5,small_airport,CA,50.259553,-60.674357,America/Blanc-Sablon
CTU5,small_airport,CA,50.830799,-58.975601,America/Blanc-Sablon
CU-0115,medium_airport,CU,20.786418,-76.318513,America/Havana
CYAB,small_airport,CA,73.006101,-85.046160,America/Rankin_Inlet
CYAC,small_airport,CA,51.727200,-91.824402,America/Winnipeg
CYAG,medium_airport,CA,48.655749,-93.443490,America/Winnipeg
CYAH,medium_airport,CA,53.754700,-73.675301,America/Toronto
CYAL,small_airport,CA,50.582199,-126.916000,America/Vancouver
CYAM,medium_airport,CA,46.483216,-84.508467,America/Toronto
CYAQ,medium_airport,CA,53.524700,-88.642799,America/Winnipeg
CYAS,small_airport,CA,60.027199,-69.999199,America/Toronto
CYAT,small_airport,CA,52.927502,-82.431900,America/Toronto
CYAV,medium_airport,CA,50.056400,-97.032501,America/Winnipeg
CYAX,medium_airport,CA,50.294399,-96.010002,America/Winnipeg
CYAY,medium_airport,CA,51.391909,-56.083210,America/St_Johns
CYAZ,medium_airport,CA,49.079833,-125.775583,America/Vancouver
CYBB,small_airport,CA,68.535711,-89.805508,America/Cambridge_Bay
CYBC,medium_airport,CA,49.132500,-68.204399,America/Toronto
CYBD,medium_airport,CA,52.387501,-126.596001,America/Vancouver
CYBE,small_airport,CA,59.561401,-108.481003,America/Regina
CYBF,medium_airport,CA,54.304199,-110.744003,America/Edmonton
CYBG,medium_airport,CA,48.330123,-70.992012,America/Toronto
CYBK,medium_airport,CA,64.298897,-96.077797,America/Rankin_Inlet
CYBL,medium_airport,CA,49.950802,-125.271004,America/Vancouver
CYBQ,small_airport,CA,58.706308,-98.511057,America/Winnipeg
CYBR,medium_airport,CA,49.910000,-99.951897,America/Winnipeg
CYBT,small_airport,CA,57.889400,-101.679001,America/Winnipeg
CYBU,medium_airport,CA,53.332500,-104.008003,America/Regina
CYBV,small_airport,CA,52.358898,-97.018303,America/Winnipeg
CYBW,medium_airport,CA,51.103982,-114.369378,America/Edmonton
CYBX,medium_airport,CA,51.443600,-57.185299,America/Blanc-Sablon
CYCA,small_airport,CA,53.682501,-57.042303,America/Goose_Bay
CYCB,medium_airport,CA,69.108101,-105.138000,America/Cambridge_Bay
CYCC,medium_airport,CA,45.092637,-74.567724,America/Toronto
CYCD,medium_airport,CA,49.054970,-123.869863,America/Vancouver
CYCE,medium_airport,CA,43.285599,-81.508301,America/Toronto
CYCG,medium_airport,CA,49.296398,-117.632004,America/Vancouver
CYCH,medium_airport,CA,47.007801,-65.449203,America/Moncton
CYCL,medium_airport,CA,47.990799,-66.330299,America/Moncton
CYCN,medium_airport,CA,49.105598,-81.013603,America/Toronto
CYCO,small_airport,CA,67.816408,-115.143070,America/Cambridge_Bay
CYCP,medium_airport,CA,52.116699,-119.282997,America/Vancouver
CYCQ,medium_airport,CA,55.687199,-121.626999,America/Dawson_Creek
CYCR,small_airport,CA,54.609758,-97.762442,America/Winnipeg
CYCS,small_airport,CA,63.346901,-90.731102,America/Rankin_Inlet
CYCY,small_airport,CA,70.486099,-68.516701,America/Iqaluit
CYDA,medium_airport,CA,64.043098,-139.128006,America/Dawson
CYDB,medium_airport,CA,61.371101,-139.041000,America/Dawson
CYDF,medium_airport,CA,49.208159,-57.396147,America/St_Johns
CYDL,small_airport,CA,58.422199,-130.031998,America/Vancouver
CYDM,medium_airport,CA,61.970600,-132.423004,America/Whitehorse
CYDN,medium_airport,CA,51.100800,-100.052002,America/Winnipeg
CYDO,medium_airport,CA,48.778500,-72.375000,America/Toronto
CYDP,small_airport,CA,56.550778,-61.682224,America/Goose_Bay
CYDQ,medium_airport,CA,55.741245,-120.183263,America/Dawson_Creek
CYEE,medium_airport,CA,44.683300,-79.928299,America/Toronto
CYEG,large_airport,CA,53.309700,-113.580002,America/Edmonton
CYEK,small_airport,CA,61.094200,-94.070801,America/Rankin_Inlet
CYEL,medium_airport,CA,46.351398,-82.561401,America/Toronto
CYEM,medium_airport,CA,45.842435,-81.857595,America/Toronto
CYEN,medium_airport,CA,49.210300,-102.966003,America/Regina
CYER,small_airport,CA,56.018902,-87.676102,America/Toronto
CYET,medium_airport,CA,53.578899,-116.464996,America/Edmonton
CYEV,medium_airport,CA,68.304199,-133.483002,America/Inuvik
CYEY,medium_airport,CA,48.563903,-78.249702,America/Toronto
CYFA,small_airport,CA,52.203451,-81.695194,America/Toronto
CYFB,medium_airport,CA,63.756402,-68.555801,America/Iqaluit
CYFC,medium_airport,CA,45.868697,-66.529891,America/Moncton
CYFD,medium_airport,CA,43.131401,-80.342499,America/Toronto
CYFE,medium_airport,CA,48.746101,-69.097198,America/Toronto
CYFH,small_airport,CA,51.561901,-87.907799,America/Toronto
CYFJ,medium_airport,CA,46.409401,-74.779999,America/Toronto
CYFO,small_airport,CA,54.678101,-101.681999,America/Winnipeg
CYFR,medium_airport,CA,61.180801,-113.690002,America/Edmonton
CYFS,medium_airport,CA,61.760201,-121.237000,America/Inuvik
CYFT,small_airport,CA,55.077335,-59.187942,America/Goose_Bay
CYGD,medium_airport,CA,43.766899,-81.710602,America/Toronto
CYGE,medium_airport,CA,51.299196,-116.982002,America/Edmonton
CYGH,small_airport,CA,66.240658,-128.647757,America/Inuvik
CYGK,medium_airport,CA,44.225300,-76.596901,America/Toronto
CYGL,medium_airport,CA,53.625301,-77.704201,America/Toronto
CYGM,medium_airport,CA,50.628101,-97.043297,America/Winnipeg
CYGO,small_airport,CA,54.557680,-94.490061,America/Winnipeg
CYGP,medium_airport,CA,48.774915,-64.481893,America/Toronto
CYGQ,medium_airport,CA,49.778301,-86.939400,America/Toronto
CYGR,medium_airport,CA,47.425242,-61.778612,America/Halifax
CYGT,small_airport,CA,69.364700,-81.816101,America/Iqaluit
CYGV,medium_airport,CA,50.281898,-63.611401,America/Toronto
CYGW,medium_airport,CA,55.281898,-77.765297,America/Toronto
CYGX,small_airport,CA,56.357120,-94.711504,America/Winnipeg
CYGZ,small_airport,CA,76.425823,-82.908583,America/Iqaluit
CYHA,small_airport,CA,61.046398,-69.617798,America/Toronto
CYHC,seaplane_base,CA,49.290739,-123.118541,America/Vancouver
CYHD,medium_airport,CA,49.831699,-92.744202,America/Winnipeg
CYHF,medium_airport,CA,49.714199,-83.686096,America/Toronto
CYHH,small_airport,CA,51.691101,-76.135597,America/Toronto
CYHI,small_airport,CA,70.762802,-117.806000,America/Edmonton
CYHK,small_airport,CA,68.635597,-95.849701,America/Cambridge_Bay
CYHM,medium_airport,CA,43.173480,-79.931185,America/Toronto
CYHN,medium_airport,CA,49.193100,-84.758904,America/Toronto
CYHO,small_airport,CA,55.448757,-60.228124,America/Goose_Bay
CYHP,small_airport,CA,52.113300,-94.255600,America/Winnipeg
CYHR,small_airport,CA,50.468322,-59.637823,America/Blanc-Sablon
CYHT,medium_airport,CA,60.789200,-137.546005,America/Whitehorse
CYHU,medium_airport,CA,45.517502,-73.416901,America/Toronto
CYHY,medium_airport,CA,60.839699,-115.782997,America/Edmonton
CYHZ,large_airport,CA,44.880798,-63.508598,America/Halifax
CYIB,medium_airport,CA,48.773899,-91.638603,America/Atikokan
CYID,medium_airport,CA,44.545845,-65.785425,America/Halifax
CYIF,medium_airport,CA,51.211700,-58.658298,America/Blanc-Sablon
CYIK,small_airport,CA,62.417301,-77.925301,America/Toronto
CYIO,small_airport,CA,72.689494,-77.968941,America/Iqaluit
CYIV,medium_airport,CA,53.857201,-94.653603,America/Winnipeg
CYJF,medium_airport,CA,60.235802,-123.469002,America/Inuvik
CYJN,medium_airport,CA,45.294399,-73.281097,America/Toronto
CYJT,medium_airport,CA,48.543390,-58.552892,America/St_Johns
CYKA,medium_airport,CA,50.703038,-120.448641,America/Vancouver
CYKD,small_airport,CA,68.223297,-135.005990,America/Inuvik
CYKF,medium_airport,CA,43.460800,-80.378601,America/Toronto
CYKG,small_airport,CA,61.588600,-71.929398,America/Toronto
CYKJ,medium_airport,CA,57.256100,-105.617996,America/Regina
CYKL,medium_airport,CA,54.805302,-66.805298,America/Toronto
CYKM,medium_airport,CA,44.201401,-81.606697,America/Toronto
CYKO,small_airport,CA,60.818600,-78.148598,America/Toronto
CYKP,small_airport,CA,51.658600,-85.901703,America/Toronto
CYKQ,small_airport,CA,51.473301,-78.758301,America/Toronto
CYKX,medium_airport,CA,48.210300,-79.981400,America/Toronto
CYKY,medium_airport,CA,51.517502,-109.181000,America/Swift_Current
CYLA,small_airport,CA,59.296700,-69.599701,America/Toronto
CYLC,small_airport,CA,62.848253,-69.877853,America/Iqaluit
CYLD,medium_airport,CA,47.820000,-83.346703,America/Toronto
CYLH,small_airport,CA,52.195599,-87.934196,America/Toronto
CYLJ,medium_airport,CA,54.125301,-108.523003,America/Swift_Current
CYLK,small_airport,CA,62.417823,-110.682793,America/Edmonton
CYLL,medium_airport,CA,53.309200,-110.072998,America/Edmonton
CYLR,medium_airport,CA,56.513302,-99.985298,America/Winnipeg
CYLS,medium_airport,CA,44.485056,-79.554663,America/Toronto
CYLT,medium_airport,CA,82.517263,-62.283037,America/Iqaluit
CYLU,small_airport,CA,58.711399,-65.992798,America/Toronto
CYLW,large_airport,CA,49.956100,-119.377998,America/Vancouver
CYM,seaplane_base,US,57.514900,-134.945999,America/Sitka
CYMA,medium_airport,CA,63.616402,-135.867996,America/Whitehorse
CYME,medium_airport,CA,48.856899,-67.453300,America/Toronto
CYMG,medium_airport,CA,49.083900,-85.860603,America/Toronto
CYMH,small_airport,CA,52.302837,-55.847433,America/St_Johns
CYMJ,medium_airport,CA,50.330299,-105.558998,America/Regina
CYML,medium_airport,CA,47.597500,-70.223900,America/Toronto
CYMM,medium_airport,CA,56.653301,-111.222000,America/Edmonton
CYMO,medium_airport,CA,51.291100,-80.607803,America/Toronto
CYMT,medium_airport,CA,49.771900,-74.528099,America/Toronto
CYMU,small_airport,CA,56.536098,-76.518303,America/Toronto
CYMX,medium_airport,CA,45.679501,-74.038696,America/Toronto
CYNA,medium_airport,CA,50.190114,-61.788980,America/Blanc-Sablon
CYNC,small_airport,CA,53.010601,-78.831100,America/Toronto
CYND,medium_airport,CA,45.521702,-75.563599,America/Toronto
CYNE,small_airport,CA,53.958302,-97.844200,America/Winnipeg
CYNJ,medium_airport,CA,49.100800,-122.630997,America/Vancouver
CYNL,medium_airport,CA,58.276699,-104.082001,America/Regina
CYNM,medium_airport,CA,49.761700,-77.802803,America/Toronto
CYNN,medium_airport,CA,59.487499,-97.780296,America/Winnipeg
CYOA,medium_airport,CA,64.698898,-110.614998,America/Edmonton
CYOC,small_airport,CA,67.570602,-139.839005,America/Dawson
CYOD,medium_airport,CA,54.404999,-110.278999,America/Edmonton
CYOH,small_airport,CA,54.933300,-95.278900,America/Winnipeg
CYOJ,medium_airport,CA,58.621399,-117.165001,America/Edmonton
CYOO,medium_airport,CA,43.922798,-78.894997,America/Toronto
CYOP,medium_airport,CA,58.491402,-119.407997,America/Edmonton
CYOS,medium_airport,CA,44.590302,-80.837502,America/Toronto
CYOW,large_airport,CA,45.322498,-75.669197,America/Toronto
CYPA,medium_airport,CA,53.214199,-105.672997,America/Regina
CYPC,small_airport,CA,69.360838,-124.075470,America/Inuvik
CYPD,medium_airport,CA,45.656700,-61.368099,America/Glace_Bay
CYPE,medium_airport,CA,56.226898,-117.446999,America/Edmonton
CYPG,medium_airport,CA,49.903099,-98.273817,America/Winnipeg
CYPH,small_airport,CA,58.471901,-78.076897,America/Toronto
CYPK,medium_airport,CA,49.214880,-122.709294,America/Vancouver
CYPL,medium_airport,CA,51.446400,-90.214203,America/Atikokan
CYPM,small_airport,CA,51.819698,-93.973297,America/Winnipeg
CYPN,medium_airport,CA,49.836399,-64.288597,America/Toronto
CYPO,small_airport,CA,54.987932,-85.442648,America/Toronto
CYPQ,medium_airport,CA,44.232251,-78.362053,America/Toronto
CYPR,medium_airport,CA,54.286098,-130.445007,America/Vancouver
CYPT,small_airport,CA,41.778033,-82.674222,America/Toronto
CYPW,medium_airport,CA,49.834202,-124.500000,America/Vancouver
CYPX,medium_airport,CA,60.050598,-77.286903,America/Toronto
CYPY,medium_airport,CA,58.767200,-111.116997,America/Edmonton
CYPZ,medium_airport,CA,54.376400,-125.950996,America/Vancouver
CYQA,medium_airport,CA,44.975376,-79.306546,America/Toronto
CYQB,large_airport,CA,46.791100,-71.393303,America/Toronto
CYQD,medium_airport,CA,53.971401,-101.091003,America/Winnipeg
CYQF,medium_airport,CA,52.182201,-113.893997,America/Edmonton
CYQG,medium_airport,CA,42.275600,-82.955597,America/Toronto
CYQH,medium_airport,CA,60.116839,-128.821993,America/Whitehorse
CYQI,medium_airport,CA,43.826900,-66.088097,America/Halifax
CYQK,medium_airport,CA,49.788300,-94.363098,America/Winnipeg
CYQL,medium_airport,CA,49.630299,-112.800003,America/Edmonton
CYQM,medium_airport,CA,46.113189,-64.677190,America/Moncton
CYQN,medium_airport,CA,50.182800,-86.696404,America/Toronto
CYQQ,medium_airport,CA,49.710800,-124.887001,America/Vancouver
CYQR,medium_airport,CA,50.431938,-104.660906,America/Regina
CYQS,medium_airport,CA,42.770000,-81.110802,America/Toronto
CYQT,medium_airport,CA,48.371899,-89.323898,America/Toronto
CYQU,medium_airport,CA,55.179699,-118.885002,America/Edmonton
CYQV,medium_airport,CA,51.264702,-102.461998,America/Regina
CYQW,medium_airport,CA,52.769409,-108.243742,America/Swift_Current
CYQX,medium_airport,CA,48.936258,-54.567719,America/St_Johns
CYQY,medium_airport,CA,46.161072,-60.049759,America/Glace_Bay
CYQZ,medium_airport,CA,53.026100,-122.510002,America/Vancouver
CYRA,small_airport,CA,64.116096,-117.309998,America/Edmonton
CYRB,medium_airport,CA,74.716904,-94.969398,America/Resolute
CYRI,medium_airport,CA,47.764400,-69.584702,America/Toronto
CYRJ,medium_airport,CA,48.519665,-72.265735,America/Toronto
CYRL,medium_airport,CA,51.066898,-93.793098,America/Winnipeg
CYRO,medium_airport,CA,45.460496,-75.644001,America/Toronto
CYRP,medium_airport,CA,45.319199,-76.022202,America/Toronto
CYRQ,medium_airport,CA,46.352798,-72.679398,America/Toronto
CYRS,small_airport,CA,54.167198,-93.557198,America/Winnipeg
CYRT,medium_airport,CA,62.811401,-92.115799,America/Rankin_Inlet
CYRV,medium_airport,CA,50.962245,-118.184258,America/Vancouver
CYSB,medium_airport,CA,46.625000,-80.798897,America/Toronto
CYSC,medium_airport,CA,45.438599,-71.691399,America/Toronto
CYSF,medium_airport,CA,59.250301,-105.841003,America/Regina
CYSG,medium_airport,CA,46.096401,-70.714699,America/Toronto
CYSH,medium_airport,CA,44.945801,-75.940598,America/Toronto
CYSJ,medium_airport,CA,45.316101,-65.890297,America/Moncton
CYSK,small_airport,CA,56.536891,-79.250221,America/Iqaluit
CYSL,medium_airport,CA,47.157097,-67.836242,America/Moncton
CYSM,medium_airport,CA,60.020302,-111.961998,America/Edmonton
CYSN,medium_airport,CA,43.191598,-79.171686,America/Toronto
CYSP,medium_airport,CA,48.755299,-86.344398,America/Toronto
CYSQ,small_airport,CA,59.578330,-133.668938,America/Vancouver
CYST,small_airport,CA,53.845261,-94.851966,America/Winnipeg
CYSU,medium_airport,CA,46.440601,-63.833599,America/Halifax
CYSY,small_airport,CA,71.993896,-125.242996,America/Inuvik
CYTA,medium_airport,CA,45.864399,-77.251701,America/Toronto
CYTE,small_airport,CA,64.230003,-76.526703,America/Iqaluit
CYTF,medium_airport,CA,48.508900,-71.641899,America/Toronto
CYTH,medium_airport,CA,55.801102,-97.864197,America/Winnipeg
CYTL,small_airport,CA,53.817799,-89.896896,America/Winnipeg
CYTQ,small_airport,CA,58.667801,-69.955803,America/Toronto
CYTR,medium_airport,CA,44.118900,-77.528099,America/Toronto
CYTS,medium_airport,CA,48.569698,-81.376701,America/Toronto
CYTZ,medium_airport,CA,43.627852,-79.395530,America/Toronto
CYUL,large_airport,CA,45.467837,-73.742294,America/Toronto
CYUT,small_airport,CA,66.521024,-86.225166,America/Rankin_Inlet
CYUX,medium_airport,CA,68.776100,-81.242500,America/Iqaluit
CYUY,medium_airport,CA,48.206100,-78.835602,America/Toronto
CYVB,medium_airport,CA,48.071098,-65.460297,America/Toronto
CYVC,medium_airport,CA,55.151402,-105.262001,America/Regina
CYVD,medium_airport,CA,49.878300,-100.917999,America/Winnipeg
CYVK,medium_airport,CA,50.246163,-119.330963,America/Vancouver
CYVL,small_airport,CA,67.020150,-126.128364,America/Inuvik
CYVM,small_airport,CA,67.546560,-64.031410,America/Iqaluit
CYVO,medium_airport,CA,48.053299,-77.782799,America/Toronto
CYVP,medium_airport,CA,58.096100,-68.426903,America/Toronto
CYVQ,medium_airport,CA,65.281601,-126.797997,America/Inuvik
CYVR,large_airport,CA,49.193901,-123.183998,America/Vancouver
CYVV,medium_airport,CA,44.745800,-81.107201,America/Toronto
CYVZ,small_airport,CA,52.655613,-94.061208,America/Winnipeg
CYWE,small_airport,CA,64.190804,-114.077002,America/Edmonton
CYWG,large_airport,CA,49.910000,-97.239899,America/Winnipeg
CYWH,seaplane_base,CA,48.423782,-123.371980,America/Vancouver
CYWJ,small_airport,CA,65.211098,-123.435997,America/Inuvik
CYWK,medium_airport,CA,52.921902,-66.864403,America/Goose_Bay
CYWL,medium_airport,CA,52.183102,-122.054001,America/Vancouver
CYWP,small_airport,CA,52.959393,-87.374868,America/Toronto
CYWY,medium_airport,CA,63.209400,-123.436996,America/Inuvik
CYXC,medium_airport,CA,49.610802,-115.781998,America/Edmonton
CYXE,large_airport,CA,52.170723,-106.700793,America/Regina
CYXH,medium_airport,CA,50.018902,-110.721001,America/Edmonton
CYXJ,medium_airport,CA,56.238098,-120.739998,America/Dawson_Creek
CYXK,medium_airport,CA,48.477644,-68.496323,America/Toronto
CYXL,medium_airport,CA,50.113899,-91.905296,America/Winnipeg
CYXN,small_airport,CA,62.240002,-92.598099,America/Rankin_Inlet
CYXP,small_airport,CA,66.144878,-65.713606,America/Iqaluit
CYXQ,medium_airport,CA,62.410301,-140.867004,America/Dawson
CYXR,medium_airport,CA,47.697401,-79.847345,America/Toronto
CYXS,medium_airport,CA,53.884311,-122.666554,America/Vancouver
CYXT,medium_airport,CA,54.468498,-128.576009,America/Vancouver
CYXU,medium_airport,CA,43.032845,-81.149003,America/Toronto
CYXX,medium_airport,CA,49.025299,-122.361000,America/Vancouver
CYXY,medium_airport,CA,60.708533,-135.065705,America/Whitehorse
CYXZ,medium_airport,CA,47.966702,-84.786697,America/Toronto
CYYB,medium_airport,CA,46.363602,-79.422798,America/Toronto
CYYC,large_airport,CA,51.118822,-114.009933,America/Edmonton
CYYD,medium_airport,CA,54.824699,-127.182999,America/Vancouver
CYYE,medium_airport,CA,58.836399,-122.597000,America/Fort_Nelson
CYYF,medium_airport,CA,49.463100,-119.601997,America/Vancouver
CYYG,medium_airport,CA,46.288911,-63.125174,America/Halifax
CYYH,small_airport,CA,69.546700,-93.576698,America/Cambridge_Bay
CYYJ,large_airport,CA,48.647201,-123.427792,America/Vancouver
CYYL,medium_airport,CA,56.863899,-101.075996,America/Winnipeg
CYYN,medium_airport,CA,50.291901,-107.691002,America/Swift_Current
CYYQ,medium_airport,CA,58.739201,-94.065002,America/Winnipeg
CYYR,medium_airport,CA,53.319199,-60.425800,America/Goose_Bay
CYYT,large_airport,CA,47.618599,-52.751900,America/St_Johns
CYYU,medium_airport,CA,49.411587,-82.469645,America/Toronto
CYYW,medium_airport,CA,50.290298,-88.909698,America/Toronto
CYYY,medium_airport,CA,48.608601,-68.208099,America/Toronto
CYYZ,large_airport,CA,43.675935,-79.629421,America/Toronto
CYZE,medium_airport,CA,45.885300,-82.567802,America/Toronto
CYZF,medium_airport,CA,62.462799,-114.440002,America/Edmonton
CYZG,small_airport,CA,62.179401,-75.667198,America/Toronto
CYZH,medium_airport,CA,55.292945,-114.777276,America/Edmonton
CYZP,medium_airport,CA,53.254299,-131.813995,America/Vancouver
CYZR,medium_airport,CA,42.999401,-82.308899,America/Toronto
CYZS,medium_airport,CA,64.193298,-83.359398,America/Atikokan
CYZT,medium_airport,CA,50.680599,-127.366997,America/Vancouver
CYZU,medium_airport,CA,54.143902,-115.787003,America/Edmonton
CYZV,medium_airport,CA,50.223301,-66.265602,America/Toronto
CYZW,medium_airport,CA,60.172798,-132.742996,America/Whitehorse
CYZX,medium_airport,CA,44.984402,-64.916901,America/Halifax
CYZY,medium_airport,CA,55.297786,-123.133907,America/Vancouver
CZ-0244,medium_airport,CZ,50.208430,14.925850,Europe/Prague
CZAM,medium_airport,CA,50.682802,-119.228996,America/Vancouver
CZBB,medium_airport,CA,49.074338,-123.006877,America/Vancouver
CZBD,small_airport,CA,56.051622,-95.618820,America/Winnipeg
CZBF,medium_airport,CA,47.629700,-65.738899,America/Moncton
CZBM,medium_airport,CA,45.290798,-72.741402,America/Toronto
CZEE,medium_airport,CA,56.037498,-96.509697,America/Winnipeg
CZEM,small_airport,CA,52.226398,-78.522499,America/Toronto
CZFA,medium_airport,CA,62.207500,-133.376007,America/Whitehorse
CZFD,small_airport,CA,59.334400,-107.181999,America/Regina
CZFG,small_airport,CA,55.749199,-101.265999,America/Winnipeg
CZFM,small_airport,CA,67.406993,-134.860182,America/Inuvik
CZFN,small_airport,CA,64.909496,-125.570297,America/Inuvik
CZGF,medium_airport,CA,49.015598,-118.431000,America/Vancouver
CZGI,small_airport,CA,54.839699,-94.078598,America/Winnipeg
CZJG,medium_airport,CA,54.518902,-98.046097,America/Winnipeg
CZJN,medium_airport,CA,52.120602,-101.236000,America/Winnipeg
CZKE,small_airport,CA,52.282501,-81.677803,America/Toronto
CZLQ,medium_airport,CA,55.318901,-97.707802,America/Winnipeg
CZMD,small_airport,CA,53.441399,-91.762802,America/Winnipeg
CZMN,medium_airport,CA,55.588902,-97.164200,America/Winnipeg
CZMT,medium_airport,CA,54.027500,-132.125000,America/Vancouver
CZPB,small_airport,CA,53.890885,-92.195935,America/Winnipeg
CZPC,medium_airport,CA,49.520429,-113.997002,America/Edmonton
CZRJ,small_airport,CA,52.943600,-91.312798,America/Winnipeg
CZSJ,medium_airport,CA,53.064201,-93.344398,America/Winnipeg
CZSN,small_airport,CA,56.792801,-98.907204,America/Winnipeg
CZST,medium_airport,CA,55.935410,-129.982435,America/Vancouver
CZTA,small_airport,CA,51.784568,-96.692305,America/Winnipeg
CZTM,small_airport,CA,55.863560,-92.081137,America/Winnipeg
CZUC,medium_airport,CA,49.428204,-91.720418,America/Winnipeg
CZUM,small_airport,CA,53.561901,-64.106400,America/Goose_Bay
CZWH,small_airport,CA,58.614279,-101.468954,America/Winnipeg
CZWL,small_airport,CA,58.106899,-103.171997,America/Regina
DAAB,medium_airport,DZ,36.503601,2.814170,Africa/Algiers
DAAD,medium_airport,DZ,35.332500,4.206390,Africa/Algiers
DAAE,large_airport,DZ,36.712547,5.069909,Africa/Algiers
DAAG,large_airport,DZ,36.693886,3.214531,Africa/Algiers
DAAJ,large_airport,DZ,24.285448,9.463652,Africa/Algiers
DAAK,medium_airport,DZ,36.545799,2.876110,Africa/Algiers
DAAP,medium_airport,DZ,26.723499,8.622650,Africa/Algiers
DAAS,medium_airport,DZ,36.178488,5.329909,Africa/Algiers
DAAT,large_airport,DZ,22.810992,5.450832,Africa/Algiers
DAAV,large_airport,DZ,36.794125,5.873652,Africa/Algiers
DAAY,medium_airport,DZ,33.535900,-0.242353,Africa/Algiers
DAAZ,medium_airport,DZ,35.752955,0.625877,Africa/Algiers
DABB,large_airport,DZ,36.826781,7.813340,Africa/Algiers
DABC,large_airport,DZ,36.276001,6.620390,Africa/Algiers
DABS,medium_airport,DZ,35.431599,8.120720,Africa/Algiers
DABT,large_airport,DZ,35.752102,6.308590,Africa/Algiers
DAFH,medium_airport,DZ,32.930401,3.311540,Africa/Algiers
DAOB,medium_airport,DZ,35.341099,1.463150,Africa/Algiers
DAOF,medium_airport,DZ,27.700399,-8.167100,Africa/Algiers
DAOI,large_airport,DZ,36.216614,1.341114,Africa/Algiers
DAOL,medium_airport,DZ,35.542400,-0.532278,Africa/Algiers
DAON,large_airport,DZ,35.012732,-1.457117,Africa/Algiers
DAOO,large_airport,DZ,35.620648,-0.622486,Africa/Algiers
DAOR,medium_airport,DZ,31.645700,-2.269860,Africa/Algiers
DAOV,medium_airport,DZ,35.207699,0.147142,Africa/Algiers
DATM,medium_airport,DZ,21.377800,0.926980,Africa/Algiers
DAUA,medium_airport,DZ,27.837601,-0.186414,Africa/Algiers
DAUB,large_airport,DZ,34.793180,5.738899,Africa/Algiers
DAUE,medium_airport,DZ,30.580732,2.861595,Africa/Algiers
DAUG,medium_airport,DZ,32.384102,3.794110,Africa/Algiers
DAUH,medium_airport,DZ,31.673000,6.140440,Africa/Algiers
DAUI,medium_airport,DZ,27.250999,2.512020,Africa/Algiers
DAUK,medium_airport,DZ,33.067799,6.088670,Africa/Algiers
DAUL,medium_airport,DZ,33.764400,2.928340,Africa/Algiers
DAUO,medium_airport,DZ,33.511398,6.776790,Africa/Algiers
DAUT,medium_airport,DZ,29.237101,0.276033,Africa/Algiers
DAUU,medium_airport,DZ,31.917200,5.412780,Africa/Algiers
DAUZ,medium_airport,DZ,28.051500,9.642910,Africa/Algiers
DBBB,large_airport,BJ,6.357230,2.384350,Africa/Porto-Novo
DEX,small_airport,ID,-4.855700,139.482006,Asia/Jayapura
DFFD,large_airport,BF,12.353200,-1.512420,Africa/Ouagadougou
DFOO,large_airport,BF,11.160100,-4.330970,Africa/Ouagadougou
DGAA,large_airport,GH,5.605190,-0.166786,Africa/Accra
DGAH,medium_airport,GH,6.579691,0.532547,Africa/Accra
DGLE,large_airport,GH,9.553909,-0.866060,Africa/Accra
DGSI,large_airport,GH,6.714560,-1.590820,Africa/Accra
DGSN,medium_airport,GH,7.361830,-2.328760,Africa/Accra
DGTK,medium_airport,GH,4.896060,-1.774760,Africa/Accra
DHB,seaplane_base,US,48.616667,-123.002778,America/Los_Angeles
DIAP,large_airport,CI,5.261390,-3.926290,Africa/Abidjan
DIBK,medium_airport,CI,7.738800,-5.073670,Africa/Abidjan
DIDL,medium_airport,CI,6.792810,-6.473190,Africa/Abidjan
DIKO,medium_airport,CI,9.387180,-5.556660,Africa/Abidjan
DIMN,medium_airport,CI,7.272070,-7.587360,Africa/Abidjan
DISP,medium_airport,CI,4.746720,-6.660820,Africa/Abidjan
DIYO,large_airport,CI,6.903170,-5.365580,Africa/Abidjan
DLR,small_airport,RU,45.879857,133.737629,Asia/Vladivostok
DM2,heliport,US,65.758367,-168.953676,America/Nome
DN57,medium_airport,NG,13.007800,7.660450,Africa/Lagos
DNAA,large_airport,NG,9.006790,7.263170,Africa/Lagos
DNAI,medium_airport,NG,4.872500,8.093000,Africa/Lagos
DNAK,medium_airport,NG,7.246740,5.301010,Africa/Lagos
DNAN,small_airport,NG,6.267167,6.871333,Africa/Lagos
DNAS,large_airport,NG,6.204167,6.665278,Africa/Lagos
DNBC,large_airport,NG,10.482833,9.744000,Africa/Lagos
DNBE,medium_airport,NG,6.316980,5.599500,Africa/Lagos
DNBY,medium_airport,NG,4.957590,6.203327,Africa/Lagos
DNCA,medium_airport,NG,4.976020,8.347200,Africa/Lagos
DNEN,large_airport,NG,6.473718,7.560463,Africa/Lagos
DNGO,medium_airport,NG,10.298889,10.900000,Africa/Lagos
DNGU,medium_airport,NG,12.172860,6.696136,Africa/Lagos
DNIB,medium_airport,NG,7.362460,3.978330,Africa/Lagos
DNIL,large_airport,NG,8.440210,4.493920,Africa/Lagos
DNIM,medium_airport,NG,5.427060,7.206030,Africa/Lagos
DNJO,medium_airport,NG,9.639830,8.869050,Africa/Lagos
DNKA,large_airport,NG,10.696000,7.320110,Africa/Lagos
DNKN,large_airport,NG,12.045613,8.523566,Africa/Lagos
DNMA,large_airport,NG,11.854163,13.080702,Africa/Lagos
DNMK,medium_airport,NG,7.703880,8.613940,Africa/Lagos
DNMM,large_airport,NG,6.577370,3.321160,Africa/Lagos
DNMN,medium_airport,NG,9.652170,6.462260,Africa/Lagos
DNPO,large_airport,NG,5.015490,6.949590,Africa/Lagos
DNSO,large_airport,NG,12.915729,5.207547,Africa/Lagos
DNSU,medium_airport,NG,5.598210,5.818700,Africa/Lagos
DNYO,medium_airport,NG,9.257550,12.430400,Africa/Lagos
DNZA,medium_airport,NG,11.130200,7.685810,Africa/Lagos
DPT,small_airport,RU,69.392503,139.890012,Asia/Vladivostok
DRRM,medium_airport,NE,13.502500,7.126750,Africa/Niamey
DRRN,large_airport,NE,13.481500,2.183610,Africa/Niamey
DRRT,medium_airport,NE,14.875700,5.265360,Africa/Niamey
DRZA,medium_airport,NE,16.966000,8.000110,Africa/Niamey
DRZR,medium_airport,NE,13.779000,8.983760,Africa/Niamey
DTKA,medium_airport,TN,36.980000,8.876940,Africa/Tunis
DTMB,medium_airport,TN,35.758099,10.754700,Africa/Tunis
DTNH,medium_airport,TN,36.075833,10.438611,Africa/Tunis
DTTA,large_airport,TN,36.851002,10.227200,Africa/Tunis
DTTB,medium_airport,TN,37.242356,9.787016,Africa/Tunis
DTTD,medium_airport,TN,32.306198,10.382100,Africa/Tunis
DTTF,medium_airport,TN,34.422001,8.822500,Africa/Tunis
DTTG,medium_airport,TN,33.733691,9.919410,Africa/Tunis
DTTJ,large_airport,TN,33.873719,10.777300,Africa/Tunis
DTTR,medium_airport,TN,31.704300,9.254620,Africa/Tunis
DTTX,medium_airport,TN,34.717999,10.691000,Africa/Tunis
DTTZ,medium_airport,TN,33.939701,8.110560,Africa/Tunis
DWO,seaplane_base,LK,6.906585,79.909000,Asia/Colombo
DXNG,large_airport,TG,9.766675,1.090944,Africa/Lome
DXXX,large_airport,TG,6.165610,1.254510,Africa/Lome
DZ-0016,medium_airport,DZ,26.393417,5.325419,Africa/Algiers
EBAW,medium_airport,BE,51.190667,4.463153,Europe/Brussels
EBBE,medium_airport,BE,50.758598,4.768330,Europe/Brussels
EBBL,medium_airport,BE,51.168301,5.470000,Europe/Brussels
EBBR,large_airport,BE,50.901402,4.484440,Europe/Brussels
EBCI,large_airport,BE,50.461963,4.459562,Europe/Brussels
EBCV,medium_airport,BE,50.575802,3.831000,Europe/Brussels
EBFN,medium_airport,BE,51.090302,2.652780,Europe/Brussels
EBFS,medium_airport,BE,50.243301,4.645830,Europe/Brussels
EBKT,medium_airport,BE,50.818878,3.209551,Europe/Brussels
EBLG,medium_airport,BE,50.638574,5.443897,Europe/Brussels
EBOS,large_airport,BE,51.199800,2.874673,Europe/Brussels
EDA,seaplane_base,US,55.949653,-133.661012,America/Sitka
EDAC,medium_airport,DE,50.981945,12.506389,Europe/Berlin
EDAH,medium_airport,DE,53.878700,14.152300,Europe/Berlin
EDBN,medium_airport,DE,53.602200,13.306000,Europe/Berlin
EDBR,medium_airport,DE,51.363335,14.950000,Europe/Berlin
EDDB,large_airport,DE,52.361738,13.502341,Europe/Berlin
EDDC,large_airport,DE,51.134123,13.767831,Europe/Berlin
EDDE,large_airport,DE,50.978281,10.960713,Europe/Berlin
EDDF,large_airport,DE,50.026706,8.558350,Europe/Berlin
EDDG,large_airport,DE,52.133816,7.688482,Europe/Berlin
EDDH,large_airport,DE,53.630402,9.988230,Europe/Berlin
EDDK,large_airport,DE,50.865898,7.142740,Europe/Berlin
EDDL,large_airport,DE,51.289501,6.766780,Europe/Berlin
EDDM,large_airport,DE,48.353802,11.786100,Europe/Berlin
EDDN,large_airport,DE,49.498699,11.078056,Europe/Berlin
EDDP,large_airport,DE,51.420657,12.232705,Europe/Berlin
EDDR,medium_airport,DE,49.214545,7.109735,Europe/Berlin
EDDS,large_airport,DE,48.689899,9.221960,Europe/Berlin
EDDV,large_airport,DE,52.461102,9.685080,Europe/Berlin
EDDW,large_airport,DE,53.046786,8.789320,Europe/Berlin
EDFE,medium_airport,DE,49.960000,8.643043,Europe/Berlin
EDFH,large_airport,DE,49.946353,7.261734,Europe/Berlin
EDFM,medium_airport,DE,49.473057,8.514167,Europe/Berlin
EDFZ,medium_airport,DE,49.967499,8.147222,Europe/Berlin
EDGE,medium_airport,DE,50.991604,10.479730,Europe/Berlin
EDGS,medium_airport,DE,50.707699,8.082970,Europe/Berlin
EDHE,small_airport,DE,53.645477,9.703503,Europe/Berlin
EDHI,medium_airport,DE,53.535278,9.835556,Europe/Berlin
EDHK,medium_airport,DE,54.379570,10.145266,Europe/Berlin
EDHL,medium_airport,DE,53.805401,10.719200,Europe/Berlin
EDJA,large_airport,DE,47.988092,10.238248,Europe/Berlin
EDLI,medium_airport,DE,51.964722,8.544444,Europe/Berlin
EDLN,medium_airport,DE,51.230278,6.504444,Europe/Berlin
EDLP,large_airport,DE,51.612527,8.617459,Europe/Berlin
EDLV,large_airport,DE,51.601362,6.141228,Europe/Berlin
EDLW,large_airport,DE,51.518299,7.612240,Europe/Berlin
EDMA,medium_airport,DE,48.425278,10.931667,Europe/Berlin
EDML,medium_airport,DE,48.512019,12.034865,Europe/Berlin
EDMO,medium_airport,DE,48.081402,11.283100,Europe/Berlin
EDNY,large_airport,DE,47.671299,9.511490,Europe/Berlin
EDQA,medium_airport,DE,49.920403,10.914233,Europe/Berlin
EDQD,medium_airport,DE,49.985001,11.640000,Europe/Berlin
EDQM,medium_airport,DE,50.288544,11.852876,Europe/Berlin
EDSB,large_airport,DE,48.779400,8.080500,Europe/Berlin
EDTD,medium_airport,DE,47.973331,8.522222,Europe/Berlin
EDTL,medium_airport,DE,48.369301,7.827720,Europe/Berlin
EDTM,medium_airport,DE,48.053890,9.372778,Europe/Berlin
EDTY,medium_airport,DE,49.118332,9.783889,Europe/Berlin
EDUZ,medium_airport,DE,52.000832,12.148611,Europe/Berlin
EDVE,medium_airport,DE,52.319199,10.556100,Europe/Berlin
EDVK,large_airport,DE,51.418395,9.391638,Europe/Berlin
EDWE,small_airport,DE,53.391109,7.227500,Europe/Berlin
EDWG,small_airport,DE,53.782544,7.919584,Europe/Berlin
EDWJ,small_airport,DE,53.681421,7.056398,Europe/Berlin
EDWR,small_airport,DE,53.596390,6.709167,Europe/Berlin
EDWS,small_airport,DE,53.633057,7.190278,Europe/Berlin
EDWY,small_airport,DE,53.706944,7.230000,Europe/Berlin
EDWZ,small_airport,DE,53.724850,7.373257,Europe/Berlin
EDXB,small_airport,DE,54.153332,8.901667,Europe/Berlin
EDXH,small_airport,DE,54.185280,7.915833,Europe/Berlin
EDXP,small_airport,DE,53.706669,7.820278,Europe/Berlin
EDXW,medium_airport,DE,54.913200,8.340470,Europe/Berlin
EECL,heliport,EE,59.448015,24.753313,Europe/Tallinn
EEEI,medium_airport,EE,59.259599,24.204799,Europe/Tallinn
EEKA,medium_airport,EE,58.990799,22.830700,Europe/Tallinn
EEKE,medium_airport,EE,58.229900,22.509501,Europe/Tallinn
EEPU,medium_airport,EE,58.418999,24.472799,Europe/Tallinn
EERU,small_airport,EE,57.785590,23.262377,Europe/Tallinn
EES,large_airport,EG,23.980437,35.460277,Africa/Cairo
EETN,large_airport,EE,59.413246,24.832640,Europe/Tallinn
EETU,medium_airport,EE,58.307438,26.686473,Europe/Tallinn
EFET,medium_airport,FI,68.362602,23.424299,Europe/Helsinki
EFHA,medium_airport,FI,61.856039,24.786686,Europe/Helsinki
EFHK,large_airport,FI,60.318363,24.963341,Europe/Helsinki
EFIT,medium_airport,FI,62.166100,30.073601,Europe/Helsinki
EFIV,large_airport,FI,68.607300,27.405300,Europe/Helsinki
EFJO,medium_airport,FI,62.658815,29.619398,Europe/Helsinki
EFJY,medium_airport,FI,62.399502,25.678301,Europe/Helsinki
EFKA,medium_airport,FI,63.127102,23.051399,Europe/Helsinki
EFKE,medium_airport,FI,65.778702,24.582100,Europe/Helsinki
EFKI,medium_airport,FI,64.285500,27.692400,Europe/Helsinki
EFKJ,medium_airport,FI,62.463212,22.390817,Europe/Helsinki
EFKK,medium_airport,FI,63.721199,23.143101,Europe/Helsinki
EFKS,medium_airport,FI,65.987602,29.239401,Europe/Helsinki
EFKT,large_airport,FI,67.700996,24.846800,Europe/Helsinki
EFKU,large_airport,FI,63.007099,27.797800,Europe/Helsinki
EFLP,large_airport,FI,61.044601,28.144743,Europe/Helsinki
EFMA,medium_airport,FI,60.122200,19.898199,Europe/Mariehamn
EFMI,medium_airport,FI,61.686600,27.201799,Europe/Helsinki
EFOU,large_airport,FI,64.930099,25.354601,Europe/Helsinki
EFPO,medium_airport,FI,61.461700,21.799999,Europe/Helsinki
EFPR,medium_airport,FI,60.479167,26.593889,Europe/Helsinki
EFRO,large_airport,FI,66.563327,25.829751,Europe/Helsinki
EFSA,medium_airport,FI,61.943100,28.945101,Europe/Helsinki
EFSI,medium_airport,FI,62.692101,22.832300,Europe/Helsinki
EFSO,medium_airport,FI,67.394997,26.619101,Europe/Helsinki
EFTP,large_airport,FI,61.414101,23.604401,Europe/Helsinki
EFTU,large_airport,FI,60.514099,22.262800,Europe/Helsinki
EFUT,medium_airport,FI,60.896400,26.938400,Europe/Helsinki
EFVA,large_airport,FI,63.050230,21.762543,Europe/Helsinki
EFVR,medium_airport,FI,62.171101,27.868601,Europe/Helsinki
EFYL,medium_airport,FI,64.054722,24.725278,Europe/Helsinki
EG-0003,medium_airport,EG,30.420601,31.678900,Africa/Cairo
EGAA,large_airport,GB,54.657501,-6.215830,Europe/London
EGAB,medium_airport,GB,54.398274,-7.651179,Europe/London
EGAC,medium_airport,GB,54.618099,-5.872500,Europe/London
EGAE,medium_airport,GB,55.042801,-7.161110,Europe/London
EGBB,large_airport,GB,52.453899,-1.748030,Europe/London
EGBJ,medium_airport,GB,51.894199,-2.167220,Europe/London
EGBN,medium_airport,GB,52.919998,-1.079170,Europe/London
EGCC,large_airport,GB,53.349375,-2.279521,Europe/London
EGDC,medium_airport,GB,51.087200,-4.150340,Europe/London
EGDM,medium_airport,GB,51.152199,-1.747410,Europe/London
EGDR,medium_airport,GB,50.086102,-5.255710,Europe/London
EGDX,medium_airport,GB,51.405229,-3.433254,Europe/London
EGDY,medium_airport,GB,51.009399,-2.638820,Europe/London
EGEC,medium_airport,GB,55.437199,-5.686390,Europe/London
EGED,medium_airport,GB,59.190601,-2.772220,Europe/London
EGEF,small_airport,GB,59.534721,-1.628509,Europe/London
EGEL,small_airport,GB,56.601898,-6.617780,Europe/London
EGEN,small_airport,GB,59.367500,-2.434440,Europe/London
EGEO,small_airport,GB,56.463501,-5.399670,Europe/London
EGEP,small_airport,GB,59.351012,-2.900353,Europe/London
EGER,small_airport,GB,59.155300,-2.641390,Europe/London
EGES,small_airport,GB,59.250301,-2.576670,Europe/London
EGET,small_airport,GB,60.192200,-1.243610,Europe/London
EGEW,small_airport,GB,59.350475,-2.950062,Europe/London
EGEY,small_airport,GB,56.057499,-6.243060,Europe/London
EGFE,medium_airport,GB,51.833099,-4.961110,Europe/London
EGFF,large_airport,GB,51.396702,-3.343330,Europe/London
EGFH,medium_airport,GB,51.601366,-4.071006,Europe/London
EGGD,large_airport,GB,51.382326,-2.716453,Europe/London
EGGP,large_airport,GB,53.334863,-2.849637,Europe/London
EGGW,large_airport,GB,51.874699,-0.368333,Europe/London
EGHC,small_airport,GB,50.102798,-5.670560,Europe/London
EGHE,small_airport,GB,49.913375,-6.291894,Europe/London
EGHH,medium_airport,GB,50.780483,-1.839576,Europe/London
EGHI,medium_airport,GB,50.950298,-1.356800,Europe/London
EGHL,medium_airport,GB,51.187440,-1.031663,Europe/London
EGHQ,medium_airport,GB,50.440601,-4.995410,Europe/London
EGHT,heliport,GB,49.945599,-6.331390,Europe/London
EGJA,medium_airport,GG,49.706104,-2.214720,Europe/Guernsey
EGJB,medium_airport,GG,49.435001,-2.601970,Europe/Guernsey
EGJJ,medium_airport,JE,49.207901,-2.195510,Europe/Jersey
EGKA,medium_airport,GB,50.835602,-0.297222,Europe/London
EGKB,medium_airport,GB,51.330799,0.032500,Europe/London
EGKK,large_airport,GB,51.148744,-0.185739,Europe/London
EGLC,medium_airport,GB,51.505299,0.055278,Europe/London
EGLF,medium_airport,GB,51.275799,-0.776333,Europe/London
EGLK,medium_airport,GB,51.323898,-0.847500,Europe/London
EGLL,large_airport,GB,51.470748,-0.459909,Europe/London
EGMC,medium_airport,GB,51.570562,0.693627,Europe/London
EGMD,medium_airport,GB,50.956246,0.939074,Europe/London
EGNC,medium_airport,GB,54.937500,-2.809170,Europe/London
EGNH,medium_airport,GB,53.771702,-3.028610,Europe/London
EGNJ,medium_airport,GB,53.576152,-0.349540,Europe/London
EGNL,medium_airport,GB,54.128611,-3.267500,Europe/London
EGNM,large_airport,GB,53.865898,-1.660570,Europe/London
EGNO,medium_airport,GB,53.745098,-2.883060,Europe/London
EGNR,medium_airport,GB,53.178101,-2.977780,Europe/London
EGNS,large_airport,IM,54.083081,-4.623871,Europe/Isle_of_Man
EGNT,large_airport,GB,55.037958,-1.689577,Europe/London
EGNV,medium_airport,GB,54.509201,-1.429410,Europe/London
EGNX,large_airport,GB,52.831100,-1.328060,Europe/London
EGOM,medium_airport,GB,55.049999,-2.550000,Europe/London
EGOS,medium_airport,GB,52.798199,-2.668040,Europe/London
EGOV,medium_airport,GB,53.248100,-4.535340,Europe/London
EGPA,medium_airport,GB,58.957903,-2.905077,Europe/London
EGPB,medium_airport,GB,59.878899,-1.295560,Europe/London
EGPC,medium_airport,GB,58.458900,-3.093060,Europe/London
EGPD,large_airport,GB,57.201900,-2.197780,Europe/London
EGPE,medium_airport,GB,57.542500,-4.047500,Europe/London
EGPF,large_airport,GB,55.871899,-4.433060,Europe/London
EGPH,large_airport,GB,55.950145,-3.372288,Europe/London
EGPI,medium_airport,GB,55.682708,-6.257525,Europe/London
EGPK,large_airport,GB,55.501499,-4.577182,Europe/London
EGPL,medium_airport,GB,57.481098,-7.362780,Europe/London
EGPN,medium_airport,GB,56.452499,-3.025830,Europe/London
EGPO,medium_airport,GB,58.215599,-6.331110,Europe/London
EGPR,medium_airport,GB,57.022800,-7.443060,Europe/London
EGPU,medium_airport,GB,56.499199,-6.869170,Europe/London
EGQL,medium_airport,GB,56.373980,-2.868862,Europe/London
EGQS,medium_airport,GB,57.705200,-3.339170,Europe/London
EGSC,medium_airport,GB,52.205002,0.175000,Europe/London
EGSH,medium_airport,GB,52.675800,1.282780,Europe/London
EGSS,large_airport,GB,51.884998,0.235000,Europe/London
EGTC,medium_airport,GB,52.072201,-0.616667,Europe/London
EGTE,medium_airport,GB,50.734261,-3.413984,Europe/London
EGTK,medium_airport,GB,51.836899,-1.320000,Europe/London
EGUB,medium_airport,GB,51.614366,-1.095991,Europe/London
EGUL,medium_airport,GB,52.409540,0.561161,Europe/London
EGUN,medium_airport,GB,52.361900,0.486406,Europe/London
EGUW,medium_airport,GB,52.127451,0.956189,Europe/London
EGVA,medium_airport,GB,51.683568,-1.789172,Europe/London
EGVN,medium_airport,GB,51.750000,-1.583620,Europe/London
EGVO,medium_airport,GB,51.234100,-0.942825,Europe/London
EGWC,medium_airport,GB,52.640524,-2.305326,Europe/London
EGWU,medium_airport,GB,51.553001,-0.418167,Europe/London
EGXC,medium_airport,GB,53.092999,-0.166014,Europe/London
EGXE,medium_airport,GB,54.297191,-1.538944,Europe/London
EGXG,medium_airport,GB,53.834747,-1.194678,Europe/London
EGXH,medium_airport,GB,52.342602,0.772939,Europe/London
EGXT,medium_airport,GB,52.612598,-0.476453,Europe/London
EGXW,medium_airport,GB,53.166199,-0.523811,Europe/London
EGXZ,medium_airport,GB,54.204116,-1.380265,Europe/London
EGYD,medium_airport,GB,53.027308,-0.493104,Europe/London
EGYE,medium_airport,GB,52.960616,-0.559428,Europe/London
EGYM,medium_airport,GB,52.648395,0.550692,Europe/London
EGYP,large_airport,FK,-51.822642,-58.445777,Atlantic/Stanley
EHAM,large_airport,NL,52.308601,4.763890,Europe/Amsterdam
EHBD,medium_airport,NL,51.255299,5.601390,Europe/Amsterdam
EHBK,large_airport,NL,50.911087,5.769401,Europe/Amsterdam
EHDL,medium_airport,NL,52.060600,5.873060,Europe/Amsterdam
EHEH,large_airport,NL,51.450100,5.374530,Europe/Amsterdam
EHGG,large_airport,NL,53.119107,6.577652,Europe/Amsterdam
EHGR,medium_airport,NL,51.567402,4.931830,Europe/Amsterdam
EHKD,medium_airport,NL,52.923401,4.780620,Europe/Amsterdam
EHLE,medium_airport,NL,52.453188,5.514622,Europe/Amsterdam
EHLW,medium_airport,NL,53.228600,5.760560,Europe/Amsterdam
EHRD,large_airport,NL,51.956902,4.437220,Europe/Amsterdam
EHTW,medium_airport,NL,52.275833,6.889167,Europe/Amsterdam
EHVK,medium_airport,NL,51.657222,5.707778,Europe/Amsterdam
EHWO,medium_airport,NL,51.449100,4.342030,Europe/Amsterdam
EICA,small_airport,IE,53.230301,-9.467780,Europe/Dublin
EICK,large_airport,IE,51.841301,-8.491110,Europe/Dublin
EIDL,medium_airport,IE,55.044201,-8.341000,Europe/Dublin
EIDW,large_airport,IE,53.428713,-6.262121,Europe/Dublin
EIIM,small_airport,IE,53.106701,-9.653610,Europe/Dublin
EIIR,small_airport,IE,53.064701,-9.510900,Europe/Dublin
EIKN,large_airport,IE,53.910439,-8.817002,Europe/Dublin
EIKY,medium_airport,IE,52.180901,-9.523780,Europe/Dublin
EIME,medium_airport,IE,53.301701,-6.451330,Europe/Dublin
EIMN,small_airport,IE,53.092999,-9.568060,Europe/Dublin
EINN,large_airport,IE,52.702000,-8.924820,Europe/Dublin
EISG,medium_airport,IE,54.280201,-8.599210,Europe/Dublin
EIWF,medium_airport,IE,52.187199,-7.086960,Europe/Dublin
EIWT,medium_airport,IE,53.351622,-6.490357,Europe/Dublin
EJT,small_airport,MH,6.040400,171.984600,Pacific/Majuro
EKAC,seaplane_base,DK,56.152602,10.251060,Europe/Copenhagen
EKAE,small_airport,DK,54.852798,10.456400,Europe/Copenhagen
EKAH,large_airport,DK,56.303331,10.618286,Europe/Copenhagen
EKAT,small_airport,DK,56.698347,11.555718,Europe/Copenhagen
EKBI,large_airport,DK,55.740335,9.157019,Europe/Copenhagen
EKCC,seaplane_base,DK,55.691190,12.600090,Europe/Copenhagen
EKCH,large_airport,DK,55.617901,12.656000,Europe/Copenhagen
EKEB,medium_airport,DK,55.525902,8.553400,Europe/Copenhagen
EKFA,heliport,FO,61.543701,-6.774420,Atlantic/Faroe
EKKA,medium_airport,DK,56.297139,9.104311,Europe/Copenhagen
EKKU,heliport,FO,62.317141,-6.313314,Atlantic/Faroe
EKKV,heliport,FO,62.217619,-6.576274,Atlantic/Faroe
EKLS,small_airport,DK,57.277199,11.000100,Europe/Copenhagen
EKMB,medium_airport,DK,54.699447,11.438163,Europe/Copenhagen
EKMS,heliport,FO,62.102169,-7.645934,Atlantic/Faroe
EKOD,large_airport,DK,55.475307,10.327206,Europe/Copenhagen
EKRK,medium_airport,DK,55.585602,12.131400,Europe/Copenhagen
EKRN,medium_airport,DK,55.063301,14.759600,Europe/Copenhagen
EKSB,medium_airport,DK,54.964401,9.791730,Europe/Copenhagen
EKSN,medium_airport,DK,57.503502,10.229400,Europe/Copenhagen
EKSO,heliport,FO,62.276632,-6.341524,Atlantic/Faroe
EKSP,medium_airport,DK,55.221048,9.267020,Europe/Copenhagen
EKSR,heliport,FO,61.685315,-6.758303,Atlantic/Faroe
EKST,small_airport,DK,55.016602,10.563300,Europe/Copenhagen
EKSV,medium_airport,DK,56.550201,9.172980,Europe/Copenhagen
EKSY,heliport,FO,61.769556,-6.803490,Atlantic/Faroe
EKTB,heliport,FO,62.021684,-6.757452,Atlantic/Faroe
EKTS,medium_airport,DK,57.068802,8.705220,Europe/Copenhagen
EKVD,medium_airport,DK,55.436298,9.330920,Europe/Copenhagen
EKVG,large_airport,FO,62.063256,-7.275782,Atlantic/Faroe
EKVJ,medium_airport,DK,55.990101,8.353910,Europe/Copenhagen
EKYT,large_airport,DK,57.094763,9.849930,Europe/Copenhagen
ELLX,large_airport,LU,49.626845,6.212134,Europe/Luxembourg
ENAL,large_airport,NO,62.560443,6.110845,Europe/Oslo
ENAN,medium_airport,NO,69.295193,16.139379,Europe/Oslo
ENAT,medium_airport,NO,69.976097,23.371700,Europe/Oslo
ENBL,small_airport,NO,61.391102,5.756940,Europe/Oslo
ENBN,medium_airport,NO,65.461098,12.217500,Europe/Oslo
ENBO,large_airport,NO,67.269203,14.365300,Europe/Oslo
ENBR,large_airport,NO,60.293400,5.218140,Europe/Oslo
ENBS,medium_airport,NO,70.600250,29.692612,Europe/Oslo
ENBV,medium_airport,NO,70.871517,29.034097,Europe/Oslo
ENCN,large_airport,NO,58.204201,8.085370,Europe/Oslo
ENDU,medium_airport,NO,69.055801,18.540400,Europe/Oslo
ENEV,large_airport,NO,68.491302,16.678101,Europe/Oslo
ENFL,medium_airport,NO,61.583599,5.024720,Europe/Oslo
ENGM,large_airport,NO,60.193901,11.100400,Europe/Oslo
ENHD,medium_airport,NO,59.345299,5.208360,Europe/Oslo
ENHF,medium_airport,NO,70.679703,23.668600,Europe/Oslo
ENHK,small_airport,NO,70.486702,22.139700,Europe/Oslo
ENHV,medium_airport,NO,71.009697,25.983601,Europe/Oslo
ENKB,medium_airport,NO,63.111801,7.824520,Europe/Oslo
ENKR,medium_airport,NO,69.725800,29.891300,Europe/Oslo
ENLK,medium_airport,NO,68.152496,13.609400,Europe/Oslo
ENMH,medium_airport,NO,71.029701,27.826700,Europe/Oslo
ENML,medium_airport,NO,62.744701,7.262500,Europe/Oslo
ENMS,medium_airport,NO,65.783997,13.214900,Europe/Oslo
ENNA,medium_airport,NO,70.068802,24.973499,Europe/Oslo
ENNM,small_airport,NO,64.472198,11.578600,Europe/Oslo
ENNO,medium_airport,NO,59.565071,9.213152,Europe/Oslo
ENOL,medium_airport,NO,63.698898,9.604000,Europe/Oslo
ENOV,medium_airport,NO,62.180000,6.074100,Europe/Oslo
ENRA,medium_airport,NO,66.363899,14.301400,Europe/Oslo
ENRM,medium_airport,NO,64.838303,11.146100,Europe/Oslo
ENRO,medium_airport,NO,62.578400,11.342300,Europe/Oslo
ENRS,small_airport,NO,67.526482,12.101575,Europe/Oslo
ENRY,medium_airport,NO,59.378817,10.785439,Europe/Oslo
ENSB,medium_airport,NO,78.246101,15.465600,Arctic/Longyearbyen
ENSD,small_airport,NO,61.830002,6.105830,Europe/Oslo
ENSG,small_airport,NO,61.156101,7.137780,Europe/Oslo
ENSH,medium_airport,NO,68.243301,14.669200,Europe/Oslo
ENSK,medium_airport,NO,68.578827,15.033417,Europe/Oslo
ENSN,medium_airport,NO,59.185001,9.566940,Europe/Oslo
ENSO,medium_airport,NO,59.791901,5.340850,Europe/Oslo
ENSR,medium_airport,NO,69.786797,20.959400,Europe/Oslo
ENSS,medium_airport,NO,70.355400,31.044901,Europe/Oslo
ENST,medium_airport,NO,65.956802,12.468900,Europe/Oslo
ENTC,large_airport,NO,69.683296,18.918900,Europe/Oslo
ENTO,large_airport,NO,59.186699,10.258600,Europe/Oslo
ENVA,large_airport,NO,63.457802,10.924000,Europe/Oslo
ENVD,medium_airport,NO,70.065300,29.844700,Europe/Oslo
ENVR,heliport,NO,67.654555,12.727257,Europe/Oslo
ENZV,large_airport,NO,58.876701,5.637780,Europe/Oslo
EPBY,medium_airport,PL,53.096802,17.977699,Europe/Warsaw
EPCE,medium_airport,PL,54.416525,17.765734,Europe/Warsaw
EPDE,medium_airport,PL,51.551021,21.892322,Europe/Warsaw
EPGD,large_airport,PL,54.377602,18.466200,Europe/Warsaw
EPIR,medium_airport,PL,52.829399,18.330601,Europe/Warsaw
EPKK,large_airport,PL,50.077702,19.784800,Europe/Warsaw
EPKS,medium_airport,PL,52.331699,16.966400,Europe/Warsaw
EPKT,large_airport,PL,50.476015,19.080705,Europe/Warsaw
EPLB,large_airport,PL,51.240157,22.713461,Europe/Warsaw
EPLK,medium_airport,PL,51.551701,19.179100,Europe/Warsaw
EPLL,large_airport,PL,51.721901,19.398100,Europe/Warsaw
EPLY,medium_airport,PL,52.004945,19.143792,Europe/Warsaw
EPMB,medium_airport,PL,54.026598,19.135718,Europe/Warsaw
EPMI,medium_airport,PL,53.395100,16.082800,Europe/Warsaw
EPMM,medium_airport,PL,52.195499,21.655899,Europe/Warsaw
EPMO,large_airport,PL,52.451099,20.651800,Europe/Warsaw
EPPO,large_airport,PL,52.421598,16.823359,Europe/Warsaw
EPPW,medium_airport,PL,52.380087,17.853155,Europe/Warsaw
EPRA,medium_airport,PL,51.389370,21.214742,Europe/Warsaw
EPRZ,large_airport,PL,50.109791,22.024155,Europe/Warsaw
EPSC,large_airport,PL,53.584702,14.902200,Europe/Warsaw
EPSN,medium_airport,PL,53.790600,15.826300,Europe/Warsaw
EPSY,medium_airport,PL,53.481899,20.937700,Europe/Warsaw
EPTM,medium_airport,PL,51.584400,20.097799,Europe/Warsaw
EPWA,large_airport,PL,52.165699,20.967100,Europe/Warsaw
EPWR,large_airport,PL,51.103719,16.882096,Europe/Warsaw
EPZG,medium_airport,PL,52.138500,15.798600,Europe/Warsaw
ES-0109,medium_airport,ES,41.952700,2.307200,Europe/Madrid
ES-0353,heliport,ES,37.537024,-6.295778,Europe/Madrid
ESCF,medium_airport,SE,58.397666,15.522422,Europe/Stockholm
ESDF,medium_airport,SE,56.266701,15.265000,Europe/Stockholm
ESFR,medium_airport,SE,58.498100,13.053200,Europe/Stockholm
ESGG,large_airport,SE,57.662800,12.279800,Europe/Stockholm
ESGJ,medium_airport,SE,57.757599,14.068700,Europe/Stockholm
ESGP,medium_airport,SE,57.774700,11.870400,Europe/Stockholm
ESGR,medium_airport,SE,58.456402,13.972700,Europe/Stockholm
ESGT,medium_airport,SE,58.318100,12.345000,Europe/Stockholm
ESIB,medium_airport,SE,58.426399,12.714400,Europe/Stockholm
ESKK,medium_airport,SE,59.345901,14.495900,Europe/Stockholm
ESKM,medium_airport,SE,60.957901,14.511400,Europe/Stockholm
ESKN,large_airport,SE,58.789656,16.911479,Europe/Stockholm
ESKS,large_airport,SE,61.165080,12.833520,Europe/Stockholm
ESMK,medium_airport,SE,55.921700,14.085500,Europe/Stockholm
ESMQ,medium_airport,SE,56.685501,16.287600,Europe/Stockholm
ESMS,large_airport,SE,55.535564,13.376327,Europe/Stockholm
ESMT,medium_airport,SE,56.691101,12.820200,Europe/Stockholm
ESMX,medium_airport,SE,56.929100,14.728000,Europe/Stockholm
ESND,small_airport,SE,62.047798,14.422900,Europe/Stockholm
ESNG,medium_airport,SE,67.132401,20.814600,Europe/Stockholm
ESNK,medium_airport,SE,63.048599,17.768900,Europe/Stockholm
ESNL,medium_airport,SE,64.548302,18.716200,Europe/Stockholm
ESNN,medium_airport,SE,62.528099,17.443899,Europe/Stockholm
ESNO,medium_airport,SE,63.408298,18.990000,Europe/Stockholm
ESNQ,large_airport,SE,67.821999,20.336800,Europe/Stockholm
ESNS,medium_airport,SE,64.624802,21.076900,Europe/Stockholm
ESNU,large_airport,SE,63.791801,20.282801,Europe/Stockholm
ESNV,medium_airport,SE,64.579102,16.833599,Europe/Stockholm
ESNX,medium_airport,SE,65.590302,19.281900,Europe/Stockholm
ESNY,medium_airport,SE,61.261501,17.099100,Europe/Stockholm
ESNZ,medium_airport,SE,63.193546,14.504168,Europe/Stockholm
ESOE,medium_airport,SE,59.223701,15.038000,Europe/Stockholm
ESOH,small_airport,SE,60.020100,13.578900,Europe/Stockholm
ESOK,medium_airport,SE,59.444698,13.337400,Europe/Stockholm
ESOW,large_airport,SE,59.589401,16.633600,Europe/Stockholm
ESPA,large_airport,SE,65.543800,22.122000,Europe/Stockholm
ESSA,large_airport,SE,59.648490,17.928829,Europe/Stockholm
ESSB,medium_airport,SE,59.354401,17.941700,Europe/Stockholm
ESSD,medium_airport,SE,60.422001,15.515200,Europe/Stockholm
ESSK,medium_airport,SE,60.593300,16.951401,Europe/Stockholm
ESSL,large_airport,SE,58.404909,15.684499,Europe/Stockholm
ESSP,medium_airport,SE,58.586300,16.250601,Europe/Stockholm
ESST,medium_airport,SE,60.157600,12.991300,Europe/Stockholm
ESSU,medium_airport,SE,59.351101,16.708401,Europe/Stockholm
ESSV,large_airport,SE,57.662800,18.346201,Europe/Stockholm
ESTA,medium_airport,SE,56.296101,12.847100,Europe/Stockholm
ESTL,medium_airport,SE,56.082802,13.212500,Europe/Stockholm
ESUD,medium_airport,SE,64.960899,17.696600,Europe/Stockholm
ESUP,small_airport,SE,67.244569,23.074894,Europe/Stockholm
ESUT,small_airport,SE,65.806099,15.082800,Europe/Stockholm
ET-SHC,small_airport,ET,14.075699,38.273592,Africa/Addis_Ababa
ETAD,medium_airport,DE,49.976507,6.698413,Europe/Berlin
ETAR,medium_airport,DE,49.436901,7.600280,Europe/Berlin
ETHB,medium_airport,DE,52.278500,9.082170,Europe/Berlin
ETHC,medium_airport,DE,52.591202,10.022100,Europe/Berlin
ETHF,medium_airport,DE,51.114600,9.286000,Europe/Berlin
ETHL,medium_airport,DE,48.220299,9.910020,Europe/Berlin
ETHN,medium_airport,DE,49.391620,9.956747,Europe/Berlin
ETHS,medium_airport,DE,52.919399,10.185827,Europe/Berlin
ETIC,medium_airport,DE,49.698700,11.940200,Europe/Berlin
ETIH,medium_airport,DE,49.216541,11.836064,Europe/Berlin
ETMN,medium_airport,DE,53.767689,8.659201,Europe/Berlin
ETND,medium_airport,DE,52.585556,8.342222,Europe/Berlin
ETNG,medium_airport,DE,50.960800,6.042420,Europe/Berlin
ETNH,medium_airport,DE,54.312199,9.538170,Europe/Berlin
ETNL,medium_airport,DE,53.918201,12.278300,Europe/Berlin
ETNN,medium_airport,DE,50.831200,6.658170,Europe/Berlin
ETNS,medium_airport,DE,54.459301,9.516330,Europe/Berlin
ETNT,medium_airport,DE,53.547798,7.667330,Europe/Berlin
ETNW,medium_airport,DE,52.457298,9.427170,Europe/Berlin
ETOU,medium_airport,DE,50.049801,8.325400,Europe/Berlin
ETSB,medium_airport,DE,50.173801,7.063330,Europe/Berlin
ETSH,medium_airport,DE,51.767799,13.167700,Europe/Berlin
ETSI,medium_airport,DE,48.715698,11.534000,Europe/Berlin
ETSL,medium_airport,DE,48.185504,10.861200,Europe/Berlin
ETSN,medium_airport,DE,48.710999,11.211500,Europe/Berlin
EVKA,medium_airport,LV,56.534698,25.892500,Europe/Riga
EVLA,large_airport,LV,56.517502,21.096901,Europe/Riga
EVRA,large_airport,LV,56.920752,23.970711,Europe/Riga
EVTA,medium_airport,LV,56.942200,23.223900,Europe/Riga
EXI,seaplane_base,US,58.420502,-135.449005,America/Juneau
EYKA,large_airport,LT,54.963965,24.085820,Europe/Vilnius
EYKD,medium_airport,LT,55.311699,23.956400,Europe/Vilnius
EYPA,large_airport,LT,55.973202,21.093901,Europe/Vilnius
EYPP,medium_airport,LT,55.729401,24.460800,Europe/Vilnius
EYSA,medium_airport,LT,55.893902,23.395000,Europe/Vilnius
EYSB,medium_airport,LT,56.070599,23.558100,Europe/Vilnius
EYVI,large_airport,LT,54.634102,25.285801,Europe/Vilnius
FAAB,medium_airport,ZA,-28.575001,16.533300,Africa/Johannesburg
FAAG,medium_airport,ZA,-29.281799,18.813900,Africa/Johannesburg
FABE,medium_airport,ZA,-32.897099,27.279100,Africa/Johannesburg
FABL,large_airport,ZA,-29.092699,26.302401,Africa/Johannesburg
FABR,medium_airport,ZA,-25.717147,30.974974,Africa/Johannesburg
FACT,large_airport,ZA,-33.974030,18.604333,Africa/Johannesburg
FAEL,large_airport,ZA,-33.035599,27.825899,Africa/Johannesburg
FAEO,medium_airport,ZA,-26.495600,29.979799,Africa/Johannesburg
FAFB,medium_airport,ZA,-28.823099,27.908899,Africa/Johannesburg
FAGC,medium_airport,ZA,-25.986300,28.140100,Africa/Johannesburg
FAGG,large_airport,ZA,-34.005600,22.378902,Africa/Johannesburg
FAGM,medium_airport,ZA,-26.242500,28.151199,Africa/Johannesburg
FAHR,medium_airport,ZA,-28.235100,29.106199,Africa/Johannesburg
FAHT,medium_airport,ZA,-24.361864,31.052921,Africa/Johannesburg
FAKD,medium_airport,ZA,-26.871099,26.718000,Africa/Johannesburg
FAKM,large_airport,ZA,-28.805401,24.764872,Africa/Johannesburg
FAKN,large_airport,ZA,-25.383327,31.105325,Africa/Johannesburg
FAKU,medium_airport,ZA,-27.456596,23.411946,Africa/Johannesburg
FAKZ,medium_airport,ZA,-29.688400,17.094000,Africa/Johannesburg
FALA,large_airport,ZA,-25.938964,27.926642,Africa/Johannesburg
FALC,medium_airport,ZA,-28.360100,23.439100,Africa/Johannesburg
FALE,large_airport,ZA,-29.614444,31.119722,Africa/Johannesburg
FALW,medium_airport,ZA,-32.968899,18.160299,Africa/Johannesburg
FALY,medium_airport,ZA,-28.581699,29.749701,Africa/Johannesburg
FAMD,medium_airport,ZA,-24.816866,31.544085,Africa/Johannesburg
FAMG,medium_airport,ZA,-30.857401,30.343000,Africa/Johannesburg
FAMM,medium_airport,ZA,-25.798401,25.548000,Africa/Johannesburg
FAMS,medium_airport,ZA,-25.704500,26.909000,Africa/Johannesburg
FAMU,medium_airport,ZA,-27.626101,32.044300,Africa/Johannesburg
FANC,medium_airport,ZA,-27.770599,29.976900,Africa/Johannesburg
FAOH,medium_airport,ZA,-33.606998,22.188999,Africa/Johannesburg
FAOR,large_airport,ZA,-26.140081,28.246801,Africa/Johannesburg
FAPE,large_airport,ZA,-33.989715,25.617353,Africa/Johannesburg
FAPG,medium_airport,ZA,-34.088160,23.328723,Africa/Johannesburg
FAPH,medium_airport,ZA,-23.937201,31.155399,Africa/Johannesburg
FAPI,medium_airport,ZA,-23.926100,29.484400,Africa/Johannesburg
FAPJ,medium_airport,ZA,-31.606120,29.521750,Africa/Johannesburg
FAPM,medium_airport,ZA,-29.649000,30.398701,Africa/Johannesburg
FAPN,medium_airport,ZA,-25.333799,27.173401,Africa/Johannesburg
FAPP,large_airport,ZA,-23.845269,29.458615,Africa/Johannesburg
FAPS,medium_airport,ZA,-26.671000,27.081900,Africa/Johannesburg
FAQT,medium_airport,ZA,-31.920200,26.882200,Africa/Johannesburg
FARB,medium_airport,ZA,-28.740999,32.092098,Africa/Johannesburg
FARG,medium_airport,ZA,-25.644300,27.271099,Africa/Johannesburg
FARS,medium_airport,ZA,-33.812199,19.902800,Africa/Johannesburg
FASB,medium_airport,ZA,-29.689301,17.939600,Africa/Johannesburg
FASC,medium_airport,ZA,-26.524099,29.170099,Africa/Johannesburg
FASD,medium_airport,ZA,-32.964100,17.969299,Africa/Johannesburg
FASK,medium_airport,ZA,-25.809700,28.164600,Africa/Johannesburg
FASS,medium_airport,ZA,-27.648600,22.999300,Africa/Johannesburg
FASZ,medium_airport,ZA,-24.960850,31.588587,Africa/Johannesburg
FATZ,medium_airport,ZA,-23.824400,30.329300,Africa/Johannesburg
FAUL,medium_airport,ZA,-28.320601,31.416500,Africa/Johannesburg
FAUP,medium_airport,ZA,-28.400246,21.263592,Africa/Johannesburg
FAUT,medium_airport,ZA,-31.546363,28.673355,Africa/Johannesburg
FAVB,medium_airport,ZA,-26.982401,24.728800,Africa/Johannesburg
FAVG,medium_airport,ZA,-29.770599,31.058399,Africa/Johannesburg
FAVR,medium_airport,ZA,-31.641001,18.544800,Africa/Johannesburg
FAVV,medium_airport,ZA,-26.566401,27.960800,Africa/Johannesburg
FAWB,medium_airport,ZA,-25.653900,28.224199,Africa/Johannesburg
FAWK,medium_airport,ZA,-25.830000,28.222500,Africa/Johannesburg
FAYP,medium_airport,ZA,-33.900200,18.498301,Africa/Johannesburg
FBFT,large_airport,BW,-21.159183,27.468826,Africa/Gaborone
FBJW,medium_airport,BW,-24.602301,24.691000,Africa/Gaborone
FBKE,large_airport,BW,-17.831653,25.166195,Africa/Gaborone
FBMN,large_airport,BW,-19.970491,23.431409,Africa/Gaborone
FBSK,large_airport,BW,-24.555201,25.918200,Africa/Gaborone
FBSN,medium_airport,BW,-20.553400,26.115801,Africa/Gaborone
FBSP,medium_airport,BW,-22.058300,27.828800,Africa/Gaborone
FBSW,small_airport,BW,-18.373899,21.832600,Africa/Gaborone
FCBB,large_airport,CG,-4.251700,15.253000,Africa/Brazzaville
FCOD,medium_airport,CG,-1.226666,15.910000,Africa/Brazzaville
FCOO,medium_airport,CG,-0.524566,15.937820,Africa/Brazzaville
FCOU,medium_airport,CG,1.615990,16.037901,Africa/Brazzaville
FCPL,medium_airport,CG,-4.206350,12.659900,Africa/Brazzaville
FCPP,large_airport,CG,-4.816030,11.886600,Africa/Brazzaville
FDMS,medium_airport,SZ,-26.528919,31.307577,Africa/Mbabane
FDSK,large_airport,SZ,-26.358611,31.716944,Africa/Mbabane
FEFF,large_airport,CF,4.398480,18.518801,Africa/Bangui
FEFT,medium_airport,CF,4.221580,15.786400,Africa/Bangui
FGAB,small_airport,GQ,-1.408615,5.624163,Africa/Malabo
FGBT,large_airport,GQ,1.905470,9.805680,Africa/Malabo
FGMY,medium_airport,GQ,1.676437,11.024904,Africa/Malabo
FGSL,large_airport,GQ,3.755270,8.708720,Africa/Malabo
FHAW,medium_airport,SH,-7.970179,-14.392744,Atlantic/St_Helena
FHSH,medium_airport,SH,-15.958898,-5.646066,Atlantic/St_Helena
FIMP,large_airport,MU,-20.430201,57.683601,Indian/Mauritius
FIMR,medium_airport,MU,-19.756696,63.359326,Indian/Mauritius
FJDG,medium_airport,IO,-7.313270,72.411102,Indian/Chagos
FKKC,medium_airport,CM,4.089190,9.360530,Africa/Douala
FKKD,large_airport,CM,4.006080,9.719480,Africa/Douala
FKKL,medium_airport,CM,10.451400,14.257400,Africa/Douala
FKKM,medium_airport,CM,5.636920,10.750800,Africa/Douala
FKKN,medium_airport,CM,7.357010,13.559200,Africa/Douala
FKKR,large_airport,CM,9.334785,13.372129,Africa/Douala
FKKU,medium_airport,CM,5.536920,10.354600,Africa/Douala
FKKV,medium_airport,CM,6.039240,10.122600,Africa/Douala
FKKY,medium_airport,CM,3.836040,11.523500,Africa/Douala
FKYS,large_airport,CM,3.722560,11.553300,Africa/Douala
FLKE,medium_airport,ZM,-12.572800,27.893900,Africa/Lusaka
FLKS,small_airport,ZM,-10.210169,31.123045,Africa/Lusaka
FLLC,medium_airport,ZM,-15.413800,28.330700,Africa/Lusaka
FLLI,large_airport,ZM,-17.821524,25.819642,Africa/Lusaka
FLLS,large_airport,ZM,-15.330833,28.452722,Africa/Lusaka
FLMF,large_airport,ZM,-13.258900,31.936600,Africa/Lusaka
FLMG,medium_airport,ZM,-15.254500,23.162300,Africa/Lusaka
FLND,medium_airport,ZM,-12.997222,28.663889,Africa/Lusaka
FLSK,large_airport,ZM,-12.965130,28.515624,Africa/Lusaka
FLSO,medium_airport,ZM,-12.900500,28.149900,Africa/Lusaka
FLSW,small_airport,ZM,-12.173700,26.365101,Africa/Lusaka
FMCH,large_airport,KM,-11.533700,43.271900,Indian/Comoro
FMCI,medium_airport,KM,-12.298096,43.766496,Indian/Comoro
FMCV,medium_airport,KM,-12.131047,44.430044,Indian/Comoro
FMCZ,large_airport,YT,-12.809319,45.281815,Indian/Mayotte
FMEE,large_airport,RE,-20.890087,55.518894,Indian/Reunion
FMEP,large_airport,RE,-21.319362,55.422506,Indian/Reunion
FMMI,large_airport,MG,-18.796900,47.478802,Indian/Antananarivo
FMMN,medium_airport,MG,-19.562799,45.450802,Indian/Antananarivo
FMMS,medium_airport,MG,-17.093901,49.815800,Indian/Antananarivo
FMMT,large_airport,MG,-18.113537,49.392262,Indian/Antananarivo
FMMU,small_airport,MG,-17.476101,43.972801,Indian/Antananarivo
FMMV,medium_airport,MG,-20.284700,44.317600,Indian/Antananarivo
FMNA,medium_airport,MG,-12.349400,49.291698,Indian/Antananarivo
FMNC,medium_airport,MG,-16.163900,49.773800,Indian/Antananarivo
FMND,medium_airport,MG,-14.651700,49.620602,Indian/Antananarivo
FMNH,medium_airport,MG,-14.999400,50.320202,Indian/Antananarivo
FMNL,medium_airport,MG,-14.629514,47.763555,Indian/Antananarivo
FMNM,large_airport,MG,-15.666842,46.351233,Indian/Antananarivo
FMNN,large_airport,MG,-13.312100,48.314800,Indian/Antananarivo
FMNO,small_airport,MG,-16.101690,45.358837,Indian/Antananarivo
FMNQ,medium_airport,MG,-16.744530,44.482484,Indian/Antananarivo
FMNR,medium_airport,MG,-15.437742,49.689081,Indian/Antananarivo
FMNS,medium_airport,MG,-14.278600,50.174702,Indian/Antananarivo
FMNT,small_airport,MG,-16.751064,47.619016,Indian/Antananarivo
FMNV,medium_airport,MG,-13.375800,50.002800,Indian/Antananarivo
FMNW,medium_airport,MG,-14.898800,47.993900,Indian/Antananarivo
FMSD,medium_airport,MG,-25.038099,46.956100,Indian/Antananarivo
FMSF,medium_airport,MG,-21.441601,47.111698,Indian/Antananarivo
FMSK,medium_airport,MG,-22.119699,48.021702,Indian/Antananarivo
FMSM,medium_airport,MG,-21.201799,48.358299,Indian/Antananarivo
FMSR,medium_airport,MG,-21.753837,43.374753,Indian/Antananarivo
FMST,medium_airport,MG,-23.383400,43.728500,Indian/Antananarivo
FNBC,medium_airport,AO,-6.269900,14.247000,Africa/Luanda
FNBG,medium_airport,AO,-12.609000,13.403700,Africa/Luanda
FNBJ,large_airport,AO,-9.050734,13.499078,Africa/Luanda
FNCA,medium_airport,AO,-5.598390,12.188145,Africa/Luanda
FNCT,medium_airport,AO,-12.479200,13.486900,Africa/Luanda
FND,small_airport,MV,6.162443,73.287520,Indian/Maldives
FNDU,medium_airport,AO,-7.400890,20.818501,Africa/Luanda
FNGI,medium_airport,AO,-17.043501,15.683800,Africa/Luanda
FNHU,medium_airport,AO,-12.808900,15.760500,Africa/Luanda
FNKU,medium_airport,AO,-12.404600,16.947399,Africa/Luanda
FNLU,large_airport,AO,-8.858370,13.231200,Africa/Luanda
FNMA,medium_airport,AO,-9.525090,16.312401,Africa/Luanda
FNME,medium_airport,AO,-14.657600,17.719801,Africa/Luanda
FNMO,medium_airport,AO,-15.261200,12.146800,Africa/Luanda
FNNG,medium_airport,AO,-7.754510,15.287700,Africa/Luanda
FNPA,medium_airport,AO,-10.722000,13.765500,Africa/Luanda
FNSA,medium_airport,AO,-9.689070,20.431900,Africa/Luanda
FNSO,medium_airport,AO,-6.141090,12.371800,Africa/Luanda
FNSU,medium_airport,AO,-11.167900,13.847500,Africa/Luanda
FNUB,medium_airport,AO,-14.924839,13.576653,Africa/Luanda
FNUE,medium_airport,AO,-11.768100,19.897699,Africa/Luanda
FNUG,medium_airport,AO,-7.603070,15.027800,Africa/Luanda
FNXA,medium_airport,AO,-16.755400,14.965300,Africa/Luanda
FO-0001,heliport,FO,62.330297,-6.276734,Atlantic/Faroe
FO-0002,heliport,FO,61.984601,-6.963484,Atlantic/Faroe
FOGK,medium_airport,GA,-1.184610,12.441300,Africa/Libreville
FOGM,medium_airport,GA,-1.845140,11.056700,Africa/Libreville
FOGO,medium_airport,GA,1.543110,11.581400,Africa/Libreville
FOGQ,medium_airport,GA,-0.665214,13.673100,Africa/Libreville
FOGR,medium_airport,GA,-0.704389,10.245700,Africa/Libreville
FOOB,medium_airport,GA,2.075640,11.493200,Africa/Libreville
FOOG,large_airport,GA,-0.711739,8.754380,Africa/Libreville
FOOH,medium_airport,GA,-1.574730,9.262690,Africa/Libreville
FOOK,medium_airport,GA,0.579211,12.890900,Africa/Libreville
FOOL,large_airport,GA,0.458951,9.412140,Africa/Libreville
FOON,medium_airport,GA,-1.656160,13.438000,Africa/Libreville
FPPR,medium_airport,ST,1.661155,7.411081,Africa/Sao_Tome
FPST,large_airport,ST,0.378175,6.712150,Africa/Sao_Tome
FQBR,large_airport,MZ,-19.796400,34.907600,Africa/Maputo
FQCH,medium_airport,MZ,-19.151300,33.429001,Africa/Maputo
FQIN,medium_airport,MZ,-23.876400,35.408501,Africa/Maputo
FQLC,medium_airport,MZ,-13.274000,35.266300,Africa/Maputo
FQMA,large_airport,MZ,-25.920799,32.572601,Africa/Maputo
FQMD,medium_airport,MZ,-11.672900,39.563099,Africa/Maputo
FQMP,medium_airport,MZ,-11.361800,40.354900,Africa/Maputo
FQNC,medium_airport,MZ,-14.488200,40.712200,Africa/Maputo
FQNP,large_airport,MZ,-15.105600,39.281799,Africa/Maputo
FQPB,medium_airport,MZ,-12.993302,40.524867,Africa/Maputo
FQQL,medium_airport,MZ,-17.855499,36.869099,Africa/Maputo
FQTT,large_airport,MZ,-16.104799,33.640202,Africa/Maputo
FQVL,medium_airport,MZ,-22.018400,35.313301,Africa/Maputo
FQXA,small_airport,MZ,-24.892909,33.753024,Africa/Maputo
FR-0165,heliport,FR,46.728330,-2.350677,Europe/Paris
FR-JCA,heliport,FR,43.535287,7.038296,Europe/Paris
FSAL,small_airport,SC,-7.004780,52.726200,Indian/Mahe
FSIA,large_airport,SC,-4.674340,55.521801,Indian/Mahe
FSPP,medium_airport,SC,-4.319256,55.691561,Indian/Mahe
FTFY,medium_airport,TD,18.527930,20.188644,Africa/Ndjamena
FTTC,medium_airport,TD,13.847000,20.844299,Africa/Ndjamena
FTTD,medium_airport,TD,8.628503,16.074241,Africa/Ndjamena
FTTJ,large_airport,TD,12.133700,15.034000,Africa/Ndjamena
FTTY,medium_airport,TD,17.917101,19.111099,Africa/Ndjamena
FVBU,large_airport,ZW,-20.016284,28.622897,Africa/Harare
FVCZ,medium_airport,ZW,-21.008101,31.578600,Africa/Harare
FVFA,large_airport,ZW,-18.097437,25.836867,Africa/Harare
FVHA,large_airport,ZW,-17.931801,31.092800,Africa/Harare
FVKB,medium_airport,ZW,-16.519800,28.885000,Africa/Harare
FVMT,medium_airport,ZW,-17.431900,32.184502,Africa/Harare
FVMV,medium_airport,ZW,-20.055300,30.859100,Africa/Harare
FVTL,medium_airport,ZW,-19.436718,29.861945,Africa/Harare
FVWN,medium_airport,ZW,-18.629900,27.021000,Africa/Harare
FWCL,large_airport,MW,-15.677189,34.972319,Africa/Blantyre
FWDW,medium_airport,MW,-12.517527,34.131877,Africa/Blantyre
FWKA,medium_airport,MW,-9.953571,33.893264,Africa/Blantyre
FWKI,large_airport,MW,-13.789400,33.780998,Africa/Blantyre
FWUU,medium_airport,MW,-11.444700,34.011799,Africa/Blantyre
FXMM,large_airport,LS,-29.456277,27.554456,Africa/Maseru
FYAR,medium_airport,NA,-22.461875,14.979322,Africa/Windhoek
FYGF,medium_airport,NA,-19.602200,18.122700,Africa/Windhoek
FYHI,small_airport,NA,-19.028500,16.458500,Africa/Windhoek
FYKM,medium_airport,NA,-17.634258,24.176688,Africa/Windhoek
FYKT,medium_airport,NA,-26.539801,18.111401,Africa/Windhoek
FYLZ,medium_airport,NA,-26.687401,15.242900,Africa/Windhoek
FYML,medium_airport,NA,-24.605400,17.925400,Africa/Windhoek
FYNG,small_airport,NA,-19.328533,15.915003,Africa/Windhoek
FYOA,medium_airport,NA,-17.878201,15.952600,Africa/Windhoek
FYOG,medium_airport,NA,-28.585318,16.446380,Africa/Windhoek
FYRU,medium_airport,NA,-17.956499,19.719400,Africa/Windhoek
FYTF,medium_airport,NA,-20.544240,14.358790,Africa/Windhoek
FYTM,medium_airport,NA,-19.262079,17.732509,Africa/Windhoek
FYWB,large_airport,NA,-22.979332,14.647102,Africa/Windhoek
FYWE,medium_airport,NA,-22.604920,17.079002,Africa/Windhoek
FYWH,large_airport,NA,-22.479900,17.470900,Africa/Windhoek
FZAA,large_airport,CD,-4.385750,15.444600,Africa/Kinshasa
FZAB,medium_airport,CD,-4.326660,15.327500,Africa/Kinshasa
FZBA,small_airport,CD,-1.947220,18.285801,Africa/Kinshasa
FZBO,medium_airport,CD,-3.311320,17.381701,Africa/Kinshasa
FZCA,medium_airport,CD,-5.035770,18.785601,Africa/Kinshasa
FZEA,medium_airport,CD,0.022600,18.288700,Africa/Kinshasa
FZFD,medium_airport,CD,4.252745,20.975271,Africa/Kinshasa
FZFK,medium_airport,CD,3.235370,19.771299,Africa/Kinshasa
FZGA,medium_airport,CD,2.170660,21.496901,Africa/Kinshasa
FZGN,small_airport,CD,-0.286652,20.883551,Africa/Kinshasa
FZIC,large_airport,CD,0.481639,25.337999,Africa/Lubumbashi
FZJH,medium_airport,CD,2.827610,27.588301,Africa/Lubumbashi
FZKA,medium_airport,CD,1.565743,30.220685,Africa/Lubumbashi
FZKJ,medium_airport,CD,2.818058,24.793997,Africa/Lubumbashi
FZMA,medium_airport,CD,-2.308980,28.808800,Africa/Lubumbashi
FZNA,large_airport,CD,-1.666758,29.238037,Africa/Lubumbashi
FZOA,medium_airport,CD,-2.919180,25.915400,Africa/Lubumbashi
FZQA,large_airport,CD,-11.591494,27.530753,Africa/Lubumbashi
FZQM,medium_airport,CD,-10.765900,25.505699,Africa/Lubumbashi
FZRF,medium_airport,CD,-5.875560,29.250000,Africa/Lubumbashi
FZSA,medium_airport,CD,-8.642020,25.252899,Africa/Lubumbashi
FZSB,small_airport,CD,-8.728878,24.991407,Africa/Lubumbashi
FZUA,medium_airport,CD,-5.900050,22.469200,Africa/Lubumbashi
FZVJ,small_airport,CD,-4.039285,24.365616,Africa/Lubumbashi
FZVS,small_airport,CD,-4.329919,20.590124,Africa/Lubumbashi
FZWA,medium_airport,CD,-6.121240,23.569000,Africa/Lubumbashi
GA-GAX,small_airport,GA,-2.785278,10.047222,Africa/Libreville
GABS,large_airport,ML,12.533500,-7.949940,Africa/Bamako
GAGO,medium_airport,ML,16.248466,-0.005389,Africa/Bamako
GAKY,medium_airport,ML,14.482521,-11.399335,Africa/Bamako
GAMB,medium_airport,ML,14.512800,-4.079560,Africa/Bamako
GATB,large_airport,ML,16.730499,-3.007580,Africa/Bamako
GB-0347,heliport,GB,51.164763,-4.666801,Europe/London
GB-1313,heliport,GB,51.018700,-4.518160,Europe/London
GB-1327,heliport,GB,50.130376,-5.513946,Europe/London
GB-FOA,small_airport,GB,60.121916,-2.053439,Europe/London
GBYD,large_airport,GM,13.338000,-16.652201,Africa/Banjul
GCFV,large_airport,ES,28.452700,-13.863800,Atlantic/Canary
GCGM,small_airport,ES,28.029600,-17.214600,Atlantic/Canary
GCHI,medium_airport,ES,27.814800,-17.887100,Atlantic/Canary
GCLA,medium_airport,ES,28.626499,-17.755600,Atlantic/Canary
GCLP,large_airport,ES,27.931900,-15.386600,Atlantic/Canary
GCRR,large_airport,ES,28.945499,-13.605200,Atlantic/Canary
GCTS,large_airport,ES,28.044500,-16.572500,Atlantic/Canary
GCXO,large_airport,ES,28.482752,-16.341707,Atlantic/Canary
GE-0007,medium_airport,GE,41.929100,41.863499,Asia/Tbilisi
GE-0010,medium_airport,GE,42.240306,42.045493,Asia/Tbilisi
GECE,heliport,ES,35.892657,-5.306321,Africa/Ceuta
GEML,medium_airport,ES,35.279800,-2.956260,Africa/Ceuta
GFBO,medium_airport,SL,7.944400,-11.761000,Africa/Freetown
GFKE,medium_airport,SL,7.896364,-11.174126,Africa/Freetown
GFLL,large_airport,SL,8.616440,-13.195500,Africa/Freetown
GFYE,medium_airport,SL,8.610470,-11.045400,Africa/Freetown
GGOV,large_airport,GW,11.894262,-15.653596,Africa/Bissau
GL-0012,medium_airport,GL,60.763830,-46.065001,America/Nuuk
GL-QCU,heliport,GL,68.744273,-52.340369,America/Nuuk
GLGE,medium_airport,LR,5.032124,-9.064236,Africa/Monrovia
GLMR,medium_airport,LR,6.289060,-10.758700,Africa/Monrovia
GLRB,large_airport,LR,6.233790,-10.362300,Africa/Monrovia
GMAD,large_airport,MA,30.322478,-9.412003,Africa/Casablanca
GMAT,medium_airport,MA,28.447563,-11.161749,Africa/Casablanca
GMAZ,large_airport,MA,30.265788,-5.860808,Africa/Casablanca
GMFB,medium_airport,MA,32.514306,-1.983056,Africa/Casablanca
GMFF,large_airport,MA,33.927299,-4.977960,Africa/Casablanca
GMFK,medium_airport,MA,31.947500,-4.398330,Africa/Casablanca
GMFM,medium_airport,MA,33.879101,-5.515120,Africa/Casablanca
GMFO,large_airport,MA,34.789558,-1.926041,Africa/Casablanca
GMMA,medium_airport,EH,26.731987,-11.683655,Africa/El_Aaiun
GMMD,large_airport,MA,32.401895,-6.315905,Africa/Casablanca
GMME,large_airport,MA,34.051498,-6.751520,Africa/Casablanca
GMMH,large_airport,EH,23.718300,-15.932000,Africa/El_Aaiun
GMMI,medium_airport,MA,31.397499,-9.681670,Africa/Casablanca
GMML,large_airport,EH,27.142467,-13.224947,Africa/El_Aaiun
GMMN,large_airport,MA,33.367500,-7.589970,Africa/Casablanca
GMMW,large_airport,MA,34.988800,-3.028210,Africa/Casablanca
GMMX,large_airport,MA,31.604807,-8.035788,Africa/Casablanca
GMMY,medium_airport,MA,34.298901,-6.595880,Africa/Casablanca
GMMZ,large_airport,MA,30.939100,-6.909430,Africa/Casablanca
GMTA,medium_airport,MA,35.177101,-3.839520,Africa/Casablanca
GMTN,large_airport,MA,35.594299,-5.320020,Africa/Casablanca
GMTT,large_airport,MA,35.731741,-5.921459,Africa/Casablanca
GNU,small_airport,US,59.117561,-161.575241,America/Anchorage
GOBD,large_airport,SN,14.670878,-17.072829,Africa/Dakar
GOGG,medium_airport,SN,12.555590,-16.283298,Africa/Dakar
GOGS,medium_airport,SN,12.395330,-16.748000,Africa/Dakar
GOOK,medium_airport,SN,14.146900,-16.051300,Africa/Dakar
GOOY,large_airport,SN,14.742337,-17.479222,Africa/Dakar
GOSM,medium_airport,SN,15.593600,-13.322800,Africa/Dakar
GOSS,medium_airport,SN,16.049814,-16.461039,Africa/Dakar
GOTB,medium_airport,SN,14.847300,-12.468300,Africa/Dakar
GOTK,medium_airport,SN,12.572300,-12.220300,Africa/Dakar
GOTT,medium_airport,SN,13.736800,-13.653100,Africa/Dakar
GQNO,large_airport,MR,18.310000,-15.969722,Africa/Nouakchott
GQPA,medium_airport,MR,20.505823,-13.043744,Africa/Nouakchott
GQPP,large_airport,MR,20.932404,-17.030199,Africa/Nouakchott
GQPZ,medium_airport,MR,22.757345,-12.482228,Africa/Nouakchott
GR-0109,medium_airport,GR,35.191341,25.326588,Europe/Athens
GUCY,large_airport,GN,9.576890,-13.612000,Africa/Conakry
GVAC,large_airport,CV,16.741400,-22.949400,Atlantic/Cape_Verde
GVBA,large_airport,CV,16.136499,-22.888901,Atlantic/Cape_Verde
GVMA,medium_airport,CV,15.155900,-23.213699,Atlantic/Cape_Verde
GVNP,large_airport,CV,14.941126,-23.484728,Atlantic/Cape_Verde
GVSF,small_airport,CV,14.885000,-24.480000,Atlantic/Cape_Verde
GVSN,medium_airport,CV,16.588852,-24.284132,Atlantic/Cape_Verde
GVSV,large_airport,CV,16.833363,-25.055308,Atlantic/Cape_Verde
HAAB,large_airport,ET,8.977890,38.799301,Africa/Addis_Ababa
HAAM,medium_airport,ET,6.039390,37.590500,Africa/Addis_Ababa
HAAX,medium_airport,ET,14.146800,38.772800,Africa/Addis_Ababa
HABD,medium_airport,ET,11.608100,37.321602,Africa/Addis_Ababa
HADC,small_airport,ET,11.109750,39.725911,Africa/Addis_Ababa
HADD,small_airport,ET,8.554000,34.858002,Africa/Addis_Ababa
HADR,large_airport,ET,9.623549,41.855027,Africa/Addis_Ababa
HAGM,medium_airport,ET,8.128760,34.563099,Africa/Addis_Ababa
HAGN,medium_airport,ET,12.519900,37.433998,Africa/Addis_Ababa
HAGO,medium_airport,ET,5.935130,43.578602,Africa/Addis_Ababa
HAHM,medium_airport,ET,8.716300,39.005900,Africa/Addis_Ababa
HAJJ,large_airport,ET,9.331907,42.911811,Africa/Addis_Ababa
HAJK,medium_airport,ET,5.749655,36.560165,Africa/Addis_Ababa
HAJM,medium_airport,ET,7.666090,36.816601,Africa/Addis_Ababa
HAKD,medium_airport,ET,6.732577,44.241339,Africa/Addis_Ababa
HALA,large_airport,ET,7.100611,38.396455,Africa/Addis_Ababa
HAMK,medium_airport,ET,13.467400,39.533501,Africa/Addis_Ababa
HAMT,small_airport,ET,6.957100,35.554700,Africa/Addis_Ababa
HASL,small_airport,ET,6.077545,44.763736,Africa/Addis_Ababa
HASM,small_airport,ET,11.787500,40.991500,Africa/Addis_Ababa
HASO,medium_airport,ET,10.018500,34.586300,Africa/Addis_Ababa
HATP,small_airport,ET,7.202400,35.415000,Africa/Addis_Ababa
HBBA,large_airport,BI,-3.324020,29.318501,Africa/Bujumbura
HBBE,medium_airport,BI,-3.417209,29.911308,Africa/Bujumbura
HBBO,small_airport,BI,-2.544772,30.094575,Africa/Bujumbura
HBT,seaplane_base,LK,6.124043,81.103000,Asia/Colombo
HCMF,large_airport,SO,11.275235,49.139231,Africa/Mogadishu
HCMH,large_airport,SO,9.514082,44.083469,Africa/Mogadishu
HCMI,medium_airport,SO,10.385035,44.936723,Africa/Mogadishu
HCMK,medium_airport,SO,-0.377353,42.459202,Africa/Mogadishu
HCMM,large_airport,SO,2.014440,45.304699,Africa/Mogadishu
HCMN,small_airport,SO,4.766976,45.238800,Africa/Mogadishu
HCMR,small_airport,SO,6.780830,47.454700,Africa/Mogadishu
HCMW,small_airport,SO,8.458474,48.568136,Africa/Mogadishu
HDAM,large_airport,DJ,11.547300,43.159500,Africa/Djibouti
HE16,medium_airport,EG,30.836599,30.936001,Africa/Cairo
HE28,medium_airport,EG,30.540501,30.560200,Africa/Cairo
HE32,medium_airport,EG,30.967600,31.434200,Africa/Cairo
HE35,medium_airport,EG,30.572701,32.095299,Africa/Cairo
HE36,medium_airport,EG,30.410714,33.155350,Africa/Cairo
HE37,medium_airport,EG,30.394899,31.601400,Africa/Cairo
HE42,medium_airport,EG,30.579000,31.129200,Africa/Cairo
HEAL,large_airport,EG,30.924324,28.461610,Africa/Cairo
HEAR,large_airport,EG,31.055324,33.827964,Africa/Cairo
HEAT,large_airport,EG,27.045962,31.012760,Africa/Cairo
HEAZ,medium_airport,EG,30.091702,31.359739,Africa/Cairo
HEBA,large_airport,EG,30.932490,29.696437,Africa/Cairo
HEBL,medium_airport,EG,22.375924,31.611734,Africa/Cairo
HEBS,medium_airport,EG,29.202240,31.013471,Africa/Cairo
HECA,large_airport,EG,30.111534,31.396694,Africa/Cairo
HECP,medium_airport,EG,30.064650,31.839974,Africa/Cairo
HECW,medium_airport,EG,30.116431,30.915535,Africa/Cairo
HEGN,large_airport,EG,27.176776,33.796692,Africa/Cairo
HEGR,medium_airport,EG,31.078138,34.153131,Africa/Cairo
HEGS,medium_airport,EG,30.819799,30.191200,Africa/Cairo
HEIS,medium_airport,EG,30.597951,32.235689,Africa/Cairo
HELX,large_airport,EG,25.671018,32.706446,Africa/Cairo
HEMA,large_airport,EG,25.555548,34.592450,Africa/Cairo
HEMM,large_airport,EG,31.324313,27.222270,Africa/Cairo
HEPS,large_airport,EG,31.279285,32.240582,Africa/Cairo
HESC,medium_airport,EG,28.684292,34.064409,Africa/Cairo
HESG,large_airport,EG,26.342515,31.743017,Africa/Cairo
HESH,large_airport,EG,27.977272,34.394717,Africa/Cairo
HESN,large_airport,EG,23.961075,32.820382,Africa/Cairo
HESX,large_airport,EG,30.108179,30.895728,Africa/Cairo
HETB,medium_airport,EG,29.594496,34.775752,Africa/Cairo
HHAS,medium_airport,ER,15.291900,38.910702,Africa/Asmara
HHMS,medium_airport,ER,15.670000,39.370098,Africa/Asmara
HHSB,medium_airport,ER,13.071800,42.645000,Africa/Asmara
HJJJ,large_airport,SS,4.872010,31.601101,Africa/Juba
HKAM,medium_airport,KE,-2.644786,37.252922,Africa/Nairobi
HKEL,large_airport,KE,0.404458,35.238899,Africa/Nairobi
HKJK,large_airport,KE,-1.318886,36.928233,Africa/Nairobi
HKKI,large_airport,KE,-0.086139,34.728901,Africa/Nairobi
HKKT,medium_airport,KE,0.971989,34.958599,Africa/Nairobi
HKLK,medium_airport,KE,4.204120,34.348202,Africa/Nairobi
HKLO,medium_airport,KE,3.121970,35.608700,Africa/Nairobi
HKLU,medium_airport,KE,-2.252431,40.912892,Africa/Nairobi
HKMK,small_airport,KE,0.165083,38.195141,Africa/Nairobi
HKML,medium_airport,KE,-3.229310,40.101700,Africa/Nairobi
HKMO,large_airport,KE,-4.034830,39.594200,Africa/Nairobi
HKMS,medium_airport,KE,-1.404588,35.008349,Africa/Nairobi
HKNK,medium_airport,KE,-0.298419,36.159193,Africa/Nairobi
HKNL,medium_airport,KE,-0.062352,37.041296,Africa/Nairobi
HKNW,medium_airport,KE,-1.321720,36.814800,Africa/Nairobi
HKNY,medium_airport,KE,0.029024,37.025196,Africa/Nairobi
HKRE,medium_airport,KE,-1.277270,36.862301,Africa/Nairobi
HKWJ,medium_airport,KE,1.733240,40.091599,Africa/Nairobi
HL56,medium_airport,LY,21.687700,21.830900,Africa/Tripoli
HL68,medium_airport,LY,32.452900,23.118601,Africa/Tripoli
HL77,medium_airport,LY,32.473400,11.897900,Africa/Tripoli
HLGD,large_airport,LY,31.058578,16.597095,Africa/Tripoli
HLGT,medium_airport,LY,25.145599,10.142600,Africa/Tripoli
HLKF,medium_airport,LY,24.178699,23.313999,Africa/Tripoli
HLLB,large_airport,LY,32.096802,20.269501,Africa/Tripoli
HLLM,large_airport,LY,32.891770,13.287878,Africa/Tripoli
HLLQ,large_airport,LY,32.789036,21.954864,Africa/Tripoli
HLLS,medium_airport,LY,26.992452,14.466162,Africa/Tripoli
HLMB,medium_airport,LY,30.378099,19.576401,Africa/Tripoli
HLMS,small_airport,LY,32.325001,15.061000,Africa/Tripoli
HLTD,medium_airport,LY,30.145484,9.702095,Africa/Tripoli
HR-0034,medium_airport,HR,44.557598,15.774400,Europe/Zagreb
HRYG,medium_airport,RW,-1.677200,29.258900,Africa/Kigali
HRYR,large_airport,RW,-1.968630,30.139500,Africa/Kigali
HRZA,medium_airport,RW,-2.462240,28.907900,Africa/Kigali
HSDN,medium_airport,SD,19.153666,30.430069,Africa/Khartoum
HSFA,medium_airport,SS,10.529167,32.500556,Africa/Juba
HSFS,medium_airport,SD,13.614900,25.324600,Africa/Khartoum
HSKA,medium_airport,SD,15.387500,36.328800,Africa/Khartoum
HSMN,medium_airport,SD,18.443333,31.843333,Africa/Khartoum
HSNN,medium_airport,SD,12.053500,24.956200,Africa/Khartoum
HSOB,medium_airport,SD,13.153200,30.232700,Africa/Khartoum
HSPN,large_airport,SD,19.434558,37.234125,Africa/Khartoum
HSSG,medium_airport,SD,13.477400,22.537220,Africa/Khartoum
HSSK,large_airport,SD,15.589500,32.553200,Africa/Khartoum
HSSM,medium_airport,SS,9.558739,31.651937,Africa/Juba
HSWW,medium_airport,SS,7.725830,27.975000,Africa/Juba
HTAR,medium_airport,TZ,-3.367790,36.633301,Africa/Dar_es_Salaam
HTBU,small_airport,TZ,-1.332000,31.821200,Africa/Dar_es_Salaam
HTDA,large_airport,TZ,-6.873499,39.207288,Africa/Dar_es_Salaam
HTDO,medium_airport,TZ,-6.170559,35.756036,Africa/Dar_es_Salaam
HTGW,medium_airport,TZ,-8.919942,33.273981,Africa/Dar_es_Salaam
HTIR,medium_airport,TZ,-7.668630,35.752102,Africa/Dar_es_Salaam
HTKA,small_airport,TZ,-4.886200,29.670900,Africa/Dar_es_Salaam
HTKJ,large_airport,TZ,-3.427049,37.073530,Africa/Dar_es_Salaam
HTLM,medium_airport,TZ,-3.376310,35.818298,Africa/Dar_es_Salaam
HTMA,small_airport,TZ,-7.917478,39.668502,Africa/Dar_es_Salaam
HTMT,medium_airport,TZ,-10.336204,40.181997,Africa/Dar_es_Salaam
HTMU,small_airport,TZ,-1.503000,33.802100,Africa/Dar_es_Salaam
HTMW,large_airport,TZ,-2.446563,32.936049,Africa/Dar_es_Salaam
HTPE,medium_airport,TZ,-5.257260,39.811401,Africa/Dar_es_Salaam
HTSN,small_airport,TZ,-2.458060,34.822498,Africa/Dar_es_Salaam
HTSY,small_airport,TZ,-3.609300,33.503500,Africa/Dar_es_Salaam
HTTB,small_airport,TZ,-5.076390,32.833302,Africa/Dar_es_Salaam
HTTG,medium_airport,TZ,-5.092360,39.071201,Africa/Dar_es_Salaam
HTZA,large_airport,TZ,-6.222020,39.224899,Africa/Dar_es_Salaam
HU-0002,medium_airport,HU,46.551490,18.942299,Europe/Budapest
HUAR,medium_airport,UG,3.049152,30.911714,Africa/Kampala
HUEN,large_airport,UG,0.042386,32.443501,Africa/Kampala
HUGU,medium_airport,UG,2.805560,32.271801,Africa/Kampala
HUSO,medium_airport,UG,1.727690,33.622799,Africa/Kampala
HYL,seaplane_base,US,55.481529,-132.646008,America/Sitka
HZU,medium_airport,CN,30.677339,104.529397,Asia/Shanghai
IBL,medium_airport,MZ,-21.708000,35.452801,Africa/Maputo
ID-0004,small_airport,ID,-4.697855,140.770547,Asia/Jayapura
ID-0012,small_airport,ID,-0.019240,98.300970,Asia/Jakarta
ID-0015,heliport,ID,-8.728339,115.166369,Asia/Makassar
ID-0031,small_airport,ID,-4.725525,140.792284,Asia/Jayapura
ID-0070,small_airport,ID,-5.139139,140.717638,Asia/Jayapura
ID-0080,small_airport,ID,-4.697841,140.722425,Asia/Jayapura
ID-0094,small_airport,ID,3.598904,115.840817,Asia/Makassar
ID-0100,small_airport,ID,-4.762095,140.780554,Asia/Jayapura
ID-0111,small_airport,ID,-4.743448,140.848267,Asia/Jayapura
ID-0131,small_airport,ID,-4.765500,140.505400,Asia/Jayapura
ID-0139,small_airport,ID,2.269614,97.967863,Asia/Jakarta
ID-0144,small_airport,ID,-4.808300,140.171500,Asia/Jayapura
ID-0165,small_airport,ID,-4.540447,140.565691,Asia/Jayapura
ID-0178,small_airport,ID,-5.165884,140.381568,Asia/Jayapura
ID-0193,small_airport,ID,-4.794360,140.694470,Asia/Jayapura
ID-0195,small_airport,ID,-4.891004,140.742130,Asia/Jayapura
ID-0196,small_airport,ID,-5.097671,140.821627,Asia/Jayapura
ID-0197,small_airport,ID,-4.824475,140.873780,Asia/Jayapura
ID-0199,small_airport,ID,-4.586015,140.499844,Asia/Jayapura
ID-0200,small_airport,ID,-4.816571,140.222819,Asia/Jayapura
ID-0201,small_airport,ID,-4.638376,140.654907,Asia/Jayapura
ID-0202,small_airport,ID,-4.605771,140.634806,Asia/Jayapura
ID-0203,small_airport,ID,-4.585309,140.533962,Asia/Jayapura
ID-0204,small_airport,ID,-4.620771,140.531688,Asia/Jayapura
ID-0205,small_airport,ID,-4.580660,140.515995,Asia/Jayapura
ID-0207,small_airport,ID,-4.539485,140.462018,Asia/Jayapura
ID-0208,small_airport,ID,-4.455194,140.508871,Asia/Jayapura
ID-0209,small_airport,ID,-4.439924,140.484527,Asia/Jayapura
ID-0210,small_airport,ID,-4.464786,140.393016,Asia/Jayapura
ID-0211,small_airport,ID,-4.492260,140.657322,Asia/Jayapura
ID-0277,medium_airport,ID,-7.749527,111.946831,Asia/Jakarta
ID-0284,small_airport,ID,0.076713,99.783846,Asia/Jakarta
ID-0339,medium_airport,ID,-3.368586,135.496702,Asia/Jayapura
ID-0340,medium_airport,ID,-0.874989,100.351997,Asia/Jakarta
ID-0341,medium_airport,ID,0.063851,111.473572,Asia/Pontianak
ID-KRC,small_airport,ID,-2.094042,101.470250,Asia/Jakarta
ID-RKI,small_airport,ID,-2.094167,99.699167,Asia/Jakarta
ID-ZGP,medium_airport,ID,-3.739503,137.031183,Asia/Jayapura
IN-0015,small_airport,IN,25.661488,90.345039,Asia/Kolkata
IN-0024,small_airport,IN,18.226944,74.590833,Asia/Kolkata
IN-0025,medium_airport,IN,26.747736,82.163664,Asia/Kolkata
IN-0032,heliport,IN,22.488583,92.986950,Asia/Kolkata
IN-0069,small_airport,IN,26.247500,82.042500,Asia/Kolkata
IN-0107,medium_airport,IN,16.002552,73.529846,Asia/Kolkata
IN-0276,large_airport,IN,18.984597,73.065253,Asia/Kolkata
IN-0301,medium_airport,IN,13.858024,75.618868,Asia/Kolkata
IN-0308,medium_airport,IN,26.966830,93.638792,Asia/Kolkata
IN-0369,medium_airport,IN,20.395781,78.216272,Asia/Kolkata
IN-0392,large_airport,IN,28.179868,77.611843,Asia/Kolkata
IN-0393,medium_airport,IN,22.987530,83.196120,Asia/Kolkata
IN-JGB,small_airport,IN,19.074301,82.036797,Asia/Kolkata
IQ-0016,medium_airport,IQ,33.816262,41.436712,Asia/Baghdad
IQ-0017,medium_airport,IQ,33.363724,40.588024,Asia/Baghdad
IQ-0018,medium_airport,IQ,32.929382,39.745102,Asia/Baghdad
IQ-0020,medium_airport,IQ,33.074570,39.599617,Asia/Baghdad
IQ-0021,medium_airport,IQ,32.744926,39.599556,Asia/Baghdad
IQ-0024,medium_airport,IQ,30.546518,46.602779,Asia/Baghdad
IQ-0030,medium_airport,IQ,32.116840,46.382240,Asia/Baghdad
IQ-0034,medium_airport,IQ,31.456581,47.289791,Asia/Baghdad
IQ-0039,medium_airport,IQ,33.279327,44.493706,Asia/Baghdad
IQ-0040,medium_airport,IQ,32.406113,39.123611,Asia/Baghdad
IQ-0042,medium_airport,IQ,35.859264,42.142139,Asia/Baghdad
IQ-0045,medium_airport,IQ,34.165540,44.264304,Asia/Baghdad
IQ-0051,medium_airport,IQ,35.139721,44.133888,Asia/Baghdad
IQ-0054,medium_airport,IQ,34.937222,44.482777,Asia/Baghdad
IR-0161,medium_airport,IR,28.048160,55.521791,Asia/Tehran
IT-0574,heliport,IT,41.928140,16.012815,Europe/Rome
IT-0831,heliport,IT,45.926739,7.624593,Europe/Rome
IT-TQR,heliport,IT,42.117775,15.490655,Europe/Rome
JIO,small_airport,ID,-8.140683,127.909669,Asia/Jayapura
JO-0002,medium_airport,JO,30.343500,36.147701,Asia/Amman
JRA,heliport,US,40.755107,-74.006896,America/New_York
JUH,small_airport,CN,30.740300,117.685600,Asia/Shanghai
K61B,medium_airport,US,35.947161,-114.858799,America/Los_Angeles
K67L,medium_airport,US,36.833105,-114.055928,America/Los_Angeles
K74S,small_airport,US,48.498513,-122.662513,America/Los_Angeles
K76F,medium_airport,US,32.681499,-95.984100,America/Chicago
K79J,medium_airport,US,31.308800,-86.393799,America/Chicago
KABE,medium_airport,US,40.651773,-75.442797,America/New_York
KABI,medium_airport,US,32.411301,-99.681900,America/Chicago
KABQ,large_airport,US,35.039976,-106.608925,America/Denver
KABR,medium_airport,US,45.449100,-98.421799,America/Chicago
KABY,medium_airport,US,31.532946,-84.196215,America/New_York
KACK,medium_airport,US,41.253101,-70.060204,America/New_York
KACT,medium_airport,US,31.611300,-97.230499,America/Chicago
KACV,medium_airport,US,40.978101,-124.109000,America/Los_Angeles
KACY,medium_airport,US,39.456201,-74.577511,America/New_York
KADH,medium_airport,US,34.805214,-96.671988,America/Chicago
KADW,medium_airport,US,38.810799,-76.866997,America/New_York
KAE,seaplane_base,US,56.973000,-133.945999,America/Sitka
KAEG,medium_airport,US,35.145199,-106.794998,America/Denver
KAEX,medium_airport,US,31.325828,-92.546702,America/Chicago
KAFW,medium_airport,US,32.990440,-97.319470,America/Chicago
KAGC,medium_airport,US,40.354401,-79.930199,America/New_York
KAGS,medium_airport,US,33.369900,-81.964500,America/New_York
KAHN,medium_airport,US,33.948842,-83.325634,America/New_York
KAIA,medium_airport,US,42.052543,-102.803965,America/Denver
KAKR,medium_airport,US,41.037355,-81.467840,America/New_York
KALB,large_airport,US,42.748299,-73.801697,America/New_York
KALI,medium_airport,US,27.740900,-98.026901,America/Chicago
KALM,medium_airport,US,32.837818,-105.993149,America/Denver
KALN,medium_airport,US,38.890301,-90.045998,America/Chicago
KALO,medium_airport,US,42.557098,-92.400299,America/Chicago
KALS,medium_airport,US,37.434898,-105.866997,America/Denver
KALW,medium_airport,US,46.094898,-118.288002,America/Los_Angeles
KAMA,medium_airport,US,35.217857,-101.706444,America/Chicago
KANB,medium_airport,US,33.588200,-85.858100,America/Chicago
KAND,medium_airport,US,34.494598,-82.709396,America/New_York
KAOO,medium_airport,US,40.296398,-78.320000,America/New_York
KAPA,medium_airport,US,39.570099,-104.848999,America/Denver
KAPF,medium_airport,US,26.152599,-81.775299,America/New_York
KAPG,medium_airport,US,39.466202,-76.168800,America/New_York
KAPN,medium_airport,US,45.078098,-83.560303,America/Detroit
KARA,medium_airport,US,30.037800,-91.883904,America/Chicago
KART,medium_airport,US,43.991901,-76.021698,America/New_York
KASE,medium_airport,US,39.223202,-106.869003,America/Denver
KAST,medium_airport,US,46.158001,-123.878998,America/Los_Angeles
KATL,large_airport,US,33.636700,-84.428101,America/New_York
KATW,medium_airport,US,44.258515,-88.519000,America/Chicago
KATY,medium_airport,US,44.914001,-97.154701,America/Chicago
KAUG,medium_airport,US,44.320599,-69.797302,America/New_York
KAUS,large_airport,US,30.197535,-97.662015,America/Chicago
KAUW,medium_airport,US,44.926201,-89.626602,America/Chicago
KAVL,medium_airport,US,35.435488,-82.541853,America/New_York
KAVP,medium_airport,US,41.337064,-75.724232,America/New_York
KAWO,medium_airport,US,48.161448,-122.158442,America/Los_Angeles
KAXN,medium_airport,US,45.866299,-95.394699,America/Chicago
KAZO,medium_airport,US,42.232105,-85.549637,America/Detroit
KBAB,medium_airport,US,39.136101,-121.436996,America/Los_Angeles
KBAD,medium_airport,US,32.501801,-93.662697,America/Chicago
KBAF,medium_airport,US,42.157799,-72.715599,America/New_York
KBAK,medium_airport,US,39.262386,-85.895576,America/Indiana/Indianapolis
KBAZ,medium_airport,US,29.704500,-98.042198,America/Chicago
KBBD,medium_airport,US,31.178931,-99.324732,America/Chicago
KBBG,medium_airport,US,36.532082,-93.200544,America/Chicago
KBCE,medium_airport,US,37.706402,-112.144997,America/Denver
KBCT,medium_airport,US,26.378500,-80.107697,America/New_York
KBDE,medium_airport,US,48.728401,-94.612198,America/Chicago
KBDL,large_airport,US,41.938555,-72.688016,America/New_York
KBDR,medium_airport,US,41.163502,-73.126198,America/New_York
KBED,medium_airport,US,42.470001,-71.289001,America/New_York
KBFD,medium_airport,US,41.803101,-78.640099,America/New_York
KBFF,medium_airport,US,41.874001,-103.596001,America/Denver
KBFI,medium_airport,US,47.527042,-122.299950,America/Los_Angeles
KBFL,medium_airport,US,35.433601,-119.056999,America/Los_Angeles
KBFM,medium_airport,US,30.626801,-88.068100,America/Chicago
KBGM,medium_airport,US,42.208698,-75.979797,America/New_York
KBGR,medium_airport,US,44.806364,-68.826668,America/New_York
KBHB,medium_airport,US,44.450001,-68.361504,America/New_York
KBHM,large_airport,US,33.562877,-86.750712,America/Chicago
KBID,small_airport,US,41.168446,-71.578631,America/New_York
KBIF,medium_airport,US,31.849501,-106.379997,America/Denver
KBIH,medium_airport,US,37.373100,-118.363998,America/Los_Angeles
KBIL,medium_airport,US,45.808932,-108.541242,America/Denver
KBIS,medium_airport,US,46.772734,-100.746874,America/Chicago
KBIX,medium_airport,US,30.410400,-88.924400,America/Chicago
KBJC,medium_airport,US,39.908798,-105.116997,America/Denver
KBJI,medium_airport,US,47.509399,-94.933701,America/Chicago
KBKE,medium_airport,US,44.837299,-117.808998,America/Los_Angeles
KBKF,medium_airport,US,39.701698,-104.751999,America/Denver
KBKL,medium_airport,US,41.517502,-81.683296,America/New_York
KBKW,medium_airport,US,37.787300,-81.124199,America/New_York
KBLF,medium_airport,US,37.295799,-81.207703,America/New_York
KBLH,medium_airport,US,33.619202,-114.717003,America/Los_Angeles
KBLI,medium_airport,US,48.792801,-122.538002,America/Los_Angeles
KBLV,medium_airport,US,38.545200,-89.835197,America/Chicago
KBMG,medium_airport,US,39.146000,-86.616699,America/Indiana/Indianapolis
KBMI,medium_airport,US,40.477100,-88.915901,America/Chicago
KBNA,large_airport,US,36.124500,-86.678200,America/Chicago
KBNO,medium_airport,US,43.590463,-118.955154,America/Los_Angeles
KBOI,large_airport,US,43.564400,-116.223000,America/Boise
KBOS,large_airport,US,42.361970,-71.007900,America/New_York
KBPI,medium_airport,US,42.585098,-110.111000,America/Denver
KBPK,medium_airport,US,36.368900,-92.470497,America/Chicago
KBPT,medium_airport,US,29.950800,-94.020699,America/Chicago
KBQK,medium_airport,US,31.258801,-81.466499,America/New_York
KBRD,medium_airport,US,46.402861,-94.129727,America/Chicago
KBRL,medium_airport,US,40.783199,-91.125504,America/Chicago
KBRO,medium_airport,US,25.907238,-97.425235,America/Chicago
KBTL,medium_airport,US,42.307301,-85.251503,America/Detroit
KBTM,medium_airport,US,45.954800,-112.497002,America/Denver
KBTR,medium_airport,US,30.533199,-91.149597,America/Chicago
KBTV,medium_airport,US,44.471901,-73.153297,America/New_York
KBUF,large_airport,US,42.940498,-78.732201,America/New_York
KBUR,large_airport,US,34.202834,-118.358050,America/Los_Angeles
KBVI,medium_airport,US,40.772499,-80.391403,America/New_York
KBVY,medium_airport,US,42.584202,-70.916496,America/New_York
KBWG,medium_airport,US,36.964500,-86.419701,America/Chicago
KBWI,large_airport,US,39.175400,-76.668297,America/New_York
KBXM,medium_airport,US,43.892200,-69.938599,America/New_York
KBYH,medium_airport,US,35.964298,-89.944000,America/Chicago
KBYI,medium_airport,US,42.542599,-113.772003,America/Boise
KBYS,medium_airport,US,35.280499,-116.629997,America/Los_Angeles
KBZN,medium_airport,US,45.778853,-111.153711,America/Denver
KCAE,medium_airport,US,33.938172,-81.123022,America/New_York
KCAK,medium_airport,US,40.916100,-81.442200,America/New_York
KCAR,medium_airport,US,46.871498,-68.017899,America/New_York
KCBM,medium_airport,US,33.643799,-88.443802,America/Chicago
KCC,seaplane_base,US,56.012586,-132.835093,America/Sitka
KCCR,medium_airport,US,37.989700,-122.056999,America/Los_Angeles
KCCY,medium_airport,US,43.072601,-92.610802,America/Chicago
KCDC,medium_airport,US,37.701000,-113.098999,America/Denver
KCDR,medium_airport,US,42.837601,-103.095001,America/Denver
KCDS,medium_airport,US,34.433800,-100.288002,America/Chicago
KCEC,medium_airport,US,41.778929,-124.236403,America/Los_Angeles
KCEF,medium_airport,US,42.194000,-72.534798,America/New_York
KCEW,medium_airport,US,30.778799,-86.522102,America/Chicago
KCEZ,medium_airport,US,37.303001,-108.627998,America/Denver
KCGF,medium_airport,US,41.565102,-81.486397,America/New_York
KCGI,medium_airport,US,37.225300,-89.570801,America/Chicago
KCHA,medium_airport,US,35.035301,-85.203796,America/New_York
KCHO,medium_airport,US,38.138599,-78.452904,America/New_York
KCHS,large_airport,US,32.896159,-80.038151,America/New_York
KCID,medium_airport,US,41.884701,-91.710800,America/Chicago
KCIU,medium_airport,US,46.242038,-84.462082,America/Detroit
KCKB,medium_airport,US,39.296600,-80.228104,America/New_York
KCLE,large_airport,US,41.411701,-81.849800,America/New_York
KCLL,medium_airport,US,30.588600,-96.363800,America/Chicago
KCLM,medium_airport,US,48.120201,-123.500000,America/Los_Angeles
KCLT,large_airport,US,35.214001,-80.943100,America/New_York
KCMA,medium_airport,US,34.213699,-119.094002,America/Los_Angeles
KCMH,large_airport,US,39.998001,-82.891899,America/New_York
KCMI,medium_airport,US,40.039819,-88.276249,America/Chicago
KCMX,medium_airport,US,47.168400,-88.489098,America/Detroit
KCNM,medium_airport,US,32.337502,-104.263000,America/Denver
KCNU,medium_airport,US,37.668173,-95.486727,America/Chicago
KCNY,medium_airport,US,38.755001,-109.754997,America/Denver
KCOD,medium_airport,US,44.520199,-109.024002,America/Denver
KCOE,medium_airport,US,47.774300,-116.820000,America/Los_Angeles
KCOF,medium_airport,US,28.234900,-80.610100,America/New_York
KCON,medium_airport,US,43.202702,-71.502296,America/New_York
KCOS,large_airport,US,38.805801,-104.700996,America/Denver
KCOU,medium_airport,US,38.818100,-92.219597,America/Chicago
KCPR,medium_airport,US,42.907381,-106.461609,America/Denver
KCRE,medium_airport,US,33.811699,-78.723900,America/New_York
KCRG,medium_airport,US,30.336300,-81.514397,America/New_York
KCRP,medium_airport,US,27.770399,-97.501198,America/Chicago
KCRQ,medium_airport,US,33.128300,-117.279999,America/Los_Angeles
KCRW,medium_airport,US,38.373100,-81.593201,America/New_York
KCSG,medium_airport,US,32.516415,-84.939602,America/New_York
KCSV,medium_airport,US,35.951310,-85.084990,America/Chicago
KCTB,medium_airport,US,48.608657,-112.378183,America/Denver
KCUB,medium_airport,US,33.970501,-80.995201,America/New_York
KCVG,large_airport,US,39.048801,-84.667801,America/New_York
KCVN,medium_airport,US,34.426594,-103.078794,America/Denver
KCVO,medium_airport,US,44.497200,-123.290001,America/Los_Angeles
KCVS,medium_airport,US,34.382801,-103.321999,America/Denver
KCVX,small_airport,US,45.304798,-85.274803,America/Detroit
KCWA,medium_airport,US,44.777448,-89.670238,America/Chicago
KCXO,medium_airport,US,30.351801,-95.414497,America/Chicago
KCXP,medium_airport,US,39.194331,-119.734312,America/Los_Angeles
KCYS,medium_airport,US,41.155701,-104.811997,America/Denver
KDAA,medium_airport,US,38.715000,-77.181000,America/New_York
KDAB,medium_airport,US,29.182550,-81.059464,America/New_York
KDAG,medium_airport,US,34.853699,-116.787003,America/Los_Angeles
KDAL,large_airport,US,32.844776,-96.847653,America/Chicago
KDAN,medium_airport,US,36.572899,-79.336098,America/New_York
KDAY,medium_airport,US,39.902401,-84.219398,America/New_York
KDBQ,medium_airport,US,42.402000,-90.709503,America/Chicago
KDCA,large_airport,US,38.852100,-77.037697,America/New_York
KDDC,medium_airport,US,37.763401,-99.965599,America/Chicago
KDEC,medium_airport,US,39.834599,-88.865700,America/Chicago
KDEN,large_airport,US,39.860027,-104.673792,America/Denver
KDET,medium_airport,US,42.409199,-83.009903,America/Detroit
KDFW,large_airport,US,32.896801,-97.038002,America/Chicago
KDHN,medium_airport,US,31.321301,-85.449600,America/Chicago
KDHT,medium_airport,US,36.022598,-102.546997,America/Chicago
KDIK,medium_airport,US,46.797533,-102.801905,America/Denver
KDLF,medium_airport,US,29.359501,-100.778002,America/Chicago
KDLH,medium_airport,US,46.841873,-92.198746,America/Chicago
KDLS,medium_airport,US,45.620979,-121.170777,America/Los_Angeles
KDMA,medium_airport,US,32.166500,-110.883003,America/Phoenix
KDMN,medium_airport,US,32.262299,-107.721001,America/Denver
KDNL,medium_airport,US,33.466499,-82.039398,America/New_York
KDOV,medium_airport,US,39.129501,-75.466003,America/New_York
KDPA,medium_airport,US,41.907799,-88.248596,America/Chicago
KDRA,medium_airport,US,36.619400,-116.032997,America/Los_Angeles
KDRI,medium_airport,US,30.831699,-93.339897,America/Chicago
KDRO,medium_airport,US,37.151501,-107.753998,America/Denver
KDRT,medium_airport,US,29.374201,-100.927002,America/Chicago
KDSM,large_airport,US,41.534027,-93.656719,America/Chicago
KDTS,medium_airport,US,30.400101,-86.471497,America/Chicago
KDTW,large_airport,US,42.213770,-83.353786,America/Detroit
KDUA,medium_airport,US,33.939675,-96.395072,America/Chicago
KDUG,medium_airport,US,31.464139,-109.604560,America/Phoenix
KDUJ,medium_airport,US,41.178299,-78.898697,America/New_York
KDVL,medium_airport,US,48.115454,-98.908796,America/Chicago
KDXR,medium_airport,US,41.371656,-73.482227,America/New_York
KDYS,medium_airport,US,32.420799,-99.854599,America/Chicago
KDZ,seaplane_base,LK,7.325100,80.642200,Asia/Colombo
KEAR,medium_airport,US,40.727001,-99.006798,America/Chicago
KEAT,medium_airport,US,47.398899,-120.207001,America/Los_Angeles
KEAU,medium_airport,US,44.865799,-91.484299,America/Chicago
KEB,small_airport,US,59.352100,-151.925003,America/Anchorage
KECG,medium_airport,US,36.260601,-76.174599,America/New_York
KECP,medium_airport,US,30.357106,-85.795414,America/Chicago
KEDC,medium_airport,US,30.398049,-97.566909,America/Chicago
KEDW,medium_airport,US,34.910781,-117.886391,America/Los_Angeles
KEED,medium_airport,US,34.766300,-114.623001,America/Los_Angeles
KEEN,medium_airport,US,42.898399,-72.270798,America/New_York
KEET,medium_airport,US,33.176998,-86.782799,America/Chicago
KEFD,medium_airport,US,29.607300,-95.158798,America/Chicago
KEGE,medium_airport,US,39.642601,-106.917999,America/Denver
KEGI,medium_airport,US,30.650400,-86.522903,America/Chicago
KEKA,medium_airport,US,40.803398,-124.112999,America/Los_Angeles
KEKN,medium_airport,US,38.889759,-79.857651,America/New_York
KEKO,medium_airport,US,40.824902,-115.792000,America/Los_Angeles
KELD,medium_airport,US,33.221001,-92.813301,America/Chicago
KELM,medium_airport,US,42.159901,-76.891602,America/New_York
KELO,medium_airport,US,47.824501,-91.830704,America/Chicago
KELP,large_airport,US,31.809908,-106.375607,America/Denver
KELY,medium_airport,US,39.299702,-114.842003,America/Los_Angeles
KEND,medium_airport,US,36.339199,-97.916496,America/Chicago
KENV,medium_airport,US,40.718700,-114.030998,America/Denver
KENW,medium_airport,US,42.595699,-87.927803,America/Chicago
KERI,medium_airport,US,42.083127,-80.173867,America/New_York
KESC,medium_airport,US,45.723199,-87.088623,America/Detroit
KESF,medium_airport,US,31.394266,-92.294082,America/Chicago
KEUG,medium_airport,US,44.124599,-123.211998,America/Los_Angeles
KEVV,medium_airport,US,38.036999,-87.532402,America/Chicago
KEVW,medium_airport,US,41.274799,-111.035004,America/Denver
KEWB,medium_airport,US,41.676102,-70.956902,America/New_York
KEWN,medium_airport,US,35.073002,-77.042900,America/New_York
KEWR,large_airport,US,40.689400,-74.170545,America/New_York
KEYW,medium_airport,US,24.556119,-81.759579,America/New_York
KFAF,medium_airport,US,37.132500,-76.608803,America/New_York
KFAR,medium_airport,US,46.920700,-96.815804,America/Chicago
KFAT,large_airport,US,36.775767,-119.718018,America/Los_Angeles
KFAY,medium_airport,US,34.991199,-78.880302,America/New_York
KFBG,medium_airport,US,35.131802,-78.936699,America/New_York
KFCS,medium_airport,US,38.678398,-104.757004,America/Denver
KFDY,medium_airport,US,41.013500,-83.668701,America/New_York
KFFO,medium_airport,US,39.826099,-84.048302,America/New_York
KFHR,medium_airport,US,48.523654,-123.024645,America/Los_Angeles
KFHU,medium_airport,US,31.587383,-110.348225,America/Phoenix
KFKL,medium_airport,US,41.377899,-79.860397,America/New_York
KFLG,medium_airport,US,35.139757,-111.669826,America/Phoenix
KFLL,large_airport,US,26.072599,-80.152702,America/New_York
KFLO,medium_airport,US,34.185398,-79.723900,America/New_York
KFME,medium_airport,US,39.085400,-76.759399,America/New_York
KFMN,medium_airport,US,36.741199,-108.230003,America/Denver
KFMY,medium_airport,US,26.586599,-81.863297,America/New_York
KFNL,medium_airport,US,40.449690,-105.011272,America/Denver
KFNT,medium_airport,US,42.969294,-83.743355,America/Detroit
KFOD,medium_airport,US,42.552624,-94.191237,America/Chicago
KFOE,medium_airport,US,38.950901,-95.663597,America/Chicago
KFPR,medium_airport,US,27.495100,-80.368301,America/New_York
KFRG,medium_airport,US,40.728576,-73.414267,America/New_York
KFRI,medium_airport,US,39.053021,-96.764202,America/Chicago
KFSD,medium_airport,US,43.585463,-96.741152,America/Chicago
KFSI,medium_airport,US,34.649799,-98.402199,America/Chicago
KFSM,medium_airport,US,35.336601,-94.367401,America/Chicago
KFST,medium_airport,US,30.915701,-102.916000,America/Chicago
KFTK,medium_airport,US,37.907101,-85.972099,America/New_York
KFTW,medium_airport,US,32.819919,-97.360818,America/Chicago
KFTY,medium_airport,US,33.779099,-84.521400,America/New_York
KFWA,medium_airport,US,40.978896,-85.194465,America/Indiana/Indianapolis
KFXE,medium_airport,US,26.197300,-80.170700,America/New_York
KFYV,medium_airport,US,36.005100,-94.170097,America/Chicago
KG-0001,medium_airport,KG,40.944401,72.977798,Asia/Bishkek
KG-0002,small_airport,KG,41.441502,76.130600,Asia/Bishkek
KG-0004,small_airport,KG,42.505901,72.263100,Asia/Bishkek
KG-0006,small_airport,KG,42.153099,77.563904,Asia/Bishkek
KG-0007,small_airport,KG,42.828899,75.335999,Asia/Bishkek
KG-0014,small_airport,KG,41.484501,71.733704,Asia/Bishkek
KG-0018,small_airport,KG,40.271702,72.047096,Asia/Bishkek
KGCC,medium_airport,US,44.348900,-105.539001,America/Denver
KGCK,medium_airport,US,37.927502,-100.723999,America/Chicago
KGCN,medium_airport,US,35.952400,-112.147003,America/Phoenix
KGDV,medium_airport,US,47.137658,-104.806910,America/Denver
KGEG,large_airport,US,47.619900,-117.533997,America/Los_Angeles
KGFK,medium_airport,US,47.949299,-97.176102,America/Chicago
KGFL,medium_airport,US,43.341202,-73.610298,America/New_York
KGGG,medium_airport,US,32.383999,-94.711502,America/Chicago
KGGW,medium_airport,US,48.212502,-106.614998,America/Denver
KGJT,medium_airport,US,39.126663,-108.529387,America/Denver
KGLD,medium_airport,US,39.370701,-101.699753,America/Denver
KGLH,medium_airport,US,33.482899,-90.985603,America/Chicago
KGLS,medium_airport,US,29.265301,-94.860397,America/Chicago
KGMU,medium_airport,US,34.847903,-82.350217,America/New_York
KGNV,medium_airport,US,29.690100,-82.271797,America/New_York
KGON,medium_airport,US,41.330101,-72.045097,America/New_York
KGPI,medium_airport,US,48.310501,-114.255997,America/Denver
KGPT,medium_airport,US,30.405582,-89.069836,America/Chicago
KGRB,medium_airport,US,44.483459,-88.130805,America/Chicago
KGRF,medium_airport,US,47.079201,-122.581001,America/Los_Angeles
KGRI,medium_airport,US,40.967499,-98.309601,America/Chicago
KGRK,medium_airport,US,31.067200,-97.828903,America/Chicago
KGRR,large_airport,US,42.880798,-85.522797,America/Detroit
KGSB,medium_airport,US,35.339401,-77.960602,America/New_York
KGSO,large_airport,US,36.099370,-79.937262,America/New_York
KGSP,medium_airport,US,34.895699,-82.218903,America/New_York
KGTB,medium_airport,US,44.055599,-75.719498,America/New_York
KGTF,medium_airport,US,47.481998,-111.371002,America/Denver
KGTR,medium_airport,US,33.450298,-88.591400,America/Chicago
KGUC,medium_airport,US,38.534672,-106.934566,America/Denver
KGUP,medium_airport,US,35.511653,-108.788166,America/Denver
KGUS,medium_airport,US,40.648102,-86.152100,America/Indiana/Indianapolis
KGUY,medium_airport,US,36.685101,-101.508003,America/Chicago
KGWO,medium_airport,US,33.495025,-90.088204,America/Chicago
KGX,small_airport,US,62.895187,-160.066289,America/Anchorage
KGYI,medium_airport,US,33.714100,-96.673698,America/Chicago
KGYY,medium_airport,US,41.617087,-87.413206,America/Chicago
KH-0001,large_airport,KH,10.914244,103.226652,Asia/Phnom_Penh
KH-0002,large_airport,KH,11.359987,104.921272,Asia/Phnom_Penh
KHBG,medium_airport,US,31.264799,-89.252800,America/Chicago
KHBR,medium_airport,US,34.991317,-99.051313,America/Chicago
KHDN,medium_airport,US,40.481201,-107.218002,America/Denver
KHEF,medium_airport,US,38.723021,-77.515422,America/New_York
KHFD,medium_airport,US,41.736698,-72.649399,America/New_York
KHGR,medium_airport,US,39.708771,-77.728014,America/New_York
KHHR,medium_airport,US,33.922798,-118.334999,America/Los_Angeles
KHIB,medium_airport,US,47.384831,-92.836905,America/Chicago
KHIF,medium_airport,US,41.124030,-111.973086,America/Denver
KHII,medium_airport,US,34.570506,-114.357745,America/Phoenix
KHIO,medium_airport,US,45.540401,-122.949997,America/Los_Angeles
KHKY,medium_airport,US,35.741100,-81.389503,America/New_York
KHLG,medium_airport,US,40.174999,-80.646301,America/New_York
KHLN,medium_airport,US,46.606800,-111.983002,America/Denver
KHMN,medium_airport,US,32.852501,-106.107002,America/Denver
KHOB,medium_airport,US,32.687500,-103.217003,America/Denver
KHON,medium_airport,US,44.385201,-98.228500,America/Chicago
KHOP,medium_airport,US,36.674154,-87.489740,America/Chicago
KHOT,medium_airport,US,34.478800,-93.096262,America/Chicago
KHOU,large_airport,US,29.645336,-95.276812,America/Chicago
KHPN,medium_airport,US,41.067001,-73.707603,America/New_York
KHQM,medium_airport,US,46.971199,-123.936996,America/Los_Angeles
KHRL,medium_airport,US,26.228500,-97.654404,America/Chicago
KHRO,medium_airport,US,36.261501,-93.154701,America/Chicago
KHRT,medium_airport,US,30.427799,-86.689301,America/Chicago
KHST,medium_airport,US,25.488600,-80.383598,America/New_York
KHSV,medium_airport,US,34.636244,-86.774378,America/Chicago
KHTS,medium_airport,US,38.366699,-82.557999,America/New_York
KHUA,medium_airport,US,34.678699,-86.684799,America/Chicago
KHUF,medium_airport,US,39.451500,-87.307602,America/Indiana/Indianapolis
KHUL,medium_airport,US,46.123100,-67.792099,America/New_York
KHUT,medium_airport,US,38.065498,-97.860603,America/Chicago
KHVN,medium_airport,US,41.262869,-72.887694,America/New_York
KHVR,medium_airport,US,48.541387,-109.762859,America/Denver
KHWO,medium_airport,US,26.001200,-80.240700,America/New_York
KHXD,medium_airport,US,32.224400,-80.697502,America/New_York
KHYA,medium_airport,US,41.669300,-70.280403,America/New_York
KHYI,medium_airport,US,29.892700,-97.862999,America/Chicago
KHYR,medium_airport,US,46.025200,-91.444298,America/Chicago
KHYS,medium_airport,US,38.844521,-99.273148,America/Chicago
KHZY,medium_airport,US,41.778000,-80.695503,America/New_York
KI39,medium_airport,US,37.630798,-84.332298,America/New_York
KIAB,medium_airport,US,37.621899,-97.268204,America/Chicago
KIAD,large_airport,US,38.944500,-77.455803,America/New_York
KIAG,medium_airport,US,43.107300,-78.946198,America/New_York
KIAH,large_airport,US,29.984400,-95.341400,America/Chicago
KICT,medium_airport,US,37.650314,-97.428583,America/Chicago
KIDA,medium_airport,US,43.514599,-112.070999,America/Boise
KIFP,medium_airport,US,35.154726,-114.559322,America/Phoenix
KIGM,medium_airport,US,35.259499,-113.938004,America/Phoenix
KIKK,medium_airport,US,41.071400,-87.846298,America/Chicago
KILG,medium_airport,US,39.678699,-75.606499,America/New_York
KILM,medium_airport,US,34.272345,-77.905117,America/New_York
KILN,medium_airport,US,39.427898,-83.792099,America/New_York
KIMT,medium_airport,US,45.819110,-88.114557,America/Menominee
KIND,large_airport,US,39.717300,-86.294403,America/Indiana/Indianapolis
KINK,medium_airport,US,31.779600,-103.200996,America/Chicago
KINL,medium_airport,US,48.566200,-93.403099,America/Chicago
KINT,medium_airport,US,36.133701,-80.222000,America/New_York
KINW,medium_airport,US,35.021900,-110.723000,America/Phoenix
KIPL,medium_airport,US,32.835390,-115.574026,America/Los_Angeles
KIPT,medium_airport,US,41.242126,-76.922450,America/New_York
KIRK,medium_airport,US,40.093498,-92.544899,America/Chicago
KISM,medium_airport,US,28.289801,-81.437103,America/New_York
KISO,medium_airport,US,35.331402,-77.608803,America/New_York
KISP,medium_airport,US,40.796324,-73.101703,America/New_York
KITH,medium_airport,US,42.491001,-76.458397,America/New_York
KIWA,medium_airport,US,33.307800,-111.654999,America/Phoenix
KIWD,small_airport,US,46.525298,-90.131578,America/Menominee
KJAC,medium_airport,US,43.607300,-110.737999,America/Denver
KJAN,medium_airport,US,32.311199,-90.075897,America/Chicago
KJAX,large_airport,US,30.492469,-81.687813,America/New_York
KJBR,medium_airport,US,35.831699,-90.646400,America/Chicago
KJCT,medium_airport,US,30.511299,-99.763496,America/Chicago
KJFK,large_airport,US,40.639447,-73.779317,America/New_York
KJHW,medium_airport,US,42.154250,-79.254008,America/New_York
KJKL,medium_airport,US,37.593899,-83.317299,America/New_York
KJLN,medium_airport,US,37.151798,-94.498299,America/Chicago
KJMS,medium_airport,US,46.929699,-98.678200,America/Chicago
KJNX,medium_airport,US,35.540901,-78.390297,America/New_York
KJQF,medium_airport,US,35.387798,-80.709099,America/New_York
KJST,medium_airport,US,40.316101,-78.833900,America/New_York
KJWY,medium_airport,US,32.458700,-96.912399,America/Chicago
KJXN,medium_airport,US,42.260509,-84.463019,America/Detroit
KKB,seaplane_base,US,58.190899,-152.369995,America/Anchorage
KKLS,medium_airport,US,46.118000,-122.898003,America/Los_Angeles
KL45,medium_airport,US,35.324799,-118.996002,America/Los_Angeles
KL71,medium_airport,US,35.151377,-118.016059,America/Los_Angeles
KLAA,medium_airport,US,38.066407,-102.691373,America/Denver
KLAF,medium_airport,US,40.412875,-86.939363,America/Indiana/Indianapolis
KLAL,medium_airport,US,27.989267,-82.020715,America/New_York
KLAN,medium_airport,US,42.777582,-84.585721,America/Detroit
KLAR,medium_airport,US,41.312099,-105.675003,America/Denver
KLAS,large_airport,US,36.083361,-115.151817,America/Los_Angeles
KLAW,medium_airport,US,34.567699,-98.416603,America/Chicago
KLAX,large_airport,US,33.942501,-118.407997,America/Los_Angeles
KLBB,medium_airport,US,33.663601,-101.822998,America/Chicago
KLBE,medium_airport,US,40.275902,-79.404800,America/New_York
KLBF,medium_airport,US,41.126202,-100.683998,America/Chicago
KLBL,medium_airport,US,37.044201,-100.959999,America/Chicago
KLBT,medium_airport,US,34.610773,-79.059430,America/New_York
KLBX,medium_airport,US,29.108601,-95.462097,America/Chicago
KLCH,medium_airport,US,30.126101,-93.223297,America/Chicago
KLCK,medium_airport,US,39.813801,-82.927803,America/New_York
KLEB,medium_airport,US,43.626099,-72.304199,America/New_York
KLEE,medium_airport,US,28.823099,-81.808701,America/New_York
KLEX,medium_airport,US,38.035066,-84.606738,America/New_York
KLFI,medium_airport,US,37.082901,-76.360497,America/New_York
KLFK,medium_airport,US,31.233999,-94.750000,America/Chicago
KLFT,medium_airport,US,30.205299,-91.987602,America/Chicago
KLGA,large_airport,US,40.777199,-73.872597,America/New_York
KLGB,large_airport,US,33.816523,-118.149891,America/Los_Angeles
KLGU,medium_airport,US,41.791199,-111.851997,America/Denver
KLIT,medium_airport,US,34.729222,-92.223591,America/Chicago
KLLQ,medium_airport,US,33.638599,-91.750999,America/Chicago
KLMT,medium_airport,US,42.156101,-121.733002,America/Los_Angeles
KLND,medium_airport,US,42.815201,-108.730003,America/Denver
KLNK,medium_airport,US,40.844882,-96.761780,America/Chicago
KLNS,medium_airport,US,40.121700,-76.296097,America/New_York
KLOL,medium_airport,US,40.066399,-118.565002,America/Los_Angeles
KLOU,medium_airport,US,38.228001,-85.663696,America/Kentucky/Louisville
KLOZ,medium_airport,US,37.082199,-84.084900,America/New_York
KLRD,medium_airport,US,27.543800,-99.461601,America/Chicago
KLRF,medium_airport,US,34.916901,-92.149696,America/Chicago
KLRU,medium_airport,US,32.289398,-106.921997,America/Denver
KLSE,medium_airport,US,43.879002,-91.256699,America/Chicago
KLSF,medium_airport,US,32.332546,-84.988003,America/New_York
KLSV,medium_airport,US,36.236198,-115.033997,America/Los_Angeles
KLTS,medium_airport,US,34.667099,-99.266701,America/Chicago
KLUF,medium_airport,US,33.535000,-112.383003,America/Phoenix
KLUK,medium_airport,US,39.102357,-84.418945,America/New_York
KLVM,medium_airport,US,45.699402,-110.447998,America/Denver
KLVS,medium_airport,US,35.654202,-105.141998,America/Denver
KLWB,medium_airport,US,37.857914,-80.400438,America/New_York
KLWM,medium_airport,US,42.717201,-71.123398,America/New_York
KLWS,medium_airport,US,46.374500,-117.014999,America/Los_Angeles
KLWT,medium_airport,US,47.048429,-109.466143,America/Denver
KLYH,medium_airport,US,37.326698,-79.200401,America/New_York
KMAF,medium_airport,US,31.942499,-102.202003,America/Chicago
KMBG,medium_airport,US,45.546501,-100.407997,America/Chicago
KMBL,small_airport,US,44.272707,-86.246495,America/Detroit
KMBS,medium_airport,US,43.533181,-84.083104,America/Detroit
KMCB,medium_airport,US,31.178499,-90.471901,America/Chicago
KMCC,medium_airport,US,38.667599,-121.401001,America/Los_Angeles
KMCE,medium_airport,US,37.284698,-120.514000,America/Los_Angeles
KMCF,medium_airport,US,27.849300,-82.521202,America/New_York
KMCI,large_airport,US,39.301699,-94.713893,America/Chicago
KMCK,medium_airport,US,40.207787,-100.592794,America/Chicago
KMCN,medium_airport,US,32.692799,-83.649200,America/New_York
KMCO,large_airport,US,28.429399,-81.308998,America/New_York
KMCW,medium_airport,US,43.159801,-93.329716,America/Chicago
KMDH,medium_airport,US,37.778099,-89.251999,America/Chicago
KMDT,medium_airport,US,40.192838,-76.762333,America/New_York
KMDW,large_airport,US,41.785999,-87.752403,America/Chicago
KMEI,medium_airport,US,32.332600,-88.751900,America/Chicago
KMEM,large_airport,US,35.043845,-89.976340,America/Chicago
KMER,medium_airport,US,37.380501,-120.568001,America/Los_Angeles
KMFD,medium_airport,US,40.821400,-82.516602,America/New_York
KMFE,medium_airport,US,26.176141,-98.237965,America/Chicago
KMFR,medium_airport,US,42.374199,-122.873001,America/Los_Angeles
KMGC,medium_airport,US,41.703300,-86.821198,America/Chicago
KMGE,medium_airport,US,33.915401,-84.516296,America/New_York
KMGM,medium_airport,US,32.300598,-86.393997,America/Chicago
KMGW,medium_airport,US,39.643305,-79.917598,America/New_York
KMHK,medium_airport,US,39.140999,-96.670799,America/Chicago
KMHR,medium_airport,US,38.554744,-121.297989,America/Los_Angeles
KMHT,medium_airport,US,42.932598,-71.435699,America/New_York
KMHV,medium_airport,US,35.056391,-118.145342,America/Los_Angeles
KMIA,large_airport,US,25.796011,-80.289751,America/New_York
KMIB,medium_airport,US,48.415600,-101.358002,America/Chicago
KMIE,medium_airport,US,40.242298,-85.395897,America/Indiana/Indianapolis
KMIV,medium_airport,US,39.367802,-75.072197,America/New_York
KMKC,medium_airport,US,39.123199,-94.592796,America/Chicago
KMKE,large_airport,US,42.947201,-87.896599,America/Chicago
KMKG,medium_airport,US,43.169498,-86.238197,America/Detroit
KMKL,medium_airport,US,35.599899,-88.915604,America/Chicago
KMLB,medium_airport,US,28.102009,-80.641088,America/New_York
KMLC,medium_airport,US,34.882401,-95.783501,America/Chicago
KMLI,medium_airport,US,41.448502,-90.507500,America/Chicago
KMLS,medium_airport,US,46.427268,-105.885372,America/Denver
KMLU,medium_airport,US,32.510899,-92.037697,America/Chicago
KMMH,medium_airport,US,37.625381,-118.843060,America/Los_Angeles
KMMT,medium_airport,US,33.920799,-80.801300,America/New_York
KMMU,medium_airport,US,40.799062,-74.414949,America/New_York
KMMV,medium_airport,US,45.194401,-123.136002,America/Los_Angeles
KMOB,medium_airport,US,30.691200,-88.242798,America/Chicago
KMOD,medium_airport,US,37.625801,-120.954002,America/Los_Angeles
KMOT,medium_airport,US,48.258010,-101.279123,America/Chicago
KMPV,medium_airport,US,44.203499,-72.562302,America/New_York
KMQY,medium_airport,US,36.008999,-86.520103,America/Chicago
KMRB,medium_airport,US,39.401901,-77.984596,America/New_York
KMRY,medium_airport,US,36.586777,-121.844183,America/Los_Angeles
KMSL,medium_airport,US,34.745123,-87.612981,America/Chicago
KMSN,medium_airport,US,43.139900,-89.337502,America/Chicago
KMSO,medium_airport,US,46.915816,-114.091107,America/Denver
KMSP,large_airport,US,44.880081,-93.221741,America/Chicago
KMSS,medium_airport,US,44.936157,-74.844304,America/New_York
KMSY,large_airport,US,29.993401,-90.264673,America/Chicago
KMTC,medium_airport,US,42.613463,-82.836919,America/Detroit
KMTH,medium_airport,US,24.726006,-81.051380,America/New_York
KMTJ,medium_airport,US,38.509800,-107.893997,America/Denver
KMTN,medium_airport,US,39.325699,-76.413803,America/New_York
KMTP,small_airport,US,41.076500,-71.920797,America/New_York
KMUI,medium_airport,US,40.435214,-76.568661,America/New_York
KMUO,medium_airport,US,43.043598,-115.872002,America/Boise
KMVY,small_airport,US,41.393101,-70.614304,America/New_York
KMWA,medium_airport,US,37.751208,-89.016568,America/Chicago
KMWH,medium_airport,US,47.207699,-119.320000,America/Los_Angeles
KMWL,medium_airport,US,32.781601,-98.060204,America/Chicago
KMXF,medium_airport,US,32.382900,-86.365799,America/Chicago
KMY,seaplane_base,US,57.025600,-154.145996,America/Anchorage
KMYL,medium_airport,US,44.888837,-116.101112,America/Boise
KMYR,large_airport,US,33.679699,-78.928299,America/New_York
KMYV,medium_airport,US,39.097801,-121.570000,America/Los_Angeles
KNBC,medium_airport,US,32.477402,-80.723198,America/New_York
KNBG,medium_airport,US,29.825300,-90.035004,America/Chicago
KNCA,medium_airport,US,34.708401,-77.439697,America/New_York
KNDZ,medium_airport,US,30.704399,-87.023003,America/Chicago
KNEL,medium_airport,US,40.033298,-74.353302,America/New_York
KNEW,medium_airport,US,30.042400,-90.028297,America/Chicago
KNFG,medium_airport,US,33.301300,-117.355003,America/Los_Angeles
KNFL,medium_airport,US,39.416599,-118.700996,America/Los_Angeles
KNFW,medium_airport,US,32.769199,-97.441498,America/Chicago
KNGP,medium_airport,US,27.692600,-97.291100,America/Chicago
KNGU,medium_airport,US,36.937599,-76.289299,America/New_York
KNHK,medium_airport,US,38.285999,-76.411797,America/New_York
KNID,medium_airport,US,35.685398,-117.692001,America/Los_Angeles
KNIP,medium_airport,US,30.235800,-81.680603,America/New_York
KNJK,medium_airport,US,32.829201,-115.671996,America/Los_Angeles
KNKT,medium_airport,US,34.900902,-76.880699,America/New_York
KNKX,medium_airport,US,32.868401,-117.142998,America/Los_Angeles
KNLC,medium_airport,US,36.333000,-119.952004,America/Los_Angeles
KNMM,medium_airport,US,32.553100,-88.554060,America/Chicago
KNPA,medium_airport,US,30.352699,-87.318604,America/Chicago
KNQA,medium_airport,US,35.356701,-89.870300,America/Chicago
KNQI,medium_airport,US,27.507200,-97.809700,America/Chicago
KNQX,medium_airport,US,24.575800,-81.688904,America/New_York
KNRB,medium_airport,US,30.391100,-81.424698,America/New_York
KNSE,medium_airport,US,30.724199,-87.021896,America/Chicago
KNTD,medium_airport,US,34.120300,-119.121002,America/Los_Angeles
KNTU,medium_airport,US,36.820702,-76.033501,America/New_York
KNUQ,medium_airport,US,37.416100,-122.049004,America/Los_Angeles
KNUW,medium_airport,US,48.351799,-122.655998,America/Los_Angeles
KNXP,medium_airport,US,34.296200,-116.162003,America/Los_Angeles
KNYG,medium_airport,US,38.501701,-77.305298,America/New_York
KNYL,medium_airport,US,32.650938,-114.609375,America/Phoenix
KNZY,medium_airport,US,32.699200,-117.214996,America/Los_Angeles
KOAJ,medium_airport,US,34.829201,-77.612099,America/New_York
KOAK,large_airport,US,37.720085,-122.221184,America/Los_Angeles
KOFF,medium_airport,US,41.119307,-95.908510,America/Chicago
KOFK,medium_airport,US,41.985500,-97.435097,America/Chicago
KOGB,medium_airport,US,33.456799,-80.859497,America/New_York
KOGD,medium_airport,US,41.195900,-112.012001,America/Denver
KOGS,medium_airport,US,44.681900,-75.465500,America/New_York
KOKB,medium_airport,US,33.217947,-117.351683,America/Los_Angeles
KOKC,large_airport,US,35.393388,-97.598248,America/Chicago
KOLF,medium_airport,US,48.094501,-105.574997,America/Denver
KOLM,medium_airport,US,46.969399,-122.903000,America/Los_Angeles
KOLS,medium_airport,US,31.417700,-110.848000,America/Phoenix
KOLU,medium_airport,US,41.448145,-97.340174,America/Chicago
KOMA,large_airport,US,41.303200,-95.894096,America/Chicago
KONO,medium_airport,US,44.019800,-117.013289,America/Boise
KONP,medium_airport,US,44.580399,-124.057999,America/Los_Angeles
KONT,large_airport,US,34.056000,-117.600998,America/Los_Angeles
KOPF,medium_airport,US,25.907000,-80.278397,America/New_York
KOQU,medium_airport,US,41.597099,-71.412102,America/New_York
KORD,large_airport,US,41.978600,-87.904800,America/Chicago
KORF,large_airport,US,36.895341,-76.201000,America/New_York
KORH,medium_airport,US,42.267300,-71.875702,America/New_York
KORL,medium_airport,US,28.545500,-81.332901,America/New_York
KORS,medium_airport,US,48.708199,-122.910004,America/Los_Angeles
KOSH,medium_airport,US,43.984402,-88.556999,America/Chicago
KOSU,medium_airport,US,40.079800,-83.072998,America/New_York
KOTH,medium_airport,US,43.417099,-124.246002,America/Los_Angeles
KOTM,medium_airport,US,41.106368,-92.449837,America/Chicago
KOWB,medium_airport,US,37.740101,-87.166801,America/Chicago
KOWD,medium_airport,US,42.190498,-71.172897,America/New_York
KOXB,medium_airport,US,38.310398,-75.124001,America/New_York
KOXR,medium_airport,US,34.200802,-119.207001,America/Los_Angeles
KOY,seaplane_base,US,57.161499,-154.229996,America/Anchorage
KOZR,medium_airport,US,31.275700,-85.713402,America/Chicago
KP-0002,medium_airport,KP,38.007390,125.777321,Asia/Pyongyang
KP-0012,medium_airport,KP,39.731218,125.110159,Asia/Pyongyang
KP-0015,medium_airport,KP,38.690201,126.606003,Asia/Pyongyang
KP-0020,medium_airport,KP,38.653459,125.788880,Asia/Pyongyang
KP-0022,medium_airport,KP,39.505001,125.963997,Asia/Pyongyang
KP-0025,medium_airport,KP,39.996257,127.611694,Asia/Pyongyang
KP-0035,medium_airport,KP,40.681400,128.151001,Asia/Pyongyang
KP-0036,medium_airport,KP,40.364375,127.264252,Asia/Pyongyang
KP-0038,medium_airport,KP,40.359822,128.720584,Asia/Pyongyang
KP-0039,medium_airport,KP,38.425487,125.019093,Asia/Pyongyang
KP-0041,medium_airport,KP,38.913877,125.821309,Asia/Pyongyang
KP-0068,medium_airport,KP,38.663481,126.586618,Asia/Pyongyang
KPAE,medium_airport,US,47.906300,-122.281998,America/Los_Angeles
KPAH,medium_airport,US,37.060799,-88.773804,America/Chicago
KPAM,medium_airport,US,30.069599,-85.575401,America/Chicago
KPAO,medium_airport,US,37.461102,-122.114998,America/Los_Angeles
KPB,seaplane_base,US,56.351898,-133.623001,America/Sitka
KPBF,medium_airport,US,34.174121,-91.935643,America/Chicago
KPBG,medium_airport,US,44.650902,-73.468102,America/New_York
KPBI,large_airport,US,26.683201,-80.095596,America/New_York
KPCW,medium_airport,US,41.515647,-82.868328,America/New_York
KPDK,medium_airport,US,33.876330,-84.302130,America/New_York
KPDT,medium_airport,US,45.695099,-118.841003,America/Los_Angeles
KPDX,large_airport,US,45.588699,-122.598000,America/Los_Angeles
KPGA,medium_airport,US,36.924234,-111.447716,America/Phoenix
KPGD,medium_airport,US,26.920200,-81.990501,America/New_York
KPGV,medium_airport,US,35.635535,-77.384262,America/New_York
KPHF,medium_airport,US,37.131901,-76.492996,America/New_York
KPHL,large_airport,US,39.871899,-75.241096,America/New_York
KPHX,large_airport,US,33.435302,-112.005905,America/Phoenix
KPIA,medium_airport,US,40.663841,-89.692631,America/Chicago
KPIB,medium_airport,US,31.467100,-89.337097,America/Chicago
KPIE,large_airport,US,27.910200,-82.687401,America/New_York
KPIH,medium_airport,US,42.909801,-112.596001,America/Boise
KPIR,medium_airport,US,44.382702,-100.286003,America/Chicago
KPIT,large_airport,US,40.491501,-80.232903,America/New_York
KPKB,medium_airport,US,39.345100,-81.439201,America/New_York
KPLN,medium_airport,US,45.570900,-84.796700,America/Detroit
KPMD,medium_airport,US,34.629398,-118.084999,America/Los_Angeles
KPNA,medium_airport,US,42.795502,-109.806999,America/Denver
KPNC,medium_airport,US,36.731998,-97.099800,America/Chicago
KPNE,medium_airport,US,40.082406,-75.010614,America/New_York
KPNS,large_airport,US,30.472718,-87.186639,America/Chicago
KPOB,medium_airport,US,35.170898,-79.014503,America/New_York
KPOE,medium_airport,US,31.044800,-93.191704,America/Chicago
KPOU,medium_airport,US,41.626598,-73.884201,America/New_York
KPQI,medium_airport,US,46.688999,-68.044800,America/New_York
KPR,seaplane_base,US,58.490101,-152.582001,America/Anchorage
KPRB,medium_airport,US,35.672901,-120.626999,America/Los_Angeles
KPRC,medium_airport,US,34.653502,-112.419883,America/Phoenix
KPRX,medium_airport,US,33.636600,-95.450798,America/Chicago
KPSC,medium_airport,US,46.264702,-119.119003,America/Los_Angeles
KPSM,medium_airport,US,43.077900,-70.823303,America/New_York
KPSP,large_airport,US,33.829700,-116.507004,America/Los_Angeles
KPTK,medium_airport,US,42.665501,-83.420097,America/Detroit
KPUB,medium_airport,US,38.289101,-104.497002,America/Denver
KPUW,medium_airport,US,46.741601,-117.111630,America/Los_Angeles
KPVD,large_airport,US,41.725038,-71.425668,America/New_York
KPVU,medium_airport,US,40.218894,-111.722445,America/Denver
KPWK,medium_airport,US,42.114222,-87.901494,America/Chicago
KPWM,large_airport,US,43.646198,-70.309303,America/New_York
KPWT,medium_airport,US,47.490200,-122.764999,America/Los_Angeles
KPY,seaplane_base,US,57.931257,-153.040838,America/Anchorage
KR-1109,medium_airport,KR,34.973003,126.617118,Asia/Seoul
KR-1113,small_airport,KR,42.547405,116.133728,Asia/Shanghai
KR-1114,small_airport,KR,37.455064,130.876828,Asia/Seoul
KR-1115,closed,KR,36.557262,128.751816,Asia/Seoul
KRAL,medium_airport,US,33.951900,-117.445000,America/Los_Angeles
KRAP,medium_airport,US,44.045300,-103.056999,America/Denver
KRBL,medium_airport,US,40.150700,-122.251999,America/Los_Angeles
KRCA,medium_airport,US,44.145000,-103.103996,America/Denver
KRDD,medium_airport,US,40.508999,-122.292999,America/Los_Angeles
KRDG,medium_airport,US,40.378502,-75.965202,America/New_York
KRDM,medium_airport,US,44.254101,-121.150002,America/Los_Angeles
KRDR,medium_airport,US,47.961102,-97.401199,America/Chicago
KRDU,large_airport,US,35.878659,-78.787300,America/New_York
KRFD,medium_airport,US,42.195400,-89.097198,America/Chicago
KRHI,medium_airport,US,45.631199,-89.467499,America/Chicago
KRHP,medium_airport,US,35.195202,-83.862999,America/New_York
KRIC,large_airport,US,37.505199,-77.319702,America/New_York
KRIL,medium_airport,US,39.526299,-107.726997,America/Denver
KRIV,medium_airport,US,33.880699,-117.259003,America/Los_Angeles
KRIW,medium_airport,US,43.064201,-108.459999,America/Denver
KRKD,medium_airport,US,44.060101,-69.099197,America/New_York
KRKS,medium_airport,US,41.594200,-109.065001,America/Denver
KRME,medium_airport,US,43.233799,-75.406998,America/New_York
KRMG,medium_airport,US,34.350601,-85.157997,America/New_York
KRND,medium_airport,US,29.529699,-98.278900,America/Chicago
KRNH,medium_airport,US,45.148300,-92.538101,America/Chicago
KRNO,large_airport,US,39.499100,-119.767998,America/Los_Angeles
KROA,medium_airport,US,37.325500,-79.975403,America/New_York
KROC,large_airport,US,43.118900,-77.672401,America/New_York
KROW,medium_airport,US,33.301601,-104.530998,America/Denver
KRSL,medium_airport,US,38.872101,-98.811798,America/Chicago
KRST,medium_airport,US,43.908298,-92.500000,America/Chicago
KRSW,large_airport,US,26.534685,-81.752816,America/New_York
KRUT,medium_airport,US,43.529400,-72.949600,America/New_York
KRVS,medium_airport,US,36.039600,-95.984596,America/Chicago
KRWF,medium_airport,US,44.547199,-95.082298,America/Chicago
KRWI,medium_airport,US,35.856300,-77.891899,America/New_York
KRWL,medium_airport,US,41.805599,-107.199997,America/Denver
KRYY,medium_airport,US,34.013160,-84.597210,America/New_York
KSAC,medium_airport,US,38.512501,-121.492996,America/Los_Angeles
KSAF,medium_airport,US,35.617100,-106.088997,America/Denver
KSAN,large_airport,US,32.733601,-117.190002,America/Los_Angeles
KSAT,large_airport,US,29.533701,-98.469803,America/Chicago
KSAV,large_airport,US,32.126591,-81.199980,America/New_York
KSAW,medium_airport,US,46.351498,-87.395884,America/Detroit
KSBA,medium_airport,US,34.426201,-119.839996,America/Los_Angeles
KSBD,large_airport,US,34.096717,-117.236596,America/Los_Angeles
KSBN,medium_airport,US,41.708304,-86.316922,America/Indiana/Indianapolis
KSBP,medium_airport,US,35.236801,-120.641998,America/Los_Angeles
KSBY,medium_airport,US,38.340500,-75.510300,America/New_York
KSCH,medium_airport,US,42.852501,-73.928902,America/New_York
KSCK,medium_airport,US,37.893279,-121.238079,America/Los_Angeles
KSDF,large_airport,US,38.170600,-85.735076,America/Kentucky/Louisville
KSDM,medium_airport,US,32.572639,-116.980019,America/Los_Angeles
KSDY,medium_airport,US,47.705141,-104.194422,America/Denver
KSEA,large_airport,US,47.447943,-122.310276,America/Los_Angeles
KSFB,large_airport,US,28.774277,-81.234626,America/New_York
KSFF,medium_airport,US,47.682899,-117.321925,America/Los_Angeles
KSFO,large_airport,US,37.619806,-122.374821,America/Los_Angeles
KSGF,medium_airport,US,37.245047,-93.388596,America/Chicago
KSGH,medium_airport,US,39.840302,-83.840202,America/New_York
KSGJ,medium_airport,US,29.959200,-81.339798,America/New_York
KSGR,medium_airport,US,29.622299,-95.656502,America/Chicago
KSGU,medium_airport,US,37.036389,-113.510306,America/Denver
KSHD,medium_airport,US,38.263802,-78.896400,America/New_York
KSHR,medium_airport,US,44.769199,-106.980003,America/Denver
KSHV,medium_airport,US,32.444747,-93.826741,America/Chicago
KSJC,large_airport,US,37.362452,-121.929188,America/Los_Angeles
KSJT,medium_airport,US,31.357700,-100.496002,America/Chicago
KSJX,small_airport,US,45.692299,-85.566597,America/Detroit
KSKA,medium_airport,US,47.615101,-117.655998,America/Los_Angeles
KSKF,medium_airport,US,29.384199,-98.581100,America/Chicago
KSKX,medium_airport,US,36.452494,-105.677490,America/Denver
KSLC,large_airport,US,40.788860,-111.979866,America/Denver
KSLE,medium_airport,US,44.909500,-123.002998,America/Los_Angeles
KSLI,medium_airport,US,33.790864,-118.050342,America/Los_Angeles
KSLK,medium_airport,US,44.386910,-74.204629,America/New_York
KSLN,medium_airport,US,38.791000,-97.652199,America/Chicago
KSME,medium_airport,US,37.053398,-84.615898,America/New_York
KSMF,large_airport,US,38.695400,-121.591003,America/Los_Angeles
KSMN,medium_airport,US,45.122233,-113.881960,America/Boise
KSMO,medium_airport,US,34.015800,-118.450996,America/Los_Angeles
KSMX,medium_airport,US,34.898899,-120.457001,America/Los_Angeles
KSNA,large_airport,US,33.675063,-117.869281,America/Los_Angeles
KSNS,medium_airport,US,36.662800,-121.606003,America/Los_Angeles
KSNY,medium_airport,US,41.101299,-102.985001,America/Denver
KSOA,medium_airport,US,30.585699,-100.649002,America/Chicago
KSOW,medium_airport,US,34.264062,-110.007091,America/Phoenix
KSPI,medium_airport,US,39.844101,-89.677902,America/Chicago
KSPS,medium_airport,US,33.988800,-98.491898,America/Chicago
KSQL,medium_airport,US,37.513130,-122.250838,America/Los_Angeles
KSRQ,large_airport,US,27.394631,-82.554359,America/New_York
KSRR,medium_airport,US,33.462799,-105.535004,America/Denver
KSSC,medium_airport,US,33.972698,-80.470596,America/New_York
KSSF,medium_airport,US,29.337000,-98.471100,America/Chicago
KSSI,medium_airport,US,31.151800,-81.391296,America/New_York
KSTC,medium_airport,US,45.546600,-94.059898,America/Chicago
KSTJ,medium_airport,US,39.771900,-94.909698,America/Chicago
KSTL,large_airport,US,38.748697,-90.370003,America/Chicago
KSTP,medium_airport,US,44.934790,-93.060036,America/Chicago
KSTS,medium_airport,US,38.508999,-122.813003,America/Los_Angeles
KSUN,medium_airport,US,43.504398,-114.295998,America/Boise
KSUS,medium_airport,US,38.662102,-90.652000,America/Chicago
KSUU,medium_airport,US,38.262699,-121.927002,America/Los_Angeles
KSUX,medium_airport,US,42.397605,-96.382237,America/Chicago
KSUZ,medium_airport,US,34.590599,-92.479401,America/Chicago
KSVC,medium_airport,US,32.636701,-108.154736,America/Denver
KSVN,medium_airport,US,32.009998,-81.145699,America/New_York
KSWF,medium_airport,US,41.504210,-74.108901,America/New_York
KSWO,medium_airport,US,36.162132,-97.085581,America/Chicago
KSYR,large_airport,US,43.111198,-76.106300,America/New_York
KSZL,medium_airport,US,38.730301,-93.547897,America/Chicago
KTB,seaplane_base,US,55.682762,-132.532883,America/Sitka
KTBN,medium_airport,US,37.741600,-92.140701,America/Chicago
KTCC,medium_airport,US,35.182800,-103.602997,America/Denver
KTCL,medium_airport,US,33.220600,-87.611397,America/Chicago
KTCM,medium_airport,US,47.137699,-122.475998,America/Los_Angeles
KTCS,medium_airport,US,33.236900,-107.272003,America/Denver
KTEB,medium_airport,US,40.850101,-74.060799,America/New_York
KTEX,medium_airport,US,37.953800,-107.907997,America/Denver
KTIK,medium_airport,US,35.414700,-97.386597,America/Chicago
KTIW,medium_airport,US,47.267407,-122.577295,America/Los_Angeles
KTIX,medium_airport,US,28.514799,-80.799202,America/New_York
KTLH,medium_airport,US,30.401209,-84.354330,America/New_York
KTMB,medium_airport,US,25.647900,-80.432800,America/New_York
KTOI,medium_airport,US,31.860399,-86.012101,America/Chicago
KTOL,medium_airport,US,41.586800,-83.807800,America/New_York
KTOP,medium_airport,US,39.069899,-95.622606,America/Chicago
KTPA,large_airport,US,27.975500,-82.533203,America/New_York
KTPH,medium_airport,US,38.060200,-117.086998,America/Los_Angeles
KTPL,medium_airport,US,31.152500,-97.407799,America/Chicago
KTRI,medium_airport,US,36.475201,-82.407401,America/New_York
KTRK,medium_airport,US,39.318628,-120.140562,America/Los_Angeles
KTRM,medium_airport,US,33.626701,-116.160004,America/Los_Angeles
KTTD,medium_airport,US,45.549400,-122.401001,America/Los_Angeles
KTTN,medium_airport,US,40.276699,-74.813499,America/New_York
KTTS,medium_airport,US,28.615000,-80.694504,America/New_York
KTUL,large_airport,US,36.197084,-95.886225,America/Chicago
KTUP,medium_airport,US,34.268101,-88.769897,America/Chicago
KTUS,large_airport,US,32.115004,-110.938053,America/Phoenix
KTVC,medium_airport,US,44.741402,-85.582199,America/Detroit
KTVF,medium_airport,US,48.065701,-96.184998,America/Chicago
KTVL,medium_airport,US,38.893902,-119.995003,America/Los_Angeles
KTWF,medium_airport,US,42.481800,-114.487999,America/Boise
KTXK,medium_airport,US,33.453701,-93.990997,America/Chicago
KTYR,medium_airport,US,32.354099,-95.402397,America/Chicago
KTYS,large_airport,US,35.811001,-83.994003,America/New_York
KU42,medium_airport,US,40.619499,-111.992996,America/Denver
KUAO,medium_airport,US,45.247101,-122.769997,America/Los_Angeles
KUIN,medium_airport,US,39.942699,-91.194603,America/Chicago
KUKI,medium_airport,US,39.125999,-123.200996,America/Los_Angeles
KUNV,medium_airport,US,40.849374,-77.848520,America/New_York
KUOX,medium_airport,US,34.384300,-89.536797,America/Chicago
KUTS,medium_airport,US,30.746901,-95.587196,America/Chicago
KUUU,medium_airport,US,41.532207,-71.281039,America/New_York
KVAD,medium_airport,US,30.967800,-83.193001,America/New_York
KVBG,medium_airport,US,34.737301,-120.584000,America/Los_Angeles
KVCT,medium_airport,US,28.852600,-96.918503,America/Chicago
KVEL,medium_airport,US,40.436214,-109.511661,America/Denver
KVGT,medium_airport,US,36.209074,-115.193982,America/Los_Angeles
KVIS,medium_airport,US,36.318699,-119.392998,America/Los_Angeles
KVLD,medium_airport,US,30.782499,-83.276703,America/New_York
KVNY,medium_airport,US,34.209801,-118.489998,America/Los_Angeles
KVOK,medium_airport,US,43.938999,-90.253403,America/Chicago
KVPS,medium_airport,US,30.481315,-86.515839,America/Chicago
KVPZ,medium_airport,US,41.453999,-87.007103,America/Chicago
KVQQ,medium_airport,US,30.218700,-81.876701,America/New_York
KVRB,medium_airport,US,27.655600,-80.417901,America/New_York
KVTN,medium_airport,US,42.856211,-100.549192,America/Chicago
KW63,medium_airport,US,36.595798,-78.560097,America/New_York
KWJF,medium_airport,US,34.741100,-118.219002,America/Los_Angeles
KWMC,medium_airport,US,40.896599,-117.806000,America/Los_Angeles
KWP,seaplane_base,US,57.770100,-153.548996,America/Anchorage
KWRB,medium_airport,US,32.640099,-83.591904,America/New_York
KWRI,medium_airport,US,40.015598,-74.591698,America/New_York
KWRL,medium_airport,US,43.965698,-107.950996,America/Denver
KWST,medium_airport,US,41.349602,-71.803398,America/New_York
KWWD,medium_airport,US,39.008499,-74.908302,America/New_York
KWWR,medium_airport,US,36.438000,-99.522667,America/Chicago
KWY,medium_airport,KE,-1.960644,41.297156,Africa/Nairobi
KWYS,medium_airport,US,44.688400,-111.117996,America/Denver
KX51,medium_airport,US,25.499201,-80.554296,America/New_York
KXA,seaplane_base,US,55.537399,-132.397995,America/Sitka
KXMR,medium_airport,US,28.467600,-80.566597,America/New_York
KXNA,medium_airport,US,36.281898,-94.306801,America/Chicago
KXTA,medium_airport,US,37.235001,-115.810997,America/Los_Angeles
KXWA,medium_airport,US,48.260863,-103.751160,America/Chicago
KYIP,medium_airport,US,42.237900,-83.530403,America/Detroit
KYKM,medium_airport,US,46.568199,-120.543999,America/Los_Angeles
KYKN,medium_airport,US,42.916698,-97.385902,America/Chicago
KYNG,medium_airport,US,41.260700,-80.679100,America/New_York
KZ-0068,medium_airport,KZ,50.736074,78.538942,Asia/Almaty
KZ-0069,medium_airport,KZ,49.219952,81.317368,Asia/Almaty
KZ-7470,medium_airport,KZ,50.536891,79.194689,Asia/Almaty
KZB,seaplane_base,US,57.553001,-153.746052,America/Anchorage
KZZV,medium_airport,US,39.944401,-81.892097,America/New_York
LA-0006,medium_airport,LA,20.323986,100.165392,Asia/Vientiane
LAKU,medium_airport,AL,42.035802,20.415955,Europe/Tirane
LAKV,medium_airport,AL,40.771900,19.901899,Europe/Tirane
LATI,large_airport,AL,41.414700,19.720600,Europe/Tirane
LBBG,large_airport,BG,42.569917,27.515173,Europe/Sofia
LBGO,medium_airport,BG,43.151402,25.712900,Europe/Sofia
LBH,seaplane_base,AU,-33.587100,151.323400,Australia/Sydney
LBPD,large_airport,BG,42.067799,24.850800,Europe/Sofia
LBPG,medium_airport,BG,42.290401,24.714001,Europe/Sofia
LBPL,medium_airport,BG,43.451771,24.502423,Europe/Sofia
LBSF,large_airport,BG,42.696357,23.417671,Europe/Sofia
LBWB,medium_airport,BG,43.423801,28.181299,Europe/Sofia
LBWN,large_airport,BG,43.232101,27.825100,Europe/Sofia
LCEN,large_airport,CY,35.153064,33.507352,Asia/Famagusta
LCGK,medium_airport,CY,35.235910,33.720088,Asia/Famagusta
LCLK,large_airport,CY,34.875099,33.624901,Asia/Nicosia
LCPH,large_airport,CY,34.717999,32.485699,Asia/Nicosia
LCRA,medium_airport,CY,34.590401,32.987900,Asia/Nicosia
LDDU,large_airport,HR,42.562247,18.265543,Europe/Zagreb
LDOS,medium_airport,HR,45.462355,18.811278,Europe/Zagreb
LDPL,large_airport,HR,44.893501,13.922200,Europe/Zagreb
LDRI,large_airport,HR,45.216376,14.570850,Europe/Zagreb
LDSB,medium_airport,HR,43.284454,16.678362,Europe/Zagreb
LDSP,large_airport,HR,43.538898,16.298000,Europe/Zagreb
LDZA,large_airport,HR,45.742901,16.068800,Europe/Zagreb
LDZD,large_airport,HR,44.096986,15.353565,Europe/Zagreb
LEAB,medium_airport,ES,38.948502,-1.863520,Europe/Madrid
LEAL,large_airport,ES,38.282200,-0.558156,Europe/Madrid
LEAM,medium_airport,ES,36.843899,-2.370100,Europe/Madrid
LEAS,large_airport,ES,43.563599,-6.034620,Europe/Madrid
LEBA,medium_airport,ES,37.841999,-4.848880,Europe/Madrid
LEBB,large_airport,ES,43.301102,-2.910610,Europe/Madrid
LEBG,medium_airport,ES,42.357601,-3.620760,Europe/Madrid
LEBL,large_airport,ES,41.297100,2.078460,Europe/Madrid
LEBZ,medium_airport,ES,38.891300,-6.821330,Europe/Madrid
LECH,medium_airport,ES,40.213889,0.073333,Europe/Madrid
LECO,medium_airport,ES,43.302101,-8.377260,Europe/Madrid
LECU,medium_airport,ES,40.370701,-3.785140,Europe/Madrid
LEDA,medium_airport,ES,41.728185,0.535023,Europe/Madrid
LEGA,medium_airport,ES,37.133202,-3.635690,Europe/Madrid
LEGE,large_airport,ES,41.904639,2.761774,Europe/Madrid
LEGR,medium_airport,ES,37.188702,-3.777360,Europe/Madrid
LEGT,medium_airport,ES,40.294102,-3.723830,Europe/Madrid
LEIB,large_airport,ES,38.872898,1.373120,Europe/Madrid
LEJR,medium_airport,ES,36.744598,-6.060110,Europe/Madrid
LELC,medium_airport,ES,37.775002,-0.812389,Europe/Madrid
LELN,medium_airport,ES,42.590709,-5.653406,Europe/Madrid
LELO,medium_airport,ES,42.460953,-2.322235,Europe/Madrid
LEMD,large_airport,ES,40.493407,-3.572249,Europe/Madrid
LEMG,large_airport,ES,36.674900,-4.499110,Europe/Madrid
LEMH,large_airport,ES,39.862598,4.218650,Europe/Madrid
LEMI,large_airport,ES,37.802852,-1.124884,Europe/Madrid
LEMO,medium_airport,ES,37.174900,-5.615940,Europe/Madrid
LEPA,large_airport,ES,39.551701,2.738810,Europe/Madrid
LEPP,medium_airport,ES,42.770000,-1.646330,Europe/Madrid
LERI,medium_airport,ES,37.951099,-1.230320,Europe/Madrid
LERL,medium_airport,ES,38.856479,-3.969944,Europe/Madrid
LERS,large_airport,ES,41.147509,1.168354,Europe/Madrid
LERT,medium_airport,ES,36.645199,-6.349460,Europe/Madrid
LESA,medium_airport,ES,40.952099,-5.501990,Europe/Madrid
LESO,medium_airport,ES,43.356499,-1.790610,Europe/Madrid
LEST,large_airport,ES,42.896301,-8.415140,Europe/Madrid
LESU,medium_airport,ES,42.338600,1.409170,Europe/Madrid
LETL,medium_airport,ES,40.410269,-1.217366,Europe/Madrid
LETO,medium_airport,ES,40.487875,-3.456808,Europe/Madrid
LEVC,large_airport,ES,39.489162,-0.480961,Europe/Madrid
LEVD,medium_airport,ES,41.706100,-4.851940,Europe/Madrid
LEVT,medium_airport,ES,42.882801,-2.724470,Europe/Madrid
LEVX,medium_airport,ES,42.231800,-8.626770,Europe/Madrid
LEXJ,medium_airport,ES,43.427101,-3.820010,Europe/Madrid
LEZG,large_airport,ES,41.666199,-1.041550,Europe/Madrid
LEZL,large_airport,ES,37.417999,-5.893110,Europe/Madrid
LFAC,medium_airport,FR,50.962101,1.954760,Europe/Paris
LFAG,medium_airport,FR,49.868871,3.029566,Europe/Paris
LFAT,medium_airport,FR,50.518284,1.621656,Europe/Paris
LFAV,medium_airport,FR,50.327823,3.461061,Europe/Paris
LFAY,medium_airport,FR,49.873004,2.387074,Europe/Paris
LFBA,medium_airport,FR,44.174171,0.593090,Europe/Paris
LFBC,medium_airport,FR,44.533298,-1.125000,Europe/Paris
LFBD,large_airport,FR,44.828650,-0.715356,Europe/Paris
LFBE,medium_airport,FR,44.825298,0.518611,Europe/Paris
LFBF,medium_airport,FR,43.545601,1.367500,Europe/Paris
LFBG,medium_airport,FR,45.658298,-0.317500,Europe/Paris
LFBH,medium_airport,FR,46.179199,-1.195280,Europe/Paris
LFBI,medium_airport,FR,46.587700,0.306666,Europe/Paris
LFBK,medium_airport,FR,46.222599,2.363960,Europe/Paris
LFBL,medium_airport,FR,45.862801,1.179440,Europe/Paris
LFBM,medium_airport,FR,43.911701,-0.507500,Europe/Paris
LFBN,medium_airport,FR,46.313477,-0.394529,Europe/Paris
LFBO,large_airport,FR,43.629101,1.363820,Europe/Paris
LFBP,medium_airport,FR,43.380001,-0.418611,Europe/Paris
LFBT,medium_airport,FR,43.178699,-0.006439,Europe/Paris
LFBU,medium_airport,FR,45.729198,0.221456,Europe/Paris
LFBX,medium_airport,FR,45.198101,0.815556,Europe/Paris
LFBZ,medium_airport,FR,43.468372,-1.523223,Europe/Paris
LFCC,medium_airport,FR,44.351398,1.475280,Europe/Paris
LFCG,medium_airport,FR,43.007801,1.103150,Europe/Paris
LFCH,medium_airport,FR,44.596401,-1.110830,Europe/Paris
LFCI,medium_airport,FR,43.913898,2.113060,Europe/Paris
LFCK,medium_airport,FR,43.556301,2.289180,Europe/Paris
LFCR,medium_airport,FR,44.407902,2.482670,Europe/Paris
LFCY,medium_airport,FR,45.628101,-0.972500,Europe/Paris
LFDH,medium_airport,FR,43.683606,0.599747,Europe/Paris
LFDN,medium_airport,FR,45.887798,-0.983056,Europe/Paris
LFEC,small_airport,FR,48.463200,-5.063580,Europe/Paris
LFGA,medium_airport,FR,48.109901,7.359010,Europe/Paris
LFGJ,medium_airport,FR,47.038955,5.427589,Europe/Paris
LFGW,medium_airport,FR,49.122398,5.469050,Europe/Paris
LFHO,medium_airport,FR,44.544367,4.372194,Europe/Paris
LFHP,small_airport,FR,45.080700,3.762890,Europe/Paris
LFJL,medium_airport,FR,48.982101,6.251320,Europe/Paris
LFJR,medium_airport,FR,47.560299,-0.312222,Europe/Paris
LFKB,large_airport,FR,42.552700,9.483730,Europe/Paris
LFKC,medium_airport,FR,42.530422,8.792984,Europe/Paris
LFKF,large_airport,FR,41.501850,9.097092,Europe/Paris
LFKJ,medium_airport,FR,41.923599,8.802920,Europe/Paris
LFKS,medium_airport,FR,41.924400,9.406000,Europe/Paris
LFLA,medium_airport,FR,47.850201,3.497110,Europe/Paris
LFLB,medium_airport,FR,45.638100,5.880230,Europe/Paris
LFLC,large_airport,FR,45.786701,3.169170,Europe/Paris
LFLD,medium_airport,FR,47.060158,2.369633,Europe/Paris
LFLI,medium_airport,FR,46.192001,6.268390,Europe/Paris
LFLL,large_airport,FR,45.725996,5.090139,Europe/Paris
LFLM,medium_airport,FR,46.295131,4.795977,Europe/Paris
LFLN,medium_airport,FR,46.414019,4.014177,Europe/Paris
LFLO,medium_airport,FR,46.053818,3.999023,Europe/Paris
LFLP,medium_airport,FR,45.928947,6.098700,Europe/Paris
LFLS,medium_airport,FR,45.362900,5.329370,Europe/Paris
LFLU,medium_airport,FR,44.921600,4.969900,Europe/Paris
LFLV,medium_airport,FR,46.169690,3.403637,Europe/Paris
LFLW,medium_airport,FR,44.891399,2.421940,Europe/Paris
LFLX,medium_airport,FR,46.860221,1.728326,Europe/Paris
LFLY,medium_airport,FR,45.727947,4.943991,Europe/Paris
LFMC,medium_airport,FR,43.384701,6.387140,Europe/Paris
LFMD,medium_airport,FR,43.547998,6.955176,Europe/Paris
LFMH,medium_airport,FR,45.540600,4.296390,Europe/Paris
LFMI,medium_airport,FR,43.522701,4.923840,Europe/Paris
LFMK,medium_airport,FR,43.216000,2.306320,Europe/Paris
LFML,large_airport,FR,43.438088,5.212500,Europe/Paris
LFMN,large_airport,FR,43.658401,7.215870,Europe/Paris
LFMO,medium_airport,FR,44.140499,4.866720,Europe/Paris
LFMP,medium_airport,FR,42.740398,2.870670,Europe/Paris
LFMQ,medium_airport,FR,43.252499,5.785190,Europe/Paris
LFMS,medium_airport,FR,44.069698,4.142120,Europe/Paris
LFMT,large_airport,FR,43.576199,3.963010,Europe/Paris
LFMU,medium_airport,FR,43.323502,3.353900,Europe/Paris
LFMV,medium_airport,FR,43.907299,4.901830,Europe/Paris
LFMY,medium_airport,FR,43.606400,5.109250,Europe/Paris
LFNB,medium_airport,FR,44.502102,3.532820,Europe/Paris
LFOA,medium_airport,FR,47.053299,2.632500,Europe/Paris
LFOB,large_airport,FR,49.454399,2.112780,Europe/Paris
LFOC,medium_airport,FR,48.057907,1.379309,Europe/Paris
LFOE,medium_airport,FR,49.028702,1.219860,Europe/Paris
LFOH,medium_airport,FR,49.534038,0.088406,Europe/Paris
LFOI,medium_airport,FR,50.143501,1.831891,Europe/Paris
LFOJ,medium_airport,FR,47.987801,1.760560,Europe/Paris
LFOK,medium_airport,FR,48.773330,4.206110,Europe/Paris
LFOP,medium_airport,FR,49.384887,1.179142,Europe/Paris
LFOT,medium_airport,FR,47.432201,0.727606,Europe/Paris
LFOV,medium_airport,FR,48.032208,-0.743999,Europe/Paris
LFPB,large_airport,FR,48.962276,2.436539,Europe/Paris
LFPC,medium_airport,FR,49.253502,2.519140,Europe/Paris
LFPG,large_airport,FR,49.008960,2.554117,Europe/Paris
LFPM,medium_airport,FR,48.604698,2.671120,Europe/Paris
LFPN,medium_airport,FR,48.751900,2.106190,Europe/Paris
LFPO,large_airport,FR,48.729499,2.358963,Europe/Paris
LFPT,medium_airport,FR,49.096064,2.035543,Europe/Paris
LFPV,medium_airport,FR,48.774406,2.203102,Europe/Paris
LFQB,medium_airport,FR,48.322102,4.016700,Europe/Paris
LFQE,medium_airport,FR,49.226898,5.672220,Europe/Paris
LFQG,medium_airport,FR,47.002913,3.113114,Europe/Paris
LFQP,medium_airport,FR,48.766203,7.200551,Europe/Paris
LFQQ,large_airport,FR,50.566564,3.102429,Europe/Paris
LFQT,medium_airport,FR,50.618401,2.642240,Europe/Paris
LFQV,medium_airport,FR,49.783901,4.647080,Europe/Paris
LFQW,medium_airport,FR,47.638588,6.204443,Europe/Paris
LFRB,large_airport,FR,48.447899,-4.418540,Europe/Paris
LFRC,medium_airport,FR,49.650101,-1.470280,Europe/Paris
LFRD,medium_airport,FR,48.587700,-2.079960,Europe/Paris
LFRE,medium_airport,FR,47.289398,-2.346390,Europe/Paris
LFRF,medium_airport,FR,48.883099,-1.564170,Europe/Paris
LFRG,medium_airport,FR,49.365237,0.154481,Europe/Paris
LFRH,medium_airport,FR,47.760601,-3.440000,Europe/Paris
LFRI,medium_airport,FR,46.701900,-1.378630,Europe/Paris
LFRJ,medium_airport,FR,48.530300,-4.151640,Europe/Paris
LFRK,medium_airport,FR,49.176780,-0.454883,Europe/Paris
LFRL,medium_airport,FR,48.281700,-4.445020,Europe/Paris
LFRM,medium_airport,FR,47.948604,0.201702,Europe/Paris
LFRN,medium_airport,FR,48.069500,-1.734790,Europe/Paris
LFRO,medium_airport,FR,48.754398,-3.471660,Europe/Paris
LFRQ,medium_airport,FR,47.973031,-4.169655,Europe/Paris
LFRS,medium_airport,FR,47.153198,-1.610730,Europe/Paris
LFRT,medium_airport,FR,48.538628,-2.853518,Europe/Paris
LFRU,medium_airport,FR,48.603199,-3.815780,Europe/Paris
LFRV,medium_airport,FR,47.723301,-2.718560,Europe/Paris
LFRZ,medium_airport,FR,47.311420,-2.152634,Europe/Paris
LFSB,large_airport,FR,47.600680,7.521117,Europe/Paris
LFSD,medium_airport,FR,47.268902,5.090000,Europe/Paris
LFSG,medium_airport,FR,48.325001,6.069980,Europe/Paris
LFSI,medium_airport,FR,48.636002,4.899420,Europe/Paris
LFSL,medium_airport,FR,45.039722,1.485556,Europe/Paris
LFSM,medium_airport,FR,47.487000,6.790540,Europe/Paris
LFSN,medium_airport,FR,48.692101,6.230460,Europe/Paris
LFSO,medium_airport,FR,48.583099,5.955000,Europe/Paris
LFST,large_airport,FR,48.538300,7.628230,Europe/Paris
LFSX,medium_airport,FR,47.787747,6.353419,Europe/Paris
LFTH,medium_airport,FR,43.097301,6.146030,Europe/Paris
LFTW,medium_airport,FR,43.757401,4.416350,Europe/Paris
LFTZ,small_airport,FR,43.205399,6.482000,Europe/Paris
LFVM,small_airport,PM,47.095501,-56.380299,America/Miquelon
LFVP,medium_airport,PM,46.762651,-56.174990,America/Miquelon
LFXA,medium_airport,FR,45.987301,5.328440,Europe/Paris
LGAD,medium_airport,GR,37.920700,21.292601,Europe/Athens
LGAL,medium_airport,GR,40.855900,25.956301,Europe/Athens
LGAV,large_airport,GR,37.936401,23.944500,Europe/Athens
LGBL,medium_airport,GR,39.219601,22.794300,Europe/Athens
LGEL,medium_airport,GR,38.063801,23.556000,Europe/Athens
LGHI,medium_airport,GR,38.343201,26.140600,Europe/Athens
LGIK,small_airport,GR,37.682701,26.347099,Europe/Athens
LGIO,medium_airport,GR,39.696400,20.822500,Europe/Athens
LGIR,large_airport,GR,35.339699,25.180300,Europe/Athens
LGKA,small_airport,GR,40.446301,21.282200,Europe/Athens
LGKC,small_airport,GR,36.273978,23.016719,Europe/Athens
LGKF,medium_airport,GR,38.120098,20.500500,Europe/Athens
LGKJ,small_airport,GR,36.141701,29.576401,Europe/Athens
LGKL,medium_airport,GR,37.068298,22.025499,Europe/Athens
LGKO,large_airport,GR,36.794523,27.091150,Europe/Athens
LGKP,medium_airport,GR,35.421398,27.146000,Europe/Athens
LGKR,large_airport,GR,39.601450,19.912179,Europe/Athens
LGKS,small_airport,GR,35.421398,26.910000,Europe/Athens
LGKV,large_airport,GR,40.913300,24.619200,Europe/Athens
LGKY,small_airport,GR,36.963299,26.940599,Europe/Athens
LGKZ,medium_airport,GR,40.286098,21.840799,Europe/Athens
LGLE,small_airport,GR,37.184898,26.800301,Europe/Athens
LGLM,small_airport,GR,39.917099,25.236300,Europe/Athens
LGMK,medium_airport,GR,37.435101,25.348101,Europe/Athens
LGML,small_airport,GR,36.696899,24.476900,Europe/Athens
LGMT,medium_airport,GR,39.057406,26.598629,Europe/Athens
LGNX,small_airport,GR,37.081100,25.368099,Europe/Athens
LGPA,small_airport,GR,37.020495,25.113195,Europe/Athens
LGPL,small_airport,GR,36.579899,26.375799,Europe/Athens
LGPZ,medium_airport,GR,38.925499,20.765301,Europe/Athens
LGRP,large_airport,GR,36.405399,28.086201,Europe/Athens
LGRX,medium_airport,GR,38.151100,21.425600,Europe/Athens
LGSA,large_airport,GR,35.531207,24.150673,Europe/Athens
LGSK,medium_airport,GR,39.177101,23.503700,Europe/Athens
LGSM,medium_airport,GR,37.689999,26.911699,Europe/Athens
LGSO,small_airport,GR,37.422798,24.950899,Europe/Athens
LGSR,large_airport,GR,36.400045,25.478638,Europe/Athens
LGST,medium_airport,GR,35.216099,26.101299,Europe/Athens
LGSY,small_airport,GR,38.967602,24.487200,Europe/Athens
LGTG,medium_airport,GR,38.339802,23.565001,Europe/Athens
LGTS,large_airport,GR,40.519280,22.970009,Europe/Athens
LGZA,medium_airport,GR,37.750900,20.884300,Europe/Athens
LHBP,large_airport,HU,47.430180,19.262393,Europe/Budapest
LHDC,large_airport,HU,47.489469,21.616278,Europe/Budapest
LHKE,medium_airport,HU,46.917500,19.749201,Europe/Budapest
LHPP,large_airport,HU,45.988891,18.242044,Europe/Budapest
LHPR,medium_airport,HU,47.628436,17.804718,Europe/Budapest
LHSM,medium_airport,HU,46.686391,17.159084,Europe/Budapest
LHSN,medium_airport,HU,47.122897,20.235500,Europe/Budapest
LHTA,medium_airport,HU,46.393101,17.917500,Europe/Budapest
LHTL,medium_airport,HU,47.345299,18.980801,Europe/Budapest
LIBA,medium_airport,IT,41.538443,15.717181,Europe/Rome
LIBC,medium_airport,IT,38.997200,17.080200,Europe/Rome
LIBD,large_airport,IT,41.138901,16.760599,Europe/Rome
LIBF,medium_airport,IT,41.433596,15.534566,Europe/Rome
LIBG,medium_airport,IT,40.517502,17.403200,Europe/Rome
LIBN,medium_airport,IT,40.239201,18.133301,Europe/Rome
LIBP,large_airport,IT,42.431079,14.182981,Europe/Rome
LIBR,large_airport,IT,40.657600,17.947001,Europe/Rome
LIBV,medium_airport,IT,40.767799,16.933300,Europe/Rome
LICA,large_airport,IT,38.906214,16.246007,Europe/Rome
LICB,medium_airport,IT,36.995830,14.608890,Europe/Rome
LICC,large_airport,IT,37.466801,15.066400,Europe/Rome
LICD,medium_airport,IT,35.497898,12.618100,Europe/Rome
LICG,medium_airport,IT,36.816502,11.968900,Europe/Rome
LICJ,large_airport,IT,38.175999,13.091000,Europe/Rome
LICP,medium_airport,IT,38.115919,13.313370,Europe/Rome
LICR,medium_airport,IT,38.071201,15.651600,Europe/Rome
LICT,medium_airport,IT,37.911400,12.488000,Europe/Rome
LICZ,medium_airport,IT,37.401699,14.922400,Europe/Rome
LIDT,medium_airport,IT,46.023333,11.125000,Europe/Rome
LIEA,medium_airport,IT,40.632099,8.290770,Europe/Rome
LIED,medium_airport,IT,39.354198,8.972480,Europe/Rome
LIEE,large_airport,IT,39.251499,9.054280,Europe/Rome
LIEO,large_airport,IT,40.898953,9.518457,Europe/Rome
LIET,medium_airport,IT,39.918800,9.682980,Europe/Rome
LILE,medium_airport,IT,45.495300,8.102780,Europe/Rome
LILN,medium_airport,IT,45.742199,8.888233,Europe/Rome
LIMA,medium_airport,IT,45.084444,7.603056,Europe/Rome
LIMC,large_airport,IT,45.630600,8.728110,Europe/Rome
LIME,large_airport,IT,45.669362,9.708851,Europe/Rome
LIMF,large_airport,IT,45.200802,7.649630,Europe/Rome
LIMG,medium_airport,IT,44.050598,8.127430,Europe/Rome
LIMJ,large_airport,IT,44.412039,8.840732,Europe/Rome
LIML,large_airport,IT,45.445099,9.276740,Europe/Rome
LIMN,medium_airport,IT,45.529598,8.669220,Europe/Rome
LIMP,medium_airport,IT,44.826351,10.297050,Europe/Rome
LIMR,medium_airport,IT,44.779999,8.786390,Europe/Rome
LIMS,medium_airport,IT,44.914420,9.722318,Europe/Rome
LIMW,medium_airport,IT,45.738552,7.368300,Europe/Rome
LIMZ,medium_airport,IT,44.547458,7.623045,Europe/Rome
LIPA,medium_airport,IT,46.031898,12.596503,Europe/Rome
LIPB,medium_airport,IT,46.459245,11.326125,Europe/Rome
LIPC,medium_airport,IT,44.224201,12.307200,Europe/Rome
LIPE,large_airport,IT,44.535400,11.288700,Europe/Rome
LIPH,large_airport,IT,45.648399,12.194400,Europe/Rome
LIPI,medium_airport,IT,45.978699,13.049300,Europe/Rome
LIPK,medium_airport,IT,44.194801,12.070100,Europe/Rome
LIPL,medium_airport,IT,45.432551,10.268612,Europe/Rome
LIPO,medium_airport,IT,45.428902,10.330600,Europe/Rome
LIPQ,large_airport,IT,45.827862,13.466672,Europe/Rome
LIPR,large_airport,IT,44.020024,12.612198,Europe/Rome
LIPS,medium_airport,IT,45.684382,12.086594,Europe/Rome
LIPU,medium_airport,IT,45.395316,11.847124,Europe/Rome
LIPX,large_airport,IT,45.394955,10.887303,Europe/Rome
LIPY,medium_airport,IT,43.616299,13.362300,Europe/Rome
LIPZ,large_airport,IT,45.505299,12.351900,Europe/Rome
LIQS,medium_airport,IT,43.254942,11.255084,Europe/Rome
LIQW,medium_airport,IT,44.087375,9.987877,Europe/Rome
LIRA,large_airport,IT,41.798769,12.595331,Europe/Rome
LIRE,medium_airport,IT,41.654499,12.445200,Europe/Rome
LIRF,large_airport,IT,41.804532,12.251998,Europe/Rome
LIRG,medium_airport,IT,41.990299,12.740800,Europe/Rome
LIRI,medium_airport,IT,40.620399,14.911300,Europe/Rome
LIRJ,medium_airport,IT,42.760871,10.239811,Europe/Rome
LIRL,medium_airport,IT,41.542400,12.909000,Europe/Rome
LIRM,medium_airport,IT,41.060799,14.081900,Europe/Rome
LIRN,large_airport,IT,40.886002,14.290800,Europe/Rome
LIRP,large_airport,IT,43.683899,10.392700,Europe/Rome
LIRQ,large_airport,IT,43.808558,11.202822,Europe/Rome
LIRS,medium_airport,IT,42.759701,11.071900,Europe/Rome
LIRU,medium_airport,IT,41.952096,12.502231,Europe/Rome
LIRV,medium_airport,IT,42.435297,12.061362,Europe/Rome
LIRZ,large_airport,IT,43.095901,12.513200,Europe/Rome
LJCE,medium_airport,SI,45.900002,15.530200,Europe/Ljubljana
LJLJ,large_airport,SI,46.223701,14.457600,Europe/Ljubljana
LJMB,medium_airport,SI,46.479900,15.686100,Europe/Ljubljana
LJPZ,medium_airport,SI,45.472010,13.615951,Europe/Ljubljana
LK-0001,small_airport,LK,9.306600,80.489000,Asia/Colombo
LKCS,large_airport,CZ,48.948171,14.428320,Europe/Prague
LKCV,medium_airport,CZ,49.939701,15.381800,Europe/Prague
LKKB,medium_airport,CZ,50.121399,14.543600,Europe/Prague
LKKU,medium_airport,CZ,49.029400,17.439699,Europe/Prague
LKKV,large_airport,CZ,50.202999,12.915000,Europe/Prague
LKLN,medium_airport,CZ,49.675201,13.274600,Europe/Prague
LKMT,large_airport,CZ,49.696301,18.111099,Europe/Prague
LKNA,medium_airport,CZ,49.166272,16.123981,Europe/Prague
LKPD,large_airport,CZ,50.015049,15.739810,Europe/Prague
LKPO,medium_airport,CZ,49.425800,17.404699,Europe/Prague
LKPR,large_airport,CZ,50.100874,14.259911,Europe/Prague
LKTB,medium_airport,CZ,49.151276,16.693972,Europe/Prague
LKVO,medium_airport,CZ,50.216599,14.395800,Europe/Prague
LLBG,large_airport,IL,32.011398,34.886700,Asia/Jerusalem
LLEK,medium_airport,IL,31.839500,34.821800,Asia/Jerusalem
LLER,large_airport,IL,29.727009,35.014116,Asia/Jerusalem
LLHA,medium_airport,IL,32.810219,35.043719,Asia/Jerusalem
LLIB,medium_airport,IL,32.980999,35.571899,Asia/Jerusalem
LLMZ,medium_airport,IL,31.328199,35.388599,Asia/Jerusalem
LLNV,medium_airport,IL,31.208300,35.012299,Asia/Jerusalem
LLRD,medium_airport,IL,32.665100,35.179501,Asia/Jerusalem
LLRM,medium_airport,IL,30.776100,34.666698,Asia/Jerusalem
LMMG,heliport,MT,36.027199,14.272800,Europe/Malta
LMML,large_airport,MT,35.845932,14.491546,Europe/Malta
LNMC,heliport,MC,43.725798,7.419673,Europe/Monaco
LOAN,medium_airport,AT,47.843300,16.260099,Europe/Vienna
LOWG,large_airport,AT,46.991100,15.439600,Europe/Vienna
LOWI,large_airport,AT,47.260201,11.344000,Europe/Vienna
LOWK,large_airport,AT,46.642502,14.337700,Europe/Vienna
LOWL,large_airport,AT,48.235362,14.188128,Europe/Vienna
LOWS,large_airport,AT,47.793301,13.004300,Europe/Vienna
LOWW,large_airport,AT,48.110298,16.569700,Europe/Vienna
LOXN,medium_airport,AT,47.836933,16.221838,Europe/Vienna
LOXZ,medium_airport,AT,47.202801,14.744200,Europe/Vienna
LPAR,medium_airport,PT,38.883301,-9.030100,Europe/Lisbon
LPAZ,medium_airport,PT,36.971401,-25.170601,Atlantic/Azores
LPBG,medium_airport,PT,41.857800,-6.707130,Europe/Lisbon
LPBJ,medium_airport,PT,38.078899,-7.932400,Europe/Lisbon
LPBR,medium_airport,PT,41.587000,-8.445189,Europe/Lisbon
LPCB,medium_airport,PT,39.844528,-7.439875,Europe/Lisbon
LPCO,medium_airport,PT,40.158758,-8.470815,Europe/Lisbon
LPCR,small_airport,PT,39.671501,-31.113600,Atlantic/Azores
LPCS,medium_airport,PT,38.724998,-9.355230,Europe/Lisbon
LPEV,medium_airport,PT,38.533501,-7.889640,Europe/Lisbon
LPFL,medium_airport,PT,39.455299,-31.131399,Atlantic/Azores
LPFR,large_airport,PT,37.015909,-7.970939,Europe/Lisbon
LPGR,medium_airport,PT,39.092201,-28.029800,Atlantic/Azores
LPHR,medium_airport,PT,38.519901,-28.715900,Atlantic/Azores
LPLA,medium_airport,PT,38.761799,-27.090799,Atlantic/Azores
LPMA,large_airport,PT,32.697812,-16.774613,Atlantic/Madeira
LPMR,medium_airport,PT,39.828335,-8.887500,Europe/Lisbon
LPMT,medium_airport,PT,38.709290,-9.033680,Europe/Lisbon
LPOV,medium_airport,PT,40.915901,-8.645920,Europe/Lisbon
LPPD,large_airport,PT,37.741199,-25.697901,Atlantic/Azores
LPPI,medium_airport,PT,38.554298,-28.441299,Atlantic/Azores
LPPM,medium_airport,PT,37.149300,-8.583960,Europe/Lisbon
LPPR,large_airport,PT,41.248100,-8.681390,Europe/Lisbon
LPPS,medium_airport,PT,33.073399,-16.350000,Atlantic/Madeira
LPPT,large_airport,PT,38.781300,-9.135920,Europe/Lisbon
LPSJ,medium_airport,PT,38.665501,-28.175800,Atlantic/Azores
LPSO,medium_airport,PT,39.211545,-8.057787,Europe/Lisbon
LPST,medium_airport,PT,38.831100,-9.339550,Europe/Lisbon
LPTN,medium_airport,PT,39.475101,-8.364580,Europe/Lisbon
LPVL,medium_airport,PT,41.277290,-8.516209,Europe/Lisbon
LPVR,medium_airport,PT,41.274300,-7.720470,Europe/Lisbon
LPVZ,medium_airport,PT,40.725498,-7.888990,Europe/Lisbon
LQBK,large_airport,BA,44.941399,17.297501,Europe/Sarajevo
LQMO,large_airport,BA,43.282489,17.846101,Europe/Sarajevo
LQSA,large_airport,BA,43.824600,18.331499,Europe/Sarajevo
LQTZ,large_airport,BA,44.459858,18.723627,Europe/Sarajevo
LR80,medium_airport,RO,44.392300,27.726700,Europe/Bucharest
LR82,medium_airport,RO,45.216400,26.978600,Europe/Bucharest
LRAR,medium_airport,RO,46.176136,21.264322,Europe/Bucharest
LRBC,large_airport,RO,46.521900,26.910299,Europe/Bucharest
LRBM,medium_airport,RO,47.658444,23.464445,Europe/Bucharest
LRBS,large_airport,RO,44.503133,26.102944,Europe/Bucharest
LRBV,large_airport,RO,45.705580,25.522871,Europe/Bucharest
LRCK,large_airport,RO,44.362202,28.488300,Europe/Bucharest
LRCL,large_airport,RO,46.786042,23.685733,Europe/Bucharest
LRCS,medium_airport,RO,45.420142,22.252507,Europe/Bucharest
LRCT,medium_airport,RO,46.502300,23.885900,Europe/Bucharest
LRCV,large_airport,RO,44.318100,23.888599,Europe/Bucharest
LRIA,large_airport,RO,47.179633,27.621431,Europe/Bucharest
LROD,large_airport,RO,47.025299,21.902500,Europe/Bucharest
LROP,large_airport,RO,44.571792,26.103285,Europe/Bucharest
LRSB,large_airport,RO,45.785841,24.086666,Europe/Bucharest
LRSM,medium_airport,RO,47.703300,22.885700,Europe/Bucharest
LRSV,large_airport,RO,47.687500,26.354099,Europe/Bucharest
LRTC,medium_airport,RO,45.062500,28.714300,Europe/Bucharest
LRTM,medium_airport,RO,46.467701,24.412500,Europe/Bucharest
LRTR,large_airport,RO,45.809898,21.337900,Europe/Bucharest
LSGC,medium_airport,CH,47.083900,6.792840,Europe/Zurich
LSGG,large_airport,CH,46.238098,6.108950,Europe/Zurich
LSGS,medium_airport,CH,46.219166,7.326944,Europe/Zurich
LSMA,medium_airport,CH,46.943901,8.284170,Europe/Zurich
LSMD,medium_airport,CH,47.398602,8.648230,Europe/Zurich
LSME,medium_airport,CH,47.092444,8.305184,Europe/Zurich
LSMP,medium_airport,CH,46.843200,6.915060,Europe/Zurich
LSZA,medium_airport,CH,46.004299,8.910580,Europe/Zurich
LSZB,medium_airport,CH,46.912736,7.498819,Europe/Zurich
LSZG,medium_airport,CH,47.181599,7.417190,Europe/Zurich
LSZH,large_airport,CH,47.458056,8.548056,Europe/Zurich
LSZR,medium_airport,CH,47.485001,9.560770,Europe/Zurich
LSZS,medium_airport,CH,46.534100,9.884110,Europe/Zurich
LTAC,large_airport,TR,40.128101,32.995098,Europe/Istanbul
LTAD,medium_airport,TR,39.949799,32.688599,Europe/Istanbul
LTAE,medium_airport,TR,40.078899,32.565601,Europe/Istanbul
LTAF,large_airport,TR,36.982201,35.280399,Europe/Istanbul
LTAG,medium_airport,TR,37.002102,35.425900,Europe/Istanbul
LTAH,medium_airport,TR,38.726398,30.601101,Europe/Istanbul
LTAI,large_airport,TR,36.898701,30.800501,Europe/Istanbul
LTAJ,large_airport,TR,36.947201,37.478699,Europe/Istanbul
LTAL,medium_airport,TR,41.314201,33.795799,Europe/Istanbul
LTAN,large_airport,TR,37.979000,32.561901,Europe/Istanbul
LTAO,small_airport,TR,38.353699,38.253899,Europe/Istanbul
LTAP,small_airport,TR,40.829399,35.521999,Europe/Istanbul
LTAR,small_airport,TR,39.813801,36.903500,Europe/Istanbul
LTAS,medium_airport,TR,41.506401,32.088600,Europe/Istanbul
LTAT,medium_airport,TR,38.435299,38.091000,Europe/Istanbul
LTAU,large_airport,TR,38.770401,35.495399,Europe/Istanbul
LTAV,medium_airport,TR,39.451500,31.365299,Europe/Istanbul
LTAW,medium_airport,TR,40.324720,36.390560,Europe/Istanbul
LTAY,medium_airport,TR,37.785599,29.701300,Europe/Istanbul
LTAZ,large_airport,TR,38.771900,34.534500,Europe/Istanbul
LTBA,large_airport,TR,40.971913,28.823714,Europe/Istanbul
LTBF,medium_airport,TR,39.619301,27.926001,Europe/Istanbul
LTBG,medium_airport,TR,40.318001,27.977699,Europe/Istanbul
LTBH,medium_airport,TR,40.137699,26.426800,Europe/Istanbul
LTBI,medium_airport,TR,39.784100,30.582100,Europe/Istanbul
LTBJ,large_airport,TR,38.292400,27.157000,Europe/Istanbul
LTBL,medium_airport,TR,38.513000,27.010099,Europe/Istanbul
LTBN,medium_airport,TR,39.426701,30.016899,Europe/Istanbul
LTBO,medium_airport,TR,38.681499,29.471701,Europe/Istanbul
LTBQ,medium_airport,TR,40.735001,30.083300,Europe/Istanbul
LTBR,medium_airport,TR,40.255199,29.562599,Europe/Istanbul
LTBS,large_airport,TR,36.713100,28.792500,Europe/Istanbul
LTBT,medium_airport,TR,38.808899,27.833900,Europe/Istanbul
LTBU,medium_airport,TR,41.138199,27.919100,Europe/Istanbul
LTBX,medium_airport,TR,40.993000,29.216499,Europe/Istanbul
LTBY,large_airport,TR,39.811644,30.519268,Europe/Istanbul
LTBZ,small_airport,TR,39.111107,30.130405,Europe/Istanbul
LTCA,medium_airport,TR,38.597974,39.283480,Europe/Istanbul
LTCB,medium_airport,TR,40.966872,38.085995,Europe/Istanbul
LTCC,medium_airport,TR,37.893902,40.201000,Europe/Istanbul
LTCD,medium_airport,TR,39.710201,39.527000,Europe/Istanbul
LTCE,medium_airport,TR,39.956501,41.170200,Europe/Istanbul
LTCF,medium_airport,TR,40.562199,43.115002,Europe/Istanbul
LTCG,medium_airport,TR,40.995098,39.789700,Europe/Istanbul
LTCI,medium_airport,TR,38.468201,43.332298,Europe/Istanbul
LTCJ,medium_airport,TR,37.929001,41.116600,Europe/Istanbul
LTCK,medium_airport,TR,38.747799,41.661201,Europe/Istanbul
LTCL,medium_airport,TR,37.978901,41.840401,Europe/Istanbul
LTCM,medium_airport,TR,42.018313,35.071774,Europe/Istanbul
LTCN,medium_airport,TR,37.538826,36.953522,Europe/Istanbul
LTCO,medium_airport,TR,39.655642,43.025742,Europe/Istanbul
LTCP,medium_airport,TR,37.731400,38.468899,Europe/Istanbul
LTCR,medium_airport,TR,37.223301,40.631699,Europe/Istanbul
LTCS,large_airport,TR,37.445663,38.895592,Europe/Istanbul
LTCT,medium_airport,TR,39.976627,43.876648,Europe/Istanbul
LTCU,small_airport,TR,38.860131,40.594489,Europe/Istanbul
LTCV,medium_airport,TR,37.364700,42.058200,Europe/Istanbul
LTCW,medium_airport,TR,37.549700,44.238100,Europe/Istanbul
LTDA,medium_airport,TR,36.360790,36.285589,Europe/Istanbul
LTDB,large_airport,TR,36.891478,35.071235,Europe/Istanbul
LTFC,medium_airport,TR,37.855400,30.368401,Europe/Istanbul
LTFD,large_airport,TR,39.552533,27.010192,Europe/Istanbul
LTFE,large_airport,TR,37.249314,27.664010,Europe/Istanbul
LTFG,medium_airport,TR,36.298832,32.297017,Europe/Istanbul
LTFH,medium_airport,TR,41.253988,36.567546,Europe/Istanbul
LTFJ,large_airport,TR,40.898602,29.309200,Europe/Istanbul
LTFM,large_airport,TR,41.274874,28.732136,Europe/Istanbul
LTFO,large_airport,TR,41.179766,40.848802,Europe/Istanbul
LUBL,medium_airport,MD,47.837666,27.781108,Europe/Chisinau
LUBM,medium_airport,MD,47.862701,28.212799,Europe/Chisinau
LUCH,medium_airport,MD,45.843800,28.263700,Europe/Chisinau
LUKK,large_airport,MD,46.927740,28.931704,Europe/Chisinau
LUTR,medium_airport,MD,46.868099,29.590599,Europe/Chisinau
LWOH,large_airport,MK,41.180000,20.742300,Europe/Skopje
LWSK,large_airport,MK,41.958087,21.622581,Europe/Skopje
LXGB,large_airport,GI,36.151679,-5.349780,Europe/Gibraltar
LY-BCQ,medium_airport,LY,27.653000,14.272000,Africa/Tripoli
LYBE,large_airport,RS,44.818401,20.309099,Europe/Belgrade
LYBT,medium_airport,RS,44.935299,20.257500,Europe/Belgrade
LYKV,medium_airport,RS,43.817519,20.586662,Europe/Belgrade
LYNI,large_airport,RS,43.336538,21.856242,Europe/Belgrade
LYPG,large_airport,ME,42.359402,19.251900,Europe/Podgorica
LYTV,medium_airport,ME,42.404701,18.723301,Europe/Podgorica
LYUZ,medium_airport,RS,43.898899,19.697701,Europe/Belgrade
LZG,medium_airport,CN,31.501910,106.034417,Asia/Shanghai
LZIB,large_airport,SK,48.170200,17.212700,Europe/Bratislava
LZKZ,medium_airport,SK,48.663101,21.241100,Europe/Bratislava
LZMC,medium_airport,SK,48.402000,17.118401,Europe/Bratislava
LZPP,medium_airport,SK,48.625198,17.828400,Europe/Bratislava
LZSL,medium_airport,SK,48.637798,19.134100,Europe/Bratislava
LZTT,medium_airport,SK,49.070994,20.241394,Europe/Bratislava
LZZI,medium_airport,SK,49.233292,18.613386,Europe/Bratislava
MA-0003,medium_airport,EH,27.726982,-9.237865,Africa/Casablanca
MBGT,medium_airport,TC,21.444500,-71.142303,America/Grand_Turk
MBNC,medium_airport,TC,21.916094,-71.942954,America/Grand_Turk
MBPV,large_airport,TC,21.773697,-72.268321,America/Grand_Turk
MBSC,medium_airport,TC,21.515699,-71.528503,America/Grand_Turk
MBSY,small_airport,TC,21.333000,-71.199997,America/Grand_Turk
MDBH,medium_airport,DO,18.251499,-71.120399,America/Santo_Domingo
MDCR,medium_airport,DO,17.929001,-71.644798,America/Santo_Domingo
MDCY,medium_airport,DO,19.269259,-69.737405,America/Santo_Domingo
MDJB,medium_airport,DO,18.572500,-69.985603,America/Santo_Domingo
MDLR,large_airport,DO,18.452222,-68.911111,America/Santo_Domingo
MDPC,large_airport,DO,18.567093,-68.364558,America/Santo_Domingo
MDPP,medium_airport,DO,19.757900,-70.570000,America/Santo_Domingo
MDSD,large_airport,DO,18.429701,-69.668900,America/Santo_Domingo
MDSI,medium_airport,DO,18.503700,-69.761703,America/Santo_Domingo
MDST,large_airport,DO,19.404060,-70.604431,America/Santo_Domingo
MGCB,medium_airport,GT,15.469000,-90.406700,America/Guatemala
MGGT,large_airport,GT,14.582896,-90.527515,America/Guatemala
MGHT,small_airport,GT,15.316667,-91.505556,America/Guatemala
MGPB,medium_airport,GT,15.730900,-88.583801,America/Guatemala
MGQZ,small_airport,GT,14.865600,-91.501999,America/Guatemala
MGRB,medium_airport,GT,15.992000,-90.445297,America/Guatemala
MGRT,medium_airport,GT,14.521431,-91.697001,America/Guatemala
MGSJ,medium_airport,GT,13.936200,-90.835800,America/Guatemala
MGTK,medium_airport,GT,16.913707,-89.866143,America/Guatemala
MH-0004,small_airport,MH,8.928060,165.761993,Pacific/Majuro
MH-AUL,small_airport,MH,8.145280,171.173004,Pacific/Majuro
MH-JEJ,small_airport,MH,7.565350,168.962006,Pacific/Majuro
MH-LIK,small_airport,MH,9.823160,169.307999,Pacific/Majuro
MH-MJE,small_airport,MH,8.163362,168.173862,Pacific/Majuro
MH-RNP,small_airport,MH,11.157200,166.886993,Pacific/Majuro
MH-UIT,small_airport,MH,5.909213,169.637256,Pacific/Majuro
MH-WTE,small_airport,MH,9.458333,170.238611,Pacific/Majuro
MH-WTO,small_airport,MH,10.173300,166.003006,Pacific/Majuro
MHLC,medium_airport,HN,15.742500,-86.852997,America/Tegucigalpa
MHLM,large_airport,HN,15.452600,-87.923599,America/Tegucigalpa
MHNJ,medium_airport,HN,16.445400,-85.906601,America/Tegucigalpa
MHPL,small_airport,HN,15.262200,-83.781197,America/Tegucigalpa
MHRO,large_airport,HN,16.316799,-86.523003,America/Tegucigalpa
MHSC,large_airport,HN,14.382400,-87.621201,America/Tegucigalpa
MHTE,medium_airport,HN,15.775900,-87.475800,America/Tegucigalpa
MHTG,medium_airport,HN,14.060900,-87.217201,America/Tegucigalpa
MHTJ,medium_airport,HN,15.926599,-85.938573,America/Tegucigalpa
MHUT,small_airport,HN,16.113100,-86.880302,America/Tegucigalpa
MKBS,medium_airport,JM,18.404079,-76.969754,America/Jamaica
MKJP,large_airport,JM,17.935699,-76.787498,America/Jamaica
MKJS,large_airport,JM,18.503420,-77.913230,America/Jamaica
MKKJ,medium_airport,JM,18.198799,-76.534500,America/Jamaica
MKTP,medium_airport,JM,17.988600,-76.823799,America/Jamaica
MLIP,small_airport,MH,6.084754,171.731419,Pacific/Majuro
MM10,small_airport,MX,28.039031,-115.189419,America/Tijuana
MM52,small_airport,MX,25.652201,-108.538002,America/Mazatlan
MMAA,large_airport,MX,16.757126,-99.753113,America/Mexico_City
MMAN,medium_airport,MX,25.865601,-100.237000,America/Monterrey
MMAS,large_airport,MX,21.699589,-102.318372,America/Mexico_City
MMBT,large_airport,MX,15.775437,-96.260456,America/Mexico_City
MMCB,medium_airport,MX,18.833922,-99.261818,America/Mexico_City
MMCC,medium_airport,MX,29.333662,-101.100555,America/Matamoros
MMCE,medium_airport,MX,18.651516,-91.799355,America/Merida
MMCL,large_airport,MX,24.765040,-107.475228,America/Mazatlan
MMCM,medium_airport,MX,18.504985,-88.328018,America/Cancun
MMCN,medium_airport,MX,27.392599,-109.833000,America/Hermosillo
MMCP,medium_airport,MX,19.815969,-90.500125,America/Merida
MMCS,large_airport,MX,31.636673,-106.428533,America/Ciudad_Juarez
MMCU,large_airport,MX,28.702649,-105.963764,America/Chihuahua
MMCV,medium_airport,MX,23.703300,-98.956497,America/Monterrey
MMCY,medium_airport,MX,20.545998,-100.886539,America/Mexico_City
MMCZ,large_airport,MX,20.514922,-86.928538,America/Cancun
MMDA,small_airport,MX,25.053801,-111.614998,America/Mazatlan
MMDO,medium_airport,MX,24.125468,-104.527938,America/Monterrey
MMEP,medium_airport,MX,21.419833,-104.842472,America/Mazatlan
MMES,medium_airport,MX,31.794516,-116.602384,America/Tijuana
MMGL,large_airport,MX,20.523342,-103.310108,America/Mexico_City
MMGM,medium_airport,MX,27.969000,-110.925003,America/Hermosillo
MMGR,small_airport,MX,28.026100,-114.024002,America/Tijuana
MMHO,large_airport,MX,29.092811,-111.053015,America/Hermosillo
MMIA,medium_airport,MX,19.277000,-103.577002,America/Mexico_City
MMIO,medium_airport,MX,25.537860,-100.928346,America/Monterrey
MMIT,medium_airport,MX,16.445961,-95.093708,America/Mexico_City
MMJA,medium_airport,MX,19.475107,-96.797008,America/Mexico_City
MMLC,medium_airport,MX,18.001672,-102.220316,America/Mexico_City
MMLM,medium_airport,MX,25.685503,-109.081159,America/Mazatlan
MMLO,large_airport,MX,20.992695,-101.480284,America/Mexico_City
MMLP,medium_airport,MX,24.072331,-110.362662,America/Mazatlan
MMLT,large_airport,MX,25.989549,-111.348408,America/Mazatlan
MMMA,medium_airport,MX,25.769899,-97.525299,America/Matamoros
MMMD,large_airport,MX,20.930485,-89.645462,America/Merida
MMML,medium_airport,MX,32.630629,-115.242805,America/Tijuana
MMMM,large_airport,MX,19.849899,-101.025002,America/Mexico_City
MMMT,medium_airport,MX,18.103399,-94.580704,America/Mexico_City
MMMV,medium_airport,MX,26.955700,-101.470001,America/Monterrey
MMMX,large_airport,MX,19.435822,-99.070330,America/Mexico_City
MMMY,large_airport,MX,25.778521,-100.106989,America/Monterrey
MMMZ,large_airport,MX,23.162823,-106.264517,America/Mazatlan
MMNG,medium_airport,MX,31.225756,-110.976934,America/Hermosillo
MMNL,medium_airport,MX,27.443899,-99.570503,America/Matamoros
MMOX,large_airport,MX,16.998773,-96.726092,America/Mexico_City
MMPA,medium_airport,MX,20.602699,-97.460800,America/Mexico_City
MMPB,large_airport,MX,19.158465,-98.371582,America/Mexico_City
MMPE,small_airport,MX,31.351987,-113.305177,America/Hermosillo
MMPG,medium_airport,MX,28.627873,-100.535240,America/Matamoros
MMPN,medium_airport,MX,19.396700,-102.039001,America/Mexico_City
MMPR,large_airport,MX,20.679913,-105.254391,America/Mexico_City
MMPS,medium_airport,MX,15.876808,-97.089100,America/Mexico_City
MMQT,large_airport,MX,20.618779,-100.186449,America/Mexico_City
MMRX,medium_airport,MX,26.008900,-98.228500,America/Matamoros
MMSD,large_airport,MX,23.151919,-109.720731,America/Mazatlan
MMSL,medium_airport,MX,22.949072,-109.939479,America/Mazatlan
MMSM,large_airport,MX,19.743824,-99.015070,America/Mexico_City
MMSP,medium_airport,MX,22.262026,-100.935692,America/Mexico_City
MMTB,medium_airport,MX,16.739901,-93.173301,America/Mexico_City
MMTC,medium_airport,MX,25.562265,-103.404608,America/Monterrey
MMTG,medium_airport,MX,16.561611,-93.025731,America/Mexico_City
MMTJ,large_airport,MX,32.541043,-116.969976,America/Tijuana
MMTL,large_airport,MX,20.172098,-87.660272,America/Cancun
MMTM,medium_airport,MX,22.292622,-97.867058,America/Monterrey
MMTO,large_airport,MX,19.336900,-99.565830,America/Mexico_City
MMTP,medium_airport,MX,14.794549,-92.369871,America/Mexico_City
MMUN,large_airport,MX,21.040817,-86.873470,America/Cancun
MMVA,large_airport,MX,17.994283,-92.818199,America/Mexico_City
MMVR,large_airport,MX,19.139589,-96.188602,America/Mexico_City
MMZC,medium_airport,MX,22.894942,-102.687154,America/Mexico_City
MMZH,large_airport,MX,17.601771,-101.460629,America/Mexico_City
MMZO,medium_airport,MX,19.144800,-104.558998,America/Mexico_City
MN-0005,medium_airport,MN,45.946700,109.123300,Asia/Ulaanbaatar
MNBL,medium_airport,NI,11.991000,-83.774101,America/Managua
MNCI,small_airport,NI,12.174785,-83.059445,America/Managua
MNLP,small_airport,NI,11.523616,-85.702995,America/Managua
MNMG,large_airport,NI,12.141500,-86.168198,America/Managua
MNPC,medium_airport,NI,14.047200,-83.386703,America/Managua
MOH,small_airport,ID,-2.201143,121.662884,Asia/Makassar
MPBO,medium_airport,PA,9.340850,-82.250801,America/Panama
MPCE,medium_airport,PA,7.987840,-80.409837,America/Panama
MPCH,medium_airport,PA,9.458962,-82.515062,America/Panama
MPDA,medium_airport,PA,8.388983,-82.436425,America/Panama
MPEJ,medium_airport,PA,9.356640,-79.867401,America/Panama
MPHO,small_airport,PA,8.914790,-79.599602,America/Panama
MPMG,medium_airport,PA,8.973340,-79.555603,America/Panama
MPPD,small_airport,PA,7.534801,-80.043347,America/Panama
MPSA,medium_airport,PA,8.085600,-80.945297,America/Panama
MPSM,small_airport,PA,8.375880,-80.127899,America/Panama
MPTO,large_airport,PA,9.071360,-79.383499,America/Panama
MRAN,medium_airport,CR,10.469311,-84.579073,America/Costa_Rica
MRAO,medium_airport,CR,10.420000,-83.609500,America/Costa_Rica
MRBA,medium_airport,CR,9.163949,-83.330171,America/Costa_Rica
MRBC,medium_airport,CR,10.768700,-83.585602,America/Costa_Rica
MRCC,medium_airport,CR,8.601560,-82.968754,America/Costa_Rica
MRGF,medium_airport,CR,8.654010,-83.182198,America/Costa_Rica
MRGP,medium_airport,CR,10.217200,-83.796997,America/Costa_Rica
MRLB,large_airport,CR,10.593300,-85.544403,America/Costa_Rica
MRLC,medium_airport,CR,11.035300,-84.706100,America/Costa_Rica
MRLM,medium_airport,CR,9.957960,-83.022003,America/Costa_Rica
MRNS,medium_airport,CR,9.976490,-85.653000,America/Costa_Rica
MROC,large_airport,CR,9.993860,-84.208801,America/Costa_Rica
MRPJ,medium_airport,CR,8.533330,-83.300003,America/Costa_Rica
MRPM,medium_airport,CR,8.951030,-83.468597,America/Costa_Rica
MRPV,medium_airport,CR,9.957050,-84.139801,America/Costa_Rica
MRQP,medium_airport,CR,9.443160,-84.129799,America/Costa_Rica
MRUP,medium_airport,CR,10.892200,-85.016197,America/Costa_Rica
MSLP,large_airport,SV,13.444470,-89.055784,America/El_Salvador
MSSS,medium_airport,SV,13.699500,-89.119904,America/El_Salvador
MTCA,medium_airport,HT,18.271099,-73.788300,America/Port-au-Prince
MTCH,large_airport,HT,19.725547,-72.200710,America/Port-au-Prince
MTJA,medium_airport,HT,18.241100,-72.518501,America/Port-au-Prince
MTJE,medium_airport,HT,18.663099,-74.170303,America/Port-au-Prince
MTPP,large_airport,HT,18.580023,-72.292596,America/Port-au-Prince
MTPX,medium_airport,HT,19.934045,-72.848010,America/Port-au-Prince
MU-0004,medium_airport,MU,-10.372483,56.603537,Indian/Mauritius
MUBA,medium_airport,CU,20.365299,-74.506203,America/Havana
MUBY,medium_airport,CU,20.396400,-76.621399,America/Havana
MUCA,medium_airport,CU,22.027100,-78.789597,America/Havana
MUCC,medium_airport,CU,22.461000,-78.328400,America/Havana
MUCF,medium_airport,CU,22.150000,-80.414200,America/Havana
MUCL,medium_airport,CU,21.616501,-81.545998,America/Havana
MUCM,large_airport,CU,21.419909,-77.848039,America/Havana
MUCU,large_airport,CU,19.974740,-75.835504,America/Havana
MUGM,medium_airport,CU,19.906500,-75.207100,America/New_York
MUGT,medium_airport,CU,20.085300,-75.158302,America/Havana
MUHA,large_airport,CU,22.989201,-82.409103,America/Havana
MUHG,large_airport,CU,20.785148,-76.315526,America/Havana
MUKW,medium_airport,CU,23.124001,-81.301598,America/Havana
MUMO,medium_airport,CU,20.653900,-74.922203,America/Havana
MUMZ,medium_airport,CU,20.288605,-77.087545,America/Havana
MUNB,medium_airport,CU,22.756514,-81.920743,America/Havana
MUNG,medium_airport,CU,21.834700,-82.783798,America/Havana
MUPB,medium_airport,CU,23.032801,-82.579399,America/Havana
MUSC,large_airport,CU,22.492215,-79.943119,America/Havana
MUSJ,medium_airport,CU,22.100525,-84.157376,America/Havana
MUSN,medium_airport,CU,21.642500,-82.955101,America/Havana
MUTD,medium_airport,CU,21.788300,-79.997200,America/Havana
MUVR,large_airport,CU,23.034401,-81.435303,America/Havana
MUVT,medium_airport,CU,20.987600,-76.935799,America/Havana
MV-0012,small_airport,MV,0.192647,73.196755,Indian/Maldives
MWCB,medium_airport,KY,19.687000,-79.882797,America/Cayman
MWCL,medium_airport,KY,19.660161,-80.088826,America/Cayman
MWCR,large_airport,KY,19.292801,-81.357697,America/Cayman
MX-0203,small_airport,MX,24.635300,-101.796550,America/Mexico_City
MX-0424,medium_airport,MX,27.725133,-107.652015,America/Chihuahua
MX-0685,heliport,MX,18.501817,-93.520564,America/Mexico_City
MX-0687,small_airport,MX,19.729351,-103.977854,America/Mexico_City
MX-0779,heliport,MX,19.434329,-99.149613,America/Mexico_City
MX-1167,heliport,MX,19.428128,-99.206280,America/Mexico_City
MX-1745,heliport,MX,20.678111,-103.456194,America/Mexico_City
MX-2020,heliport,MX,19.432307,-99.064917,America/Mexico_City
MX-2118,medium_airport,MX,19.735231,-98.988153,America/Mexico_City
MY-LBP,small_airport,MY,3.202138,115.401811,Asia/Kuching
MYAB,medium_airport,BS,24.287701,-77.684601,America/Nassau
MYAF,medium_airport,BS,24.697901,-77.795601,America/Nassau
MYAK,medium_airport,BS,24.158701,-77.589798,America/Nassau
MYAM,medium_airport,BS,26.510711,-77.084262,America/Nassau
MYAN,medium_airport,BS,25.053801,-78.049004,America/Nassau
MYAP,medium_airport,BS,22.441799,-73.970901,America/Nassau
MYAT,medium_airport,BS,26.745300,-77.391296,America/Nassau
MYBC,medium_airport,BS,25.417101,-77.880898,America/Nassau
MYBG,medium_airport,BS,25.738300,-77.840103,America/Nassau
MYBS,medium_airport,BS,25.699900,-79.264702,America/Nassau
MYCA,medium_airport,BS,24.629400,-75.673797,America/Nassau
MYCB,medium_airport,BS,24.315300,-75.452301,America/Nassau
MYCI,medium_airport,BS,22.745600,-74.182404,America/Nassau
MYEF,medium_airport,BS,23.562599,-75.877998,America/Nassau
MYEH,medium_airport,BS,25.475823,-76.680784,America/Nassau
MYEM,medium_airport,BS,25.284700,-76.331001,America/Nassau
MYEN,medium_airport,BS,24.594299,-76.820198,America/Nassau
MYER,medium_airport,BS,24.891650,-76.177602,America/Nassau
MYES,medium_airport,BS,24.169100,-76.439102,America/Nassau
MYGF,large_airport,BS,26.557996,-78.695583,America/Nassau
MYIG,medium_airport,BS,20.975000,-73.666901,America/Nassau
MYK,small_airport,US,61.335701,-142.686996,America/Anchorage
MYLD,medium_airport,BS,23.179001,-75.093597,America/Nassau
MYLR,medium_airport,BS,23.009934,-74.904851,America/Nassau
MYLS,medium_airport,BS,23.582317,-75.268621,America/Nassau
MYMM,medium_airport,BS,22.379499,-73.013494,America/Nassau
MYNN,large_airport,BS,25.039000,-77.466202,America/Nassau
MYRD,medium_airport,BS,22.181801,-75.729500,America/Nassau
MYSM,large_airport,BS,24.063041,-74.523233,America/Nassau
MZBZ,large_airport,BZ,17.539951,-88.303556,America/Belize
MZPL,medium_airport,BZ,16.536957,-88.361511,America/Belize
NCAI,small_airport,CK,-18.830900,-159.764008,Pacific/Rarotonga
NCAT,small_airport,CK,-19.967800,-158.119003,Pacific/Rarotonga
NCMH,small_airport,CK,-10.380910,-160.999424,Pacific/Rarotonga
NCMK,small_airport,CK,-20.136101,-157.345001,Pacific/Rarotonga
NCMR,small_airport,CK,-19.842501,-157.703003,Pacific/Rarotonga
NCRG,large_airport,CK,-21.202700,-159.806000,Pacific/Rarotonga
NE-0001,medium_airport,NE,16.955750,8.018610,Africa/Niamey
NFCI,small_airport,FJ,-17.743299,-179.341995,Pacific/Fiji
NFFN,large_airport,FJ,-17.761822,177.437843,Pacific/Fiji
NFFO,small_airport,FJ,-17.778448,177.196996,Pacific/Fiji
NFKD,small_airport,FJ,-19.058100,178.156998,Pacific/Fiji
NFMA,small_airport,FJ,-17.672844,177.098500,Pacific/Fiji
NFMO,small_airport,FJ,-18.566700,179.951004,Pacific/Fiji
NFNA,large_airport,FJ,-18.044226,178.561486,Pacific/Fiji
NFNB,small_airport,FJ,-17.711100,178.759003,Pacific/Fiji
NFNG,small_airport,FJ,-18.115601,179.339996,Pacific/Fiji
NFNK,small_airport,FJ,-18.199200,-178.817001,Pacific/Fiji
NFNL,medium_airport,FJ,-16.466700,179.339996,Pacific/Fiji
NFNM,small_airport,FJ,-16.690599,-179.876999,Pacific/Fiji
NFNO,small_airport,FJ,-17.345800,179.421997,Pacific/Fiji
NFNR,small_airport,FJ,-12.482500,177.070999,Pacific/Fiji
NFNS,small_airport,FJ,-16.803394,179.340587,Pacific/Fiji
NFSW,small_airport,FJ,-16.758900,177.544998,Pacific/Fiji
NFTE,small_airport,TO,-21.378300,-174.957993,Pacific/Tongatapu
NFTF,large_airport,TO,-21.241438,-175.149164,Pacific/Tongatapu
NFTL,medium_airport,TO,-19.777000,-174.341003,Pacific/Tongatapu
NFTP,small_airport,TO,-15.977297,-173.791089,Pacific/Tongatapu
NFTV,large_airport,TO,-18.585300,-173.962006,Pacific/Tongatapu
NFVB,small_airport,FJ,-17.268999,-178.975998,Pacific/Fiji
NG-0004,medium_airport,NG,4.846111,7.021389,Africa/Lagos
NG-0005,large_airport,NG,12.479048,4.369132,Africa/Lagos
NGFU,medium_airport,TV,-8.523885,179.196976,Pacific/Funafuti
NGTA,large_airport,KI,1.381640,173.147003,Pacific/Tarawa
NGTE,medium_airport,KI,-1.224470,174.776001,Pacific/Tarawa
NGTU,small_airport,KI,3.085830,172.811005,Pacific/Tarawa
NGUK,small_airport,KI,0.185278,173.636993,Pacific/Tarawa
NIUE,medium_airport,NU,-19.080109,-169.923493,Pacific/Niue
NLH,medium_airport,CN,27.540300,100.759300,Asia/Shanghai
NLWF,small_airport,WF,-14.311565,-178.066492,Pacific/Wallis
NLWW,large_airport,WF,-13.239445,-176.198650,Pacific/Wallis
NP-0003,large_airport,NP,28.183800,84.014700,Asia/Kathmandu
NSAS,small_airport,AS,-14.184400,-169.669998,Pacific/Pago_Pago
NSFA,large_airport,WS,-13.830000,-172.007996,Pacific/Apia
NSFQ,small_airport,AS,-14.216131,-169.423771,Pacific/Pago_Pago
NSTU,large_airport,AS,-14.331000,-170.710007,Pacific/Pago_Pago
NTAA,large_airport,PF,-17.553472,-149.606936,Pacific/Tahiti
NTAM,small_airport,PF,-22.637250,-152.805900,Pacific/Tahiti
NTAR,medium_airport,PF,-22.434099,-151.360992,Pacific/Tahiti
NTAT,medium_airport,PF,-23.365400,-149.524002,Pacific/Tahiti
NTAV,small_airport,PF,-23.885201,-147.662003,Pacific/Tahiti
NTGA,medium_airport,PF,-17.352600,-145.509995,Pacific/Tahiti
NTGB,medium_airport,PF,-15.820044,-140.888071,Pacific/Tahiti
NTGC,medium_airport,PF,-15.119600,-148.231003,Pacific/Tahiti
NTGD,small_airport,PF,-15.573600,-146.414993,Pacific/Tahiti
NTGE,medium_airport,PF,-18.466520,-136.438550,Pacific/Tahiti
NTGF,medium_airport,PF,-16.054100,-145.656998,Pacific/Tahiti
NTGH,small_airport,PF,-17.548297,-142.612037,Pacific/Tahiti
NTGI,medium_airport,PF,-14.436800,-146.070007,Pacific/Tahiti
NTGJ,medium_airport,PF,-23.079901,-134.889999,Pacific/Gambier
NTGK,medium_airport,PF,-15.663300,-146.884995,Pacific/Tahiti
NTGM,medium_airport,PF,-16.583900,-143.658005,Pacific/Tahiti
NTGN,small_airport,PF,-14.177397,-141.266112,Pacific/Tahiti
NTGO,small_airport,PF,-17.355226,-138.447340,Pacific/Tahiti
NTGP,small_airport,PF,-14.809550,-138.812621,Pacific/Tahiti
NTGT,medium_airport,PF,-14.709500,-145.246002,Pacific/Tahiti
NTGU,medium_airport,PF,-15.248300,-146.617004,Pacific/Tahiti
NTGV,medium_airport,PF,-14.868100,-148.716995,Pacific/Tahiti
NTHE,medium_airport,PF,-14.428100,-146.257004,Pacific/Tahiti
NTKA,small_airport,PF,-15.780622,-145.128443,Pacific/Tahiti
NTKH,small_airport,PF,-15.992259,-140.164246,Pacific/Tahiti
NTKN,small_airport,PF,-16.119296,-146.368768,Pacific/Tahiti
NTKO,small_airport,PF,-16.050485,-142.476568,Pacific/Tahiti
NTKR,medium_airport,PF,-14.455800,-145.024994,Pacific/Tahiti
NTMD,medium_airport,PF,-8.795600,-140.229004,Pacific/Marquesas
NTMN,medium_airport,PF,-9.768790,-139.011002,Pacific/Marquesas
NTMP,small_airport,PF,-9.351670,-140.078003,Pacific/Marquesas
NTMU,small_airport,PF,-8.936228,-139.554062,Pacific/Marquesas
NTTB,medium_airport,PF,-16.444401,-151.751007,Pacific/Tahiti
NTTG,medium_airport,PF,-14.954300,-147.660995,Pacific/Tahiti
NTTH,medium_airport,PF,-16.687084,-151.021593,Pacific/Tahiti
NTTM,medium_airport,PF,-17.489790,-149.761777,Pacific/Tahiti
NTTO,medium_airport,PF,-18.074800,-140.945999,Pacific/Tahiti
NTTP,medium_airport,PF,-16.426500,-152.244003,Pacific/Tahiti
NTTR,medium_airport,PF,-16.722900,-151.466003,Pacific/Tahiti
NVSC,small_airport,VU,-13.851700,167.537003,Pacific/Efate
NVSF,small_airport,VU,-16.264999,167.923996,Pacific/Efate
NVSG,small_airport,VU,-15.306700,167.966995,Pacific/Efate
NVSH,small_airport,VU,-15.470800,168.151993,Pacific/Efate
NVSI,small_airport,VU,-16.431955,168.235511,Pacific/Efate
NVSL,small_airport,VU,-16.461123,167.829253,Pacific/Efate
NVSM,small_airport,VU,-16.584200,168.158997,Pacific/Efate
NVSO,small_airport,VU,-15.865600,168.171997,Pacific/Efate
NVSP,small_airport,VU,-16.079700,167.401001,Pacific/Efate
NVSQ,medium_airport,VU,-14.218100,167.587006,Pacific/Efate
NVSS,medium_airport,VU,-15.505000,167.220001,Pacific/Efate
NVST,small_airport,VU,-16.891100,168.550995,Pacific/Efate
NVSV,small_airport,VU,-16.796101,168.177002,Pacific/Efate
NVSW,small_airport,VU,-15.412000,167.690994,Pacific/Efate
NVSZ,small_airport,VU,-14.881700,166.557999,Pacific/Efate
NVVF,small_airport,VU,-19.516399,170.231995,Pacific/Efate
NVVV,large_airport,VU,-17.699301,168.320007,Pacific/Efate
NVVW,medium_airport,VU,-19.455099,169.223999,Pacific/Efate
NWWA,medium_airport,NC,-21.096407,167.803790,Pacific/Noumea
NWWC,small_airport,NC,-19.720521,163.661077,Pacific/Noumea
NWWD,medium_airport,NC,-21.053551,164.838768,Pacific/Noumea
NWWE,medium_airport,NC,-22.588900,167.455994,Pacific/Noumea
NWWK,small_airport,NC,-20.546323,164.255648,Pacific/Noumea
NWWL,medium_airport,NC,-20.774563,167.239328,Pacific/Noumea
NWWM,medium_airport,NC,-22.257706,166.472822,Pacific/Noumea
NWWR,medium_airport,NC,-21.482438,168.038465,Pacific/Noumea
NWWU,medium_airport,NC,-20.790127,165.259524,Pacific/Noumea
NWWV,medium_airport,NC,-20.640932,166.573024,Pacific/Noumea
NWWW,large_airport,NC,-22.014601,166.212997,Pacific/Noumea
NZ-0026,small_airport,NZ,-44.293167,-176.203476,Pacific/Chatham
NZAA,large_airport,NZ,-37.011990,174.786331,Pacific/Auckland
NZAP,medium_airport,NZ,-38.739700,176.084000,Pacific/Auckland
NZAR,medium_airport,NZ,-37.029701,174.973007,Pacific/Auckland
NZCH,large_airport,NZ,-43.489029,172.532065,Pacific/Auckland
NZCI,medium_airport,NZ,-43.811890,-176.465140,Pacific/Chatham
NZDN,medium_airport,NZ,-45.929017,170.197758,Pacific/Auckland
NZGB,small_airport,NZ,-36.241402,175.472000,Pacific/Auckland
NZGS,medium_airport,NZ,-38.663300,177.977997,Pacific/Auckland
NZGT,medium_airport,NZ,-43.906700,170.128006,Pacific/Auckland
NZHK,medium_airport,NZ,-42.713600,170.985001,Pacific/Auckland
NZHN,medium_airport,NZ,-37.866961,175.331952,Pacific/Auckland
NZKK,medium_airport,NZ,-35.259148,173.913317,Pacific/Auckland
NZKT,medium_airport,NZ,-35.069837,173.287053,Pacific/Auckland
NZLX,medium_airport,NZ,-45.210495,169.371113,Pacific/Auckland
NZMC,medium_airport,NZ,-43.764999,170.132996,Pacific/Auckland
NZMO,medium_airport,NZ,-45.533100,167.649994,Pacific/Auckland
NZMS,medium_airport,NZ,-40.974634,175.634540,Pacific/Auckland
NZNP,medium_airport,NZ,-39.008598,174.179001,Pacific/Auckland
NZNR,medium_airport,NZ,-39.465801,176.869995,Pacific/Auckland
NZNS,medium_airport,NZ,-41.298302,173.220993,Pacific/Auckland
NZNV,medium_airport,NZ,-46.412399,168.313004,Pacific/Auckland
NZOH,medium_airport,NZ,-40.206001,175.388000,Pacific/Auckland
NZOT,small_airport,NZ,-40.785582,175.151300,Pacific/Auckland
NZOU,medium_airport,NZ,-44.970001,171.082001,Pacific/Auckland
NZOX,small_airport,NZ,-36.146400,175.419006,Pacific/Auckland
NZPM,medium_airport,NZ,-40.320599,175.617004,Pacific/Auckland
NZPN,small_airport,NZ,-41.346100,173.955994,Pacific/Auckland
NZPP,medium_airport,NZ,-40.904701,174.988998,Pacific/Auckland
NZQN,large_airport,NZ,-45.019205,168.746379,Pacific/Auckland
NZRO,medium_airport,NZ,-38.109200,176.317001,Pacific/Auckland
NZSP,medium_airport,AQ,-90.000000,-1.000000,Antarctica/McMurdo
NZTG,medium_airport,NZ,-37.671902,176.195999,Pacific/Auckland
NZTU,medium_airport,NZ,-44.302799,171.225006,Pacific/Auckland
NZUK,medium_airport,NZ,-44.235001,170.117996,Pacific/Auckland
NZWB,medium_airport,NZ,-41.518299,173.869995,Pacific/Auckland
NZWD,medium_airport,AQ,-77.867401,167.057007,Antarctica/McMurdo
NZWF,medium_airport,NZ,-44.722091,169.246287,Pacific/Auckland
NZWK,medium_airport,NZ,-37.922224,176.916960,Pacific/Auckland
NZWN,large_airport,NZ,-41.326839,174.806862,Pacific/Auckland
NZWO,medium_airport,NZ,-39.011862,177.404401,Pacific/Auckland
NZWP,medium_airport,NZ,-36.787800,174.630005,Pacific/Auckland
NZWR,medium_airport,NZ,-35.769253,174.363713,Pacific/Auckland
NZWS,medium_airport,NZ,-41.737111,171.579033,Pacific/Auckland
NZWU,medium_airport,NZ,-39.963467,175.024440,Pacific/Auckland
OAFZ,small_airport,AF,37.122148,70.520100,Asia/Kabul
OAHR,large_airport,AF,34.209999,62.228298,Asia/Kabul
OAIX,medium_airport,AF,34.946098,69.264999,Asia/Kabul
OAJL,medium_airport,AF,34.399799,70.498596,Asia/Kabul
OAKB,large_airport,AF,34.565899,69.212303,Asia/Kabul
OAKN,large_airport,AF,31.505769,65.847963,Asia/Kabul
OAKS,medium_airport,AF,33.284605,69.807340,Asia/Kabul
OAMN,medium_airport,AF,35.930801,64.760902,Asia/Kabul
OAMS,large_airport,AF,36.704120,67.210459,Asia/Kabul
OAUZ,medium_airport,AF,36.665100,68.910797,Asia/Kabul
OBBI,large_airport,BH,26.267295,50.637640,Asia/Bahrain
OBBS,medium_airport,BH,25.918400,50.590599,Asia/Bahrain
OCS,large_airport,GQ,0.910937,9.330270,Africa/Malabo
OE49,medium_airport,SA,21.437500,39.994202,Asia/Riyadh
OE55,medium_airport,SA,21.226999,55.267300,Asia/Riyadh
OEAB,large_airport,SA,18.240400,42.656601,Asia/Riyadh
OEAH,large_airport,SA,25.285299,49.485199,Asia/Riyadh
OEAO,large_airport,SA,26.483634,38.117048,Asia/Riyadh
OEBA,medium_airport,SA,20.298506,41.636153,Asia/Riyadh
OEBH,medium_airport,SA,19.984400,42.620899,Asia/Riyadh
OEDF,large_airport,SA,26.469100,49.798209,Asia/Riyadh
OEDM,medium_airport,SA,24.449900,44.121201,Asia/Riyadh
OEDR,large_airport,SA,26.265400,50.152000,Asia/Riyadh
OEGN,medium_airport,SA,16.901100,42.585800,Asia/Riyadh
OEGS,large_airport,SA,26.302799,43.774399,Asia/Riyadh
OEGT,medium_airport,SA,31.412413,37.278898,Asia/Riyadh
OEHL,large_airport,SA,27.437901,41.686298,Asia/Riyadh
OEJB,medium_airport,SA,27.039000,49.405102,Asia/Riyadh
OEJF,medium_airport,SA,21.348101,39.173000,Asia/Riyadh
OEJN,large_airport,SA,21.680241,39.157436,Asia/Riyadh
OEKK,medium_airport,SA,27.900900,45.528198,Asia/Riyadh
OEKM,medium_airport,SA,18.297300,42.803501,Asia/Riyadh
OEMA,large_airport,SA,24.553400,39.705101,Asia/Riyadh
OENG,medium_airport,SA,17.611401,44.419201,Asia/Riyadh
OENN,large_airport,SA,27.924261,35.293580,Asia/Riyadh
OEPA,large_airport,SA,28.335726,46.127108,Asia/Riyadh
OEPS,medium_airport,SA,24.062700,47.580502,Asia/Riyadh
OERF,medium_airport,SA,29.626400,43.490601,Asia/Riyadh
OERK,large_airport,SA,24.957600,46.698799,Asia/Riyadh
OERM,medium_airport,SA,28.079599,48.611000,Asia/Riyadh
OERR,medium_airport,SA,30.906601,41.138199,Asia/Riyadh
OERT,medium_airport,SA,26.723101,50.030800,Asia/Riyadh
OESH,medium_airport,SA,17.466900,47.121399,Asia/Riyadh
OESK,large_airport,SA,29.783301,40.100905,Asia/Riyadh
OETB,large_airport,SA,28.371100,36.624865,Asia/Riyadh
OETF,large_airport,SA,21.484739,40.544074,Asia/Riyadh
OETN,medium_airport,SA,27.867800,48.769100,Asia/Riyadh
OETR,medium_airport,SA,31.692188,38.731544,Asia/Riyadh
OEWD,medium_airport,SA,20.504299,45.199600,Asia/Riyadh
OEWJ,medium_airport,SA,26.198601,36.476398,Asia/Riyadh
OEYN,large_airport,SA,24.144199,38.063400,Asia/Riyadh
OIAA,large_airport,IR,30.367887,48.230075,Asia/Tehran
OIAD,medium_airport,IR,32.434399,48.397598,Asia/Tehran
OIAG,medium_airport,IR,30.744400,49.677200,Asia/Tehran
OIAH,medium_airport,IR,30.333869,50.833796,Asia/Tehran
OIAI,medium_airport,IR,32.001719,49.268599,Asia/Tehran
OIAM,medium_airport,IR,30.556200,49.151901,Asia/Tehran
OIAW,large_airport,IR,31.336400,48.763789,Asia/Tehran
OIBA,medium_airport,IR,25.875700,55.033001,Asia/Tehran
OIBB,medium_airport,IR,28.944799,50.834599,Asia/Tehran
OIBJ,medium_airport,IR,27.820499,52.352200,Asia/Tehran
OIBK,large_airport,IR,26.525427,53.980462,Asia/Tehran
OIBL,medium_airport,IR,26.532283,54.824840,Asia/Tehran
OIBP,medium_airport,IR,27.379601,52.737701,Asia/Tehran
OIBQ,medium_airport,IR,29.260503,50.322193,Asia/Tehran
OIBS,medium_airport,IR,25.908899,54.539398,Asia/Tehran
OIBV,medium_airport,IR,26.810742,53.354302,Asia/Tehran
OICC,medium_airport,IR,34.345901,47.158100,Asia/Tehran
OICI,medium_airport,IR,33.586601,46.404800,Asia/Tehran
OICK,medium_airport,IR,33.435398,48.282902,Asia/Tehran
OICS,medium_airport,IR,35.245899,47.009201,Asia/Tehran
OIFK,medium_airport,IR,33.895302,51.577000,Asia/Tehran
OIFM,large_airport,IR,32.755142,51.883877,Asia/Tehran
OIFP,medium_airport,IR,32.621101,51.696999,Asia/Tehran
OIFS,medium_airport,IR,32.297199,50.842201,Asia/Tehran
OIGG,medium_airport,IR,37.323333,49.617778,Asia/Tehran
OIHH,medium_airport,IR,34.866416,48.560690,Asia/Tehran
OIHS,medium_airport,IR,35.211601,48.653400,Asia/Tehran
OIIE,large_airport,IR,35.416100,51.152199,Asia/Tehran
OIII,large_airport,IR,35.689175,51.314392,Asia/Tehran
OIIK,medium_airport,IR,36.240101,50.047100,Asia/Tehran
OIIP,large_airport,IR,35.776100,50.826698,Asia/Tehran
OIIS,small_airport,IR,35.591099,53.495098,Asia/Tehran
OIKB,large_airport,IR,27.218300,56.377800,Asia/Tehran
OIKJ,medium_airport,IR,28.723519,57.675037,Asia/Tehran
OIKK,large_airport,IR,30.271276,56.949692,Asia/Tehran
OIKM,medium_airport,IR,29.084200,58.450001,Asia/Tehran
OIKQ,large_airport,IR,26.754639,55.902353,Asia/Tehran
OIKR,medium_airport,IR,30.298345,56.048979,Asia/Tehran
OIKY,medium_airport,IR,29.550900,55.672699,Asia/Tehran
OIMB,large_airport,IR,32.896525,59.281258,Asia/Tehran
OIMC,medium_airport,IR,36.501202,61.064899,Asia/Tehran
OIMM,large_airport,IR,36.234821,59.642949,Asia/Tehran
OIMN,medium_airport,IR,37.493000,57.308201,Asia/Tehran
OIMS,medium_airport,IR,36.168098,57.595200,Asia/Tehran
OIMT,medium_airport,IR,33.667801,56.892700,Asia/Tehran
OING,medium_airport,IR,36.909401,54.401299,Asia/Tehran
OINN,medium_airport,IR,36.664286,51.462730,Asia/Tehran
OINR,medium_airport,IR,36.907010,50.687316,Asia/Tehran
OINZ,medium_airport,IR,36.644408,53.188761,Asia/Tehran
OISF,medium_airport,IR,28.891800,53.723301,Asia/Tehran
OISL,medium_airport,IR,27.674700,54.383301,Asia/Tehran
OISR,medium_airport,IR,27.372700,53.188801,Asia/Tehran
OISS,large_airport,IR,29.539200,52.589802,Asia/Tehran
OISY,medium_airport,IR,30.702238,51.542988,Asia/Tehran
OITL,medium_airport,IR,38.325699,48.424400,Asia/Tehran
OITP,small_airport,IR,39.603600,47.881500,Asia/Tehran
OITR,medium_airport,IR,37.668098,45.068699,Asia/Tehran
OITT,large_airport,IR,38.133900,46.235001,Asia/Tehran
OITU,medium_airport,IR,39.191293,44.928505,Asia/Tehran
OITZ,medium_airport,IR,36.773701,48.359402,Asia/Tehran
OIYY,medium_airport,IR,31.904900,54.276501,Asia/Tehran
OIZB,medium_airport,IR,31.098301,61.543900,Asia/Tehran
OIZC,medium_airport,IR,25.443190,60.382167,Asia/Tehran
OIZH,large_airport,IR,29.475700,60.906200,Asia/Tehran
OIZI,medium_airport,IR,27.236099,60.720001,Asia/Tehran
OIZJ,small_airport,IR,25.654757,57.801718,Asia/Tehran
OJAI,large_airport,JO,31.722601,35.993198,Asia/Amman
OJAM,large_airport,JO,31.972700,35.991600,Asia/Amman
OJAQ,large_airport,JO,29.611601,35.018101,Asia/Amman
OJMS,medium_airport,JO,31.825600,36.782001,Asia/Amman
OKAJ,medium_airport,KW,28.934799,47.791901,Asia/Kuwait
OKAS,medium_airport,KW,29.346905,47.520118,Asia/Kuwait
OKKK,large_airport,KW,29.224487,47.969813,Asia/Kuwait
OLBA,large_airport,LB,33.819833,35.487443,Asia/Beirut
OLH,small_airport,US,57.218102,-153.270004,America/Anchorage
OLKA,medium_airport,LB,34.589298,36.011299,Asia/Beirut
OLRA,medium_airport,LB,33.850800,35.987701,Asia/Beirut
OM-0003,large_airport,OM,19.501944,57.634167,Asia/Muscat
OM-0004,medium_airport,OM,23.640556,57.487500,Asia/Muscat
OM-0007,medium_airport,OM,22.256910,59.740670,Asia/Muscat
OMAA,large_airport,AE,24.440966,54.649237,Asia/Dubai
OMAD,large_airport,AE,24.427062,54.459866,Asia/Dubai
OMAL,large_airport,AE,24.261700,55.609200,Asia/Dubai
OMAM,medium_airport,AE,24.248199,54.547699,Asia/Dubai
OMBY,medium_airport,AE,24.283611,52.580278,Asia/Dubai
OMDB,large_airport,AE,25.249790,55.370992,Asia/Dubai
OMDL,small_airport,AE,24.510000,52.335200,Asia/Dubai
OMDM,medium_airport,AE,25.026800,55.366199,Asia/Dubai
OMDW,large_airport,AE,24.896171,55.162350,Asia/Dubai
OMFJ,large_airport,AE,25.108411,56.328061,Asia/Dubai
OMRK,large_airport,AE,25.613501,55.938801,Asia/Dubai
OMSJ,large_airport,AE,25.328600,55.517200,Asia/Dubai
OOKB,medium_airport,OM,26.171000,56.240601,Asia/Muscat
OOMA,medium_airport,OM,20.675400,58.890499,Asia/Muscat
OOMS,large_airport,OM,23.600218,58.285268,Asia/Muscat
OOSA,large_airport,OM,17.038700,54.091301,Asia/Muscat
OOSH,large_airport,OM,24.386040,56.625410,Asia/Muscat
OOTH,medium_airport,OM,17.666000,54.024601,Asia/Muscat
OP12,medium_airport,PK,27.846500,65.160004,Asia/Karachi
OPBW,medium_airport,PK,29.348101,71.718002,Asia/Karachi
OPCH,medium_airport,PK,35.886213,71.799922,Asia/Karachi
OPDB,small_airport,PK,28.878300,64.399803,Asia/Karachi
OPDG,medium_airport,PK,29.961000,70.485901,Asia/Karachi
OPDI,medium_airport,PK,31.909401,70.896599,Asia/Karachi
OPFA,large_airport,PK,31.364923,72.995319,Asia/Karachi
OPGD,large_airport,PK,25.296733,62.498822,Asia/Karachi
OPGT,medium_airport,PK,35.918800,74.333603,Asia/Karachi
OPIS,large_airport,PK,33.549000,72.825660,Asia/Karachi
OPJA,medium_airport,PK,28.284201,68.449699,Asia/Karachi
OPKC,large_airport,PK,24.906500,67.160797,Asia/Karachi
OPKD,small_airport,PK,25.318100,68.366096,Asia/Karachi
OPKH,small_airport,PK,27.790600,66.647301,Asia/Karachi
OPLA,large_airport,PK,31.521601,74.403603,Asia/Karachi
OPMA,medium_airport,PK,33.050098,73.638397,Asia/Karachi
OPMF,small_airport,PK,34.338835,73.508886,Asia/Karachi
OPMI,medium_airport,PK,32.563099,71.570702,Asia/Karachi
OPMJ,medium_airport,PK,27.335199,68.143097,Asia/Karachi
OPMR,medium_airport,PK,24.893600,66.938797,Asia/Karachi
OPMS,medium_airport,PK,33.869099,72.400902,Asia/Karachi
OPMT,large_airport,PK,30.203199,71.419098,Asia/Karachi
OPNH,medium_airport,PK,26.219400,68.390099,Asia/Karachi
OPPG,medium_airport,PK,26.954500,64.132500,Asia/Karachi
OPPI,medium_airport,PK,25.290501,63.345100,Asia/Karachi
OPPS,large_airport,PK,33.993900,71.514603,Asia/Karachi
OPQT,large_airport,PK,30.251400,66.937798,Asia/Karachi
OPRK,medium_airport,PK,28.383900,70.279602,Asia/Karachi
OPRN,medium_airport,PK,33.616699,73.099197,Asia/Karachi
OPRQ,medium_airport,PK,30.758101,72.282501,Asia/Karachi
OPRS,medium_airport,PK,34.081100,71.972603,Asia/Karachi
OPRT,medium_airport,PK,33.849701,73.798103,Asia/Karachi
OPSD,large_airport,PK,35.338660,75.538648,Asia/Karachi
OPSF,medium_airport,PK,24.874201,67.118500,Asia/Karachi
OPSK,medium_airport,PK,27.722000,68.791702,Asia/Karachi
OPSN,medium_airport,PK,26.473101,67.717201,Asia/Karachi
OPSR,medium_airport,PK,32.048599,72.665001,Asia/Karachi
OPSS,medium_airport,PK,34.813599,72.352798,Asia/Karachi
OPST,large_airport,PK,32.535941,74.364623,Asia/Karachi
OPSU,medium_airport,PK,28.645100,69.176903,Asia/Karachi
OPTU,large_airport,PK,25.984767,63.028856,Asia/Karachi
OPZB,medium_airport,PK,31.358400,69.463600,Asia/Karachi
ORAA,medium_airport,IQ,33.785599,42.441200,Asia/Baghdad
ORAT,medium_airport,IQ,33.338100,43.597099,Asia/Baghdad
ORBD,medium_airport,IQ,33.940201,44.361599,Asia/Baghdad
ORBI,large_airport,IQ,33.262501,44.234600,Asia/Baghdad
ORBM,large_airport,IQ,36.305801,43.147400,Asia/Baghdad
ORER,large_airport,IQ,36.236047,43.946615,Asia/Baghdad
ORI,small_airport,US,57.884905,-152.847719,America/Anchorage
ORKK,large_airport,IQ,35.469501,44.348900,Asia/Baghdad
ORMM,large_airport,IQ,30.549101,47.662102,Asia/Baghdad
ORNI,large_airport,IQ,31.991116,44.405019,Asia/Baghdad
ORQW,medium_airport,IQ,35.767200,43.125099,Asia/Baghdad
ORSH,medium_airport,IQ,34.673199,43.542999,Asia/Baghdad
ORSU,medium_airport,IQ,35.560487,45.315137,Asia/Baghdad
ORTF,medium_airport,IQ,36.283100,42.403000,Asia/Baghdad
ORTI,medium_airport,IQ,33.523899,44.256699,Asia/Baghdad
ORTL,medium_airport,IQ,30.935801,46.090099,Asia/Baghdad
ORUB,medium_airport,IQ,32.481998,45.757099,Asia/Baghdad
OS57,medium_airport,SY,35.732201,37.104198,Asia/Damascus
OS64,medium_airport,SY,33.918999,36.866600,Asia/Damascus
OS69,medium_airport,SY,33.077301,36.558208,Asia/Damascus
OS70,medium_airport,SY,34.569099,36.572800,Asia/Damascus
OSAP,large_airport,SY,36.181262,37.226869,Asia/Damascus
OSDI,large_airport,SY,33.411499,36.515598,Asia/Damascus
OSDZ,medium_airport,SY,35.285400,40.175999,Asia/Damascus
OSKL,medium_airport,SY,37.020599,41.191399,Asia/Damascus
OSLK,medium_airport,SY,35.401100,35.948700,Asia/Damascus
OSPR,medium_airport,SY,34.557400,38.316898,Asia/Damascus
OTBD,large_airport,QA,25.259431,51.565528,Asia/Qatar
OTBH,medium_airport,QA,25.117300,51.314999,Asia/Qatar
OTHH,large_airport,QA,25.273056,51.608056,Asia/Qatar
OY74,medium_airport,YE,13.174700,44.765099,Asia/Aden
OYAA,large_airport,YE,12.829564,45.029976,Asia/Aden
OYAT,medium_airport,YE,14.551300,46.826199,Asia/Aden
OYGD,medium_airport,YE,16.193341,52.174186,Asia/Aden
OYHD,medium_airport,YE,14.752039,42.975969,Asia/Aden
OYRN,large_airport,YE,14.662241,49.375289,Asia/Aden
OYSN,large_airport,YE,15.476300,44.219700,Asia/Aden
OYSQ,medium_airport,YE,12.632093,53.906173,Asia/Aden
OYSY,large_airport,YE,15.965887,48.788146,Asia/Aden
OYTZ,medium_airport,YE,13.686000,44.139099,Asia/Aden
PA-0038,small_airport,PA,7.841248,-81.567301,America/Panama
PA-BFQ,small_airport,PA,7.587370,-78.179939,America/Panama
PA-OTD,small_airport,PA,8.628760,-79.034698,America/Panama
PAAK,small_airport,US,52.220299,-174.205994,America/Adak
PAAP,seaplane_base,US,56.246799,-134.647995,America/Sitka
PAAQ,medium_airport,US,61.594898,-149.089010,America/Anchorage
PABA,medium_airport,US,70.134003,-143.582001,America/Anchorage
PABE,medium_airport,US,60.779800,-161.837997,America/Anchorage
PABI,medium_airport,US,63.994499,-145.722000,America/Anchorage
PABL,small_airport,US,65.981598,-161.149002,America/Anchorage
PABR,medium_airport,US,71.285402,-156.766008,America/Anchorage
PABT,small_airport,US,66.913902,-151.529007,America/Anchorage
PABV,medium_airport,US,61.416500,-149.507004,America/Anchorage
PACD,medium_airport,US,55.207871,-162.725029,America/Nome
PACE,small_airport,US,65.573815,-144.780707,America/Anchorage
PACI,small_airport,US,66.644997,-143.740005,America/Anchorage
PACK,small_airport,US,60.136667,-164.279167,America/Nome
PACL,medium_airport,US,64.299738,-149.117432,America/Anchorage
PACM,small_airport,US,61.844710,-165.575209,America/Nome
PACR,small_airport,US,65.827673,-144.076195,America/Anchorage
PACV,medium_airport,US,60.491798,-145.477997,America/Anchorage
PACY,small_airport,US,60.080974,-142.494541,America/Anchorage
PACZ,medium_airport,US,61.780300,-166.039002,America/Nome
PADE,medium_airport,US,66.068901,-162.766914,America/Nome
PADK,medium_airport,US,51.883564,-176.642783,America/Adak
PADL,medium_airport,US,59.044701,-158.505005,America/Anchorage
PADM,small_airport,US,61.864300,-162.026001,America/Nome
PADQ,medium_airport,US,57.750000,-152.494003,America/Anchorage
PADU,medium_airport,US,53.898810,-166.544996,America/Nome
PADY,small_airport,US,59.960800,-162.880997,America/Nome
PAED,medium_airport,US,61.251709,-149.807097,America/Anchorage
PAEE,small_airport,US,60.213173,-162.044048,America/Nome
PAEG,small_airport,US,64.778003,-141.150455,America/Anchorage
PAEH,medium_airport,US,58.646400,-162.063004,America/Nome
PAEI,medium_airport,US,64.665703,-147.102005,America/Anchorage
PAEL,seaplane_base,US,58.195202,-136.347000,America/Juneau
PAEM,medium_airport,US,62.786098,-164.490997,America/Nome
PAEN,medium_airport,US,60.570946,-151.245174,America/Anchorage
PAEW,small_airport,US,60.810370,-164.499511,America/Nome
PAFA,medium_airport,US,64.815102,-147.856003,America/Anchorage
PAFB,medium_airport,US,64.837502,-147.613998,America/Anchorage
PAFE,medium_airport,US,56.961312,-133.910202,America/Sitka
PAFM,medium_airport,US,67.105529,-157.855339,America/Anchorage
PAFS,small_airport,US,63.017949,-154.360399,America/Anchorage
PAGA,medium_airport,US,64.736198,-156.936997,America/Anchorage
PAGG,small_airport,US,59.876499,-163.169005,America/Nome
PAGH,small_airport,US,66.888100,-157.162003,America/Anchorage
PAGK,medium_airport,US,62.155859,-145.454662,America/Anchorage
PAGL,small_airport,US,64.550499,-163.007004,America/Nome
PAGM,medium_airport,US,63.767694,-171.733303,America/Nome
PAGN,seaplane_base,US,57.497097,-134.567220,America/Juneau
PAGS,medium_airport,US,58.425301,-135.707001,America/Juneau
PAGT,small_airport,US,60.469129,-164.704070,America/Nome
PAGY,small_airport,US,59.460343,-135.316651,America/Juneau
PAHC,medium_airport,US,62.188301,-159.774994,America/Anchorage
PAHL,medium_airport,US,65.697899,-156.350998,America/Anchorage
PAHN,medium_airport,US,59.243921,-135.523925,America/Juneau
PAHO,medium_airport,US,59.644456,-151.479235,America/Anchorage
PAHP,small_airport,US,61.523899,-166.147003,America/Nome
PAHU,small_airport,US,66.041100,-154.263001,America/Anchorage
PAHV,small_airport,US,63.867220,-148.969374,America/Anchorage
PAHY,seaplane_base,US,55.205227,-132.830286,America/Sitka
PAIG,small_airport,US,59.324001,-155.901993,America/Anchorage
PAII,medium_airport,US,58.184386,-157.374873,America/Anchorage
PAIK,medium_airport,US,66.976128,-160.439014,America/Anchorage
PAIL,medium_airport,US,59.754398,-154.910996,America/Anchorage
PAIM,medium_airport,US,65.992798,-153.703995,America/Anchorage
PAIW,small_airport,US,65.622593,-168.095000,America/Nome
PAJC,small_airport,US,56.311501,-158.373001,America/Anchorage
PAJN,medium_airport,US,58.354935,-134.574416,America/Juneau
PAJZ,small_airport,US,59.726601,-157.259003,America/Anchorage
PAKF,small_airport,US,54.847510,-163.407168,America/Nome
PAKH,small_airport,US,56.938702,-154.182999,America/Anchorage
PAKI,small_airport,US,59.931796,-164.028196,America/Nome
PAKK,small_airport,US,64.939499,-161.154007,America/Anchorage
PAKN,medium_airport,US,58.677845,-156.651965,America/Anchorage
PAKO,small_airport,US,52.941552,-168.849478,America/Nome
PAKP,medium_airport,US,68.133598,-151.742996,America/Anchorage
PAKT,medium_airport,US,55.355598,-131.714004,America/Sitka
PAKV,small_airport,US,64.318640,-158.741970,America/Anchorage
PAKW,medium_airport,US,55.579201,-133.076004,America/Sitka
PAKY,small_airport,US,57.565919,-154.453762,America/Anchorage
PALB,small_airport,US,57.535160,-153.976455,America/Anchorage
PALG,small_airport,US,61.536301,-160.341003,America/Anchorage
PALJ,small_airport,US,60.201681,-154.325863,America/Anchorage
PALU,medium_airport,US,68.875099,-166.110001,America/Nome
PAMB,small_airport,US,58.932056,-158.901886,America/Anchorage
PAMC,medium_airport,US,62.952900,-155.606003,America/Anchorage
PAMH,small_airport,US,63.886002,-152.302002,America/Anchorage
PAMK,small_airport,US,63.490101,-162.110001,America/Nome
PAML,small_airport,US,64.991880,-150.644102,America/Anchorage
PAMM,seaplane_base,US,55.131001,-131.578003,America/Metlakatla
PAMO,small_airport,US,62.095402,-163.682007,America/Nome
PAMR,medium_airport,US,61.212792,-149.843988,America/Anchorage
PAMY,medium_airport,US,60.372338,-166.269751,America/Nome
PANA,small_airport,US,60.690300,-161.979004,America/Anchorage
PANC,large_airport,US,61.179004,-149.992561,America/Anchorage
PANI,medium_airport,US,61.581600,-159.542999,America/Anchorage
PANN,medium_airport,US,64.548772,-149.074516,America/Anchorage
PANR,seaplane_base,US,58.254398,-134.897995,America/Juneau
PANT,medium_airport,US,55.037663,-131.572609,America/Metlakatla
PANU,small_airport,US,64.729301,-158.074005,America/Anchorage
PANV,medium_airport,US,62.646702,-160.190994,America/Anchorage
PANW,small_airport,US,59.451838,-157.373829,America/Anchorage
PAOB,small_airport,US,66.912300,-156.897003,America/Anchorage
PAOH,small_airport,US,58.096100,-135.410111,America/Juneau
PAOM,medium_airport,US,64.512199,-165.445007,America/Nome
PAOO,small_airport,US,60.541401,-165.087006,America/Nome
PAOR,medium_airport,US,62.961300,-141.929001,America/Anchorage
PAOT,medium_airport,US,66.884697,-162.598999,America/Nome
PAOU,small_airport,US,56.007500,-161.160004,America/Anchorage
PAPB,medium_airport,US,56.577345,-169.663823,America/Nome
PAPC,medium_airport,US,65.253700,-166.858994,America/Nome
PAPE,small_airport,US,55.906500,-159.160910,America/Anchorage
PAPG,medium_airport,US,56.801701,-132.945007,America/Sitka
PAPH,medium_airport,US,56.957893,-158.630219,America/Anchorage
PAPK,small_airport,US,60.702900,-161.778000,America/Anchorage
PAPM,medium_airport,US,59.017675,-161.827927,America/Anchorage
PAPN,small_airport,US,57.580399,-157.572006,America/Anchorage
PAPO,small_airport,US,68.348801,-166.798996,America/Nome
PAQH,small_airport,US,59.755100,-161.845000,America/Anchorage
PAQT,medium_airport,US,70.209999,-151.005998,America/Anchorage
PARC,medium_airport,US,68.114700,-145.578995,America/Anchorage
PARS,small_airport,US,61.775071,-161.319466,America/Anchorage
PARY,medium_airport,US,64.727203,-155.470001,America/Anchorage
PASA,medium_airport,US,63.686401,-170.492996,America/Nome
PASC,medium_airport,US,70.194702,-148.464996,America/Anchorage
PASD,medium_airport,US,55.313908,-160.522099,America/Anchorage
PASH,small_airport,US,66.249604,-166.089112,America/Nome
PASI,medium_airport,US,57.047100,-135.362000,America/Sitka
PASK,small_airport,US,66.600098,-159.985992,America/Anchorage
PASL,small_airport,US,61.700500,-157.166000,America/Anchorage
PASM,small_airport,US,62.060501,-163.302002,America/Nome
PASN,medium_airport,US,57.166311,-170.222555,America/Nome
PASO,small_airport,US,59.442981,-151.705227,America/Anchorage
PASV,medium_airport,US,61.097401,-155.574005,America/Anchorage
PASX,medium_airport,US,60.474935,-151.038471,America/Anchorage
PASY,medium_airport,US,52.712299,174.113998,America/Adak
PATA,small_airport,US,65.174400,-152.108994,America/Anchorage
PATC,small_airport,US,65.563103,-167.921997,America/Nome
PATE,small_airport,US,65.240402,-166.339005,America/Nome
PATG,small_airport,US,59.052799,-160.397003,America/Anchorage
PATK,medium_airport,US,62.320499,-150.093994,America/Anchorage
PATL,medium_airport,US,62.894402,-155.977005,America/Anchorage
PATQ,medium_airport,US,70.467040,-157.436013,America/Anchorage
PAUK,small_airport,US,62.682653,-164.722481,America/Nome
PAUN,medium_airport,US,63.888401,-160.798996,America/Anchorage
PAUT,small_airport,US,54.144590,-165.604332,America/Nome
PAVA,small_airport,US,61.540900,-165.600500,America/Nome
PAVC,small_airport,US,55.116299,-162.266006,America/Nome
PAVD,medium_airport,US,61.132712,-146.246567,America/Anchorage
PAVE,small_airport,US,67.008698,-146.365997,America/Anchorage
PAVL,small_airport,US,67.734565,-164.559917,America/Nome
PAWB,small_airport,US,66.362198,-147.406998,America/Anchorage
PAWD,medium_airport,US,60.130478,-149.418612,America/Anchorage
PAWG,medium_airport,US,56.484299,-132.369995,America/Sitka
PAWI,medium_airport,US,70.638000,-159.994995,America/Anchorage
PAWM,small_airport,US,64.689201,-163.412994,America/Nome
PAWN,small_airport,US,67.561241,-162.980461,America/Nome
PAWS,medium_airport,US,61.571701,-149.539993,America/Anchorage
PAYA,medium_airport,US,59.508717,-139.660435,America/Yakutat
PCIS,medium_airport,KI,-2.768120,-171.710007,Pacific/Kanton
PEC,seaplane_base,US,57.955200,-136.235992,America/Juneau
PFAK,small_airport,US,60.902646,-161.231060,America/Anchorage
PFAL,small_airport,US,66.551804,-152.621994,America/Anchorage
PFCB,small_airport,US,60.077602,-147.994680,America/Anchorage
PFCL,small_airport,US,58.833698,-158.529007,America/Anchorage
PFEL,small_airport,US,64.614700,-162.272003,America/Nome
PFKA,small_airport,US,60.872747,-162.524700,America/Nome
PFKK,small_airport,US,59.433248,-154.802170,America/Anchorage
PFKO,small_airport,US,63.030602,-163.533005,America/Nome
PFKT,small_airport,US,65.331826,-166.467848,America/Nome
PFKU,small_airport,US,64.876099,-157.727005,America/Anchorage
PFKW,small_airport,US,60.790298,-161.444000,America/Anchorage
PFNO,small_airport,US,66.817902,-161.018997,America/Anchorage
PFSH,small_airport,US,64.371101,-161.223999,America/Anchorage
PFTO,small_airport,US,63.329498,-142.953995,America/Anchorage
PFWS,small_airport,US,58.702362,-157.005444,America/Anchorage
PFYU,medium_airport,US,66.571651,-145.249987,America/Anchorage
PG-LMY,small_airport,PG,-7.009920,141.494003,Pacific/Port_Moresby
PGM,small_airport,US,59.348355,-151.830025,America/Anchorage
PGRO,large_airport,MP,14.173267,145.241103,Pacific/Saipan
PGSN,medium_airport,MP,15.119384,145.728848,Pacific/Saipan
PGUA,medium_airport,GU,13.584000,144.929998,Pacific/Guam
PGUM,large_airport,GU,13.485000,144.797282,Pacific/Guam
PGWT,medium_airport,MP,14.999207,145.619355,Pacific/Saipan
PH-0462,medium_airport,PH,6.912290,124.924460,Asia/Manila
PHBK,medium_airport,US,22.022800,-159.785004,Pacific/Honolulu
PHHN,medium_airport,US,20.795601,-156.014008,Pacific/Honolulu
PHIK,medium_airport,US,21.335278,-157.948333,Pacific/Honolulu
PHJH,medium_airport,US,20.962900,-156.673004,Pacific/Honolulu
PHJR,medium_airport,US,21.307400,-158.070009,Pacific/Honolulu
PHKO,large_airport,US,19.738783,-156.045603,Pacific/Honolulu
PHLI,large_airport,US,21.974393,-159.337146,Pacific/Honolulu
PHLU,small_airport,US,21.211000,-156.973999,Pacific/Honolulu
PHMK,medium_airport,US,21.152901,-157.095993,Pacific/Honolulu
PHMU,medium_airport,US,20.001301,-155.667999,Pacific/Honolulu
PHNG,medium_airport,US,21.450500,-157.768005,Pacific/Honolulu
PHNL,large_airport,US,21.318387,-157.925670,Pacific/Honolulu
PHNY,medium_airport,US,20.785675,-156.951324,Pacific/Honolulu
PHOG,large_airport,US,20.896263,-156.431837,Pacific/Honolulu
PHTO,medium_airport,US,19.721350,-155.045428,Pacific/Honolulu
PK-0083,closed,PK,25.067801,61.805401,Asia/Karachi
PK-0092,medium_airport,PK,24.846862,70.096109,Asia/Karachi
PKMA,small_airport,MH,11.340700,162.328003,Pacific/Majuro
PKMJ,large_airport,MH,7.065110,171.271656,Pacific/Majuro
PKWA,medium_airport,MH,8.720120,167.731995,Pacific/Kwajalein
PLCH,large_airport,KI,1.986278,-157.350011,Pacific/Kiritimati
PMDY,medium_airport,UM,28.201700,-177.380997,Pacific/Midway
PPIZ,medium_airport,US,69.732903,-163.005005,America/Nome
PR34,seaplane_base,PR,18.457800,-66.121101,America/Puerto_Rico
PT-0156,heliport,PT,38.824284,-7.609930,Europe/Lisbon
PTKK,large_airport,FM,7.461870,151.843002,Pacific/Chuuk
PTPN,medium_airport,FM,6.985082,158.209920,Pacific/Pohnpei
PTRO,large_airport,PW,7.366965,134.544085,Pacific/Palau
PTSA,large_airport,FM,5.356980,162.957993,Pacific/Kosrae
PTYA,large_airport,FM,9.498910,138.082993,Pacific/Chuuk
PWAK,medium_airport,UM,19.282437,166.636637,Pacific/Wake
PY-0002,medium_airport,PY,-25.517347,-56.406555,America/Asuncion
PY-0043,medium_airport,PY,-21.680442,-62.396400,America/Asuncion
Q51,small_airport,MH,5.643860,169.124586,Pacific/Majuro
QFX,heliport,GL,60.992290,-45.431428,America/Nuuk
RCAY,medium_airport,TW,22.782499,120.263000,Asia/Taipei
RCBS,medium_airport,TW,24.427900,118.359001,Asia/Taipei
RCDC,medium_airport,TW,22.672579,120.461712,Asia/Taipei
RCFG,medium_airport,TW,26.159656,119.958376,Asia/Taipei
RCFN,medium_airport,TW,22.754856,121.101794,Asia/Taipei
RCKH,large_airport,TW,22.577101,120.349998,Asia/Taipei
RCKU,medium_airport,TW,23.462577,120.390544,Asia/Taipei
RCKW,medium_airport,TW,22.041100,120.730003,Asia/Taipei
RCLY,medium_airport,TW,22.027000,121.535004,Asia/Taipei
RCMQ,large_airport,TW,24.264700,120.621002,Asia/Taipei
RCMT,medium_airport,TW,26.224140,120.002679,Asia/Taipei
RCNN,large_airport,TW,22.950399,120.206001,Asia/Taipei
RCPO,medium_airport,TW,24.818001,120.939003,Asia/Taipei
RCQC,large_airport,TW,23.568701,119.627998,Asia/Taipei
RCQS,medium_airport,TW,22.793100,121.181999,Asia/Taipei
RCSQ,medium_airport,TW,22.700199,120.482002,Asia/Taipei
RCSS,large_airport,TW,25.067244,121.552822,Asia/Taipei
RCTP,large_airport,TW,25.077700,121.233002,Asia/Taipei
RCYU,large_airport,TW,24.023163,121.617991,Asia/Taipei
RDV,small_airport,US,61.788101,-157.350006,America/Anchorage
RHT,small_airport,CN,39.225000,101.546000,Asia/Shanghai
RJAA,large_airport,JP,35.768580,140.388714,Asia/Tokyo
RJAF,medium_airport,JP,36.166801,137.923004,Asia/Tokyo
RJAH,large_airport,JP,36.181456,140.414434,Asia/Tokyo
RJAN,small_airport,JP,34.369400,139.268997,Asia/Tokyo
RJAW,medium_airport,JP,24.784153,141.322610,Asia/Tokyo
RJBB,large_airport,JP,34.427299,135.244003,Asia/Tokyo
RJBD,medium_airport,JP,33.662201,135.363998,Asia/Tokyo
RJBE,large_airport,JP,34.632801,135.223999,Asia/Tokyo
RJBT,medium_airport,JP,35.512798,134.787003,Asia/Tokyo
RJCB,medium_airport,JP,42.733299,143.216995,Asia/Tokyo
RJCC,large_airport,JP,42.774753,141.690414,Asia/Tokyo
RJCH,large_airport,JP,41.770000,140.822006,Asia/Tokyo
RJCJ,medium_airport,JP,42.794498,141.666000,Asia/Tokyo
RJCK,medium_airport,JP,43.041000,144.192993,Asia/Tokyo
RJCM,medium_airport,JP,43.880600,144.164001,Asia/Tokyo
RJCN,medium_airport,JP,43.577499,144.960007,Asia/Tokyo
RJCO,medium_airport,JP,43.117447,141.381340,Asia/Tokyo
RJCS,medium_airport,JP,43.425154,144.741354,Asia/Tokyo
RJCT,medium_airport,JP,42.890499,143.158005,Asia/Tokyo
RJCW,medium_airport,JP,45.404202,141.800995,Asia/Tokyo
RJDA,medium_airport,JP,32.482498,130.158997,Asia/Tokyo
RJDB,medium_airport,JP,33.749001,129.785004,Asia/Tokyo
RJDC,medium_airport,JP,33.930000,131.279007,Asia/Tokyo
RJDT,medium_airport,JP,34.284901,129.330994,Asia/Tokyo
RJEB,medium_airport,JP,44.303902,143.404007,Asia/Tokyo
RJEC,medium_airport,JP,43.670799,142.447006,Asia/Tokyo
RJEO,medium_airport,JP,42.071701,139.432999,Asia/Tokyo
RJER,medium_airport,JP,45.242001,141.186005,Asia/Tokyo
RJFA,medium_airport,JP,33.883099,130.653000,Asia/Tokyo
RJFC,medium_airport,JP,30.385599,130.658997,Asia/Tokyo
RJFE,medium_airport,JP,32.666302,128.832993,Asia/Tokyo
RJFF,large_airport,JP,33.585899,130.451004,Asia/Tokyo
RJFG,medium_airport,JP,30.605101,130.990997,Asia/Tokyo
RJFK,large_airport,JP,31.803400,130.718994,Asia/Tokyo
RJFM,large_airport,JP,31.877199,131.449005,Asia/Tokyo
RJFO,medium_airport,JP,33.479401,131.737000,Asia/Tokyo
RJFR,large_airport,JP,33.845901,131.035004,Asia/Tokyo
RJFS,large_airport,JP,33.149700,130.302002,Asia/Tokyo
RJFT,large_airport,JP,32.837299,130.854996,Asia/Tokyo
RJFU,large_airport,JP,32.916901,129.914001,Asia/Tokyo
RJFY,medium_airport,JP,31.366720,130.838805,Asia/Tokyo
RJFZ,medium_airport,JP,33.685001,131.039993,Asia/Tokyo
RJGG,large_airport,JP,34.858398,136.804993,Asia/Tokyo
RJKA,medium_airport,JP,28.430599,129.712997,Asia/Tokyo
RJKB,medium_airport,JP,27.431604,128.705564,Asia/Tokyo
RJKI,medium_airport,JP,28.321301,129.927994,Asia/Tokyo
RJKN,medium_airport,JP,27.836382,128.881356,Asia/Tokyo
RJNA,medium_airport,JP,35.255759,136.924095,Asia/Tokyo
RJNF,medium_airport,JP,36.142799,136.223999,Asia/Tokyo
RJNG,medium_airport,JP,35.394100,136.869995,Asia/Tokyo
RJNH,medium_airport,JP,34.750198,137.703003,Asia/Tokyo
RJNK,large_airport,JP,36.393407,136.406895,Asia/Tokyo
RJNO,medium_airport,JP,36.178388,133.323566,Asia/Tokyo
RJNS,large_airport,JP,34.795022,138.190976,Asia/Tokyo
RJNT,medium_airport,JP,36.648416,137.187359,Asia/Tokyo
RJNW,medium_airport,JP,37.293098,136.962006,Asia/Tokyo
RJNY,medium_airport,JP,34.812801,138.298004,Asia/Tokyo
RJOA,large_airport,JP,34.436100,132.919006,Asia/Tokyo
RJOB,large_airport,JP,34.756901,133.854996,Asia/Tokyo
RJOC,medium_airport,JP,35.413601,132.889999,Asia/Tokyo
RJOF,medium_airport,JP,34.034746,131.548716,Asia/Tokyo
RJOH,medium_airport,JP,35.492199,133.235992,Asia/Tokyo
RJOI,medium_airport,JP,34.146333,132.247238,Asia/Tokyo
RJOK,large_airport,JP,33.545217,133.670166,Asia/Tokyo
RJOM,large_airport,JP,33.826893,132.700114,Asia/Tokyo
RJOO,large_airport,JP,34.780853,135.440829,Asia/Tokyo
RJOR,medium_airport,JP,35.530058,134.165023,Asia/Tokyo
RJOS,large_airport,JP,34.132559,134.607816,Asia/Tokyo
RJOT,large_airport,JP,34.214963,134.015454,Asia/Tokyo
RJOW,medium_airport,JP,34.676399,131.789993,Asia/Tokyo
RJOY,medium_airport,JP,34.596298,135.602997,Asia/Tokyo
RJSA,large_airport,JP,40.733777,140.689477,Asia/Tokyo
RJSC,medium_airport,JP,38.411900,140.371002,Asia/Tokyo
RJSD,medium_airport,JP,38.060200,138.414001,Asia/Tokyo
RJSF,medium_airport,JP,37.227402,140.431000,Asia/Tokyo
RJSH,medium_airport,JP,40.551181,141.465428,Asia/Tokyo
RJSI,medium_airport,JP,39.428600,141.134995,Asia/Tokyo
RJSK,medium_airport,JP,39.615601,140.218994,Asia/Tokyo
RJSM,medium_airport,JP,40.703201,141.367996,Asia/Tokyo
RJSN,large_airport,JP,37.954166,139.112189,Asia/Tokyo
RJSR,medium_airport,JP,40.191898,140.371002,Asia/Tokyo
RJSS,large_airport,JP,38.139702,140.917007,Asia/Tokyo
RJST,medium_airport,JP,38.404900,141.220001,Asia/Tokyo
RJSY,medium_airport,JP,38.812199,139.787003,Asia/Tokyo
RJTA,medium_airport,JP,35.454601,139.449997,Asia/Tokyo
RJTE,medium_airport,JP,34.987099,139.828995,Asia/Tokyo
RJTF,medium_airport,JP,35.671700,139.528000,Asia/Tokyo
RJTH,medium_airport,JP,33.114843,139.785645,Asia/Tokyo
RJTJ,medium_airport,JP,35.841900,139.410995,Asia/Tokyo
RJTK,medium_airport,JP,35.398300,139.910004,Asia/Tokyo
RJTL,medium_airport,JP,35.798901,140.011002,Asia/Tokyo
RJTO,medium_airport,JP,34.782001,139.360001,Asia/Tokyo
RJTQ,medium_airport,JP,34.073601,139.559998,Asia/Tokyo
RJTT,large_airport,JP,35.549678,139.786958,Asia/Tokyo
RJTU,medium_airport,JP,36.514500,139.871010,Asia/Tokyo
RJTY,medium_airport,JP,35.748501,139.348007,Asia/Tokyo
RKDD,heliport,KR,37.239445,131.868781,Asia/Seoul
RKJB,large_airport,KR,34.991406,126.382814,Asia/Seoul
RKJJ,medium_airport,KR,35.123173,126.805444,Asia/Seoul
RKJK,medium_airport,KR,35.903801,126.615997,Asia/Seoul
RKJY,medium_airport,KR,34.842300,127.616997,Asia/Seoul
RKNN,medium_airport,KR,37.753601,128.943915,Asia/Seoul
RKNW,medium_airport,KR,37.437113,127.960051,Asia/Seoul
RKNY,large_airport,KR,38.060481,128.669822,Asia/Seoul
RKPC,large_airport,KR,33.512058,126.492548,Asia/Seoul
RKPD,medium_airport,KR,33.399601,126.711998,Asia/Seoul
RKPK,large_airport,KR,35.179501,128.938004,Asia/Seoul
RKPS,medium_airport,KR,35.088591,128.071747,Asia/Seoul
RKPU,medium_airport,KR,35.593498,129.352005,Asia/Seoul
RKSG,medium_airport,KR,36.962363,127.031126,Asia/Seoul
RKSI,large_airport,KR,37.469101,126.450996,Asia/Seoul
RKSM,medium_airport,KR,37.444744,127.112718,Asia/Seoul
RKSO,medium_airport,KR,37.091457,127.029448,Asia/Seoul
RKSS,large_airport,KR,37.558300,126.791000,Asia/Seoul
RKSW,medium_airport,KR,37.239399,127.007004,Asia/Seoul
RKTH,medium_airport,KR,35.987955,129.420383,Asia/Seoul
RKTI,medium_airport,KR,37.030240,127.886353,Asia/Seoul
RKTN,large_airport,KR,35.894394,128.656989,Asia/Seoul
RKTU,large_airport,KR,36.715560,127.500289,Asia/Seoul
RKTY,medium_airport,KR,36.630373,128.349710,Asia/Seoul
RMP,small_airport,US,65.507896,-150.141007,America/Anchorage
ROAH,large_airport,JP,26.192437,127.639804,Asia/Tokyo
RODN,large_airport,JP,26.351667,127.769444,Asia/Tokyo
ROIG,medium_airport,JP,24.396389,124.245000,Asia/Tokyo
ROKJ,medium_airport,JP,26.363445,126.713840,Asia/Tokyo
ROMD,medium_airport,JP,25.846500,131.263000,Asia/Tokyo
ROMY,medium_airport,JP,24.782801,125.294998,Asia/Tokyo
RORA,small_airport,JP,26.592755,127.240335,Asia/Tokyo
RORE,medium_airport,JP,26.722537,127.786801,Asia/Tokyo
RORK,medium_airport,JP,25.944700,131.326996,Asia/Tokyo
RORS,medium_airport,JP,24.826700,125.144997,Asia/Tokyo
RORT,medium_airport,JP,24.653793,124.675453,Asia/Tokyo
RORY,medium_airport,JP,27.043847,128.401648,Asia/Tokyo
ROTM,medium_airport,JP,26.274300,127.755997,Asia/Tokyo
ROYN,medium_airport,JP,24.467298,122.979827,Asia/Tokyo
RPEN,small_airport,PH,11.202399,119.416087,Asia/Manila
RPLB,large_airport,PH,14.794833,120.271883,Asia/Manila
RPLC,large_airport,PH,15.186000,120.559998,Asia/Manila
RPLH,medium_airport,PH,18.182388,121.746223,Asia/Manila
RPLI,large_airport,PH,18.175089,120.531006,Asia/Manila
RPLK,large_airport,PH,13.111915,123.676829,Asia/Manila
RPLL,large_airport,PH,14.508600,121.019997,Asia/Manila
RPLN,small_airport,PH,17.065667,122.427671,Asia/Manila
RPLO,small_airport,PH,10.858100,121.069000,Asia/Manila
RPLS,medium_airport,PH,14.495400,120.903999,Asia/Manila
RPLT,medium_airport,PH,20.722521,121.809969,Asia/Manila
RPLU,medium_airport,PH,13.855400,120.105003,Asia/Manila
RPMA,medium_airport,PH,6.367903,124.752431,Asia/Manila
RPMB,medium_airport,PH,6.105476,125.234882,Asia/Manila
RPMC,medium_airport,PH,7.164753,124.209938,Asia/Manila
RPMD,large_airport,PH,7.125520,125.646004,Asia/Manila
RPME,medium_airport,PH,8.951500,125.478800,Asia/Manila
RPMF,medium_airport,PH,8.195052,126.321015,Asia/Manila
RPMG,medium_airport,PH,8.601983,123.341875,Asia/Manila
RPMH,medium_airport,PH,9.253894,124.709115,Asia/Manila
RPMJ,medium_airport,PH,6.053670,121.011002,Asia/Manila
RPMN,medium_airport,PH,5.048196,119.743338,Asia/Manila
RPMO,medium_airport,PH,8.178510,123.842003,Asia/Manila
RPMP,medium_airport,PH,7.825632,123.459635,Asia/Manila
RPMQ,medium_airport,PH,6.949091,126.273680,Asia/Manila
RPMR,large_airport,PH,6.057208,125.096243,Asia/Manila
RPMS,medium_airport,PH,9.755838,125.480947,Asia/Manila
RPMW,medium_airport,PH,9.072002,126.171320,Asia/Manila
RPMY,large_airport,PH,8.612203,124.456496,Asia/Manila
RPMZ,large_airport,PH,6.922420,122.059998,Asia/Manila
RPNS,small_airport,PH,9.859100,126.014000,Asia/Manila
RPSP,large_airport,PH,9.573045,123.770143,Asia/Manila
RPSV,small_airport,PH,10.524298,119.272899,Asia/Manila
RPUB,medium_airport,PH,16.375034,120.619949,Asia/Manila
RPUD,medium_airport,PH,14.129200,122.980003,Asia/Manila
RPUH,medium_airport,PH,12.361500,121.046997,Asia/Manila
RPUM,medium_airport,PH,13.208048,120.605457,Asia/Manila
RPUN,medium_airport,PH,13.584900,123.269997,Asia/Manila
RPUO,medium_airport,PH,20.451300,121.980003,Asia/Manila
RPUR,medium_airport,PH,15.729309,121.500034,Asia/Manila
RPUS,medium_airport,PH,16.595600,120.303001,Asia/Manila
RPUT,medium_airport,PH,17.643368,121.733150,Asia/Manila
RPUV,medium_airport,PH,13.576400,124.206001,Asia/Manila
RPUW,medium_airport,PH,13.361000,121.825996,Asia/Manila
RPUY,medium_airport,PH,16.929899,121.752998,Asia/Manila
RPVA,medium_airport,PH,11.227761,125.027783,Asia/Manila
RPVB,large_airport,PH,10.776237,123.018879,Asia/Manila
RPVC,medium_airport,PH,12.072574,124.545080,Asia/Manila
RPVD,medium_airport,PH,9.334183,123.301910,Asia/Manila
RPVE,medium_airport,PH,11.924500,121.954002,Asia/Manila
RPVF,medium_airport,PH,12.501610,124.635258,Asia/Manila
RPVI,large_airport,PH,10.833017,122.493358,Asia/Manila
RPVJ,medium_airport,PH,12.369682,123.630095,Asia/Manila
RPVK,large_airport,PH,11.679400,122.375999,Asia/Manila
RPVM,large_airport,PH,10.309261,123.979740,Asia/Manila
RPVO,medium_airport,PH,11.057715,124.565622,Asia/Manila
RPVP,large_airport,PH,9.742044,118.759110,Asia/Manila
RPVR,medium_airport,PH,11.597700,122.751999,Asia/Manila
RPVS,medium_airport,PH,10.766644,121.932506,Asia/Manila
RPVU,medium_airport,PH,12.311000,122.084999,Asia/Manila
RPVV,medium_airport,PH,12.121865,120.100801,Asia/Manila
RSI,large_airport,SA,25.627975,37.088914,Asia/Riyadh
RU-0001,medium_airport,RU,60.086700,30.193300,Europe/Moscow
RU-0008,medium_airport,RU,51.406917,109.900091,Asia/Chita
RU-0010,medium_airport,RU,51.531687,43.301718,Europe/Saratov
RU-0014,medium_airport,RU,51.366699,42.178299,Europe/Moscow
RU-0015,medium_airport,RU,57.654999,34.099998,Europe/Moscow
RU-0016,medium_airport,RU,52.634998,39.445000,Europe/Moscow
RU-0018,medium_airport,RU,50.792210,40.606155,Europe/Moscow
RU-0023,medium_airport,RU,50.396702,116.347000,Asia/Chita
RU-0028,medium_airport,RU,54.766556,20.396819,Europe/Kaliningrad
RU-0036,medium_airport,RU,52.367642,104.183335,Asia/Irkutsk
RU-0043,medium_airport,RU,54.958332,43.311668,Europe/Moscow
RU-0050,medium_airport,RU,67.986664,75.099998,Asia/Yekaterinburg
RU-0056,small_airport,RU,56.361668,114.930000,Asia/Irkutsk
RU-0060,medium_airport,RU,54.601676,21.782375,Europe/Kaliningrad
RU-0064,medium_airport,RU,57.299999,28.433300,Europe/Moscow
RU-0065,medium_airport,RU,60.458332,28.746668,Europe/Moscow
RU-0089,medium_airport,RU,44.962905,37.999071,Europe/Moscow
RU-0090,medium_airport,RU,45.082429,38.944312,Europe/Moscow
RU-0125,medium_airport,RU,53.145000,50.709999,Europe/Samara
RU-0128,medium_airport,RU,44.830002,44.013000,Europe/Moscow
RU-0132,medium_airport,RU,44.322390,132.545289,Asia/Vladivostok
RU-0143,heliport,RU,53.160668,158.388392,Asia/Kamchatka
RU-0152,medium_airport,RU,43.785000,44.599998,Europe/Moscow
RU-0211,medium_airport,RU,47.246450,38.840300,Europe/Moscow
RU-0217,medium_airport,RU,56.320000,43.799999,Europe/Moscow
RU-0240,medium_airport,RU,53.715258,33.339083,Europe/Moscow
RU-0282,medium_airport,RU,48.955177,40.296356,Europe/Moscow
RU-0303,medium_airport,RU,46.395726,47.887688,Europe/Astrakhan
RU-0304,medium_airport,RU,48.667000,45.732000,Europe/Astrakhan
RU-0327,medium_airport,RU,43.907501,131.925008,Asia/Vladivostok
RU-0372,medium_airport,RU,47.277386,39.635556,Europe/Moscow
RU-0380,medium_airport,RU,48.308500,46.236500,Europe/Astrakhan
RU-0470,small_airport,RU,58.180921,94.745272,Asia/Krasnoyarsk
RU-0716,heliport,RU,62.076514,35.226102,Europe/Moscow
RU-0717,small_airport,RU,71.011405,74.259759,Asia/Yekaterinburg
RU-0764,medium_airport,RU,55.611695,36.650002,Europe/Moscow
RU-10001,medium_airport,RU,56.381066,30.607846,Europe/Moscow
RU-10047,medium_airport,RU,52.297317,43.724100,Europe/Saratov
RU-10048,medium_airport,RU,56.127423,40.315202,Europe/Moscow
RU-10049,medium_airport,RU,58.139545,30.330420,Europe/Moscow
RU-10053,medium_airport,RU,55.228627,36.608609,Europe/Moscow
RU-10054,medium_airport,RU,55.560817,37.983947,Europe/Moscow
RU-10055,medium_airport,RU,57.961399,31.384399,Europe/Moscow
RU-10056,medium_airport,RU,59.190372,39.123459,Europe/Moscow
RU-10057,medium_airport,RU,69.031670,33.418331,Europe/Moscow
RU-10058,medium_airport,RU,68.866669,33.716667,Europe/Moscow
RU-10059,medium_airport,RU,54.642284,39.569047,Europe/Moscow
RU-10062,medium_airport,RU,44.679560,40.036059,Europe/Moscow
RU-10076,medium_airport,RU,54.824000,32.025000,Europe/Moscow
RU-10077,medium_airport,RU,46.680000,38.210000,Europe/Moscow
RU-1071,medium_airport,RU,56.436699,61.986698,Asia/Yekaterinburg
RU-1892,medium_airport,RU,47.261700,142.768005,Asia/Sakhalin
RU-2344,medium_airport,RU,53.108299,50.098301,Europe/Samara
RU-2844,medium_airport,RU,50.677425,106.138573,Asia/Irkutsk
RU-3686,medium_airport,RU,54.467731,36.073685,Europe/Moscow
RU-3709,medium_airport,RU,52.139652,46.969387,Europe/Saratov
RU-3880,medium_airport,RU,56.123299,95.663300,Asia/Krasnoyarsk
RU-4339,medium_airport,RU,52.700626,41.374168,Europe/Moscow
RU-4421,medium_airport,RU,56.660000,48.033298,Europe/Moscow
RU-4464,medium_airport,RU,68.151802,33.463902,Europe/Moscow
RU-4536,medium_airport,RU,71.616699,52.478298,Europe/Moscow
RU-4609,medium_airport,RU,54.340000,32.473301,Europe/Moscow
RU-4827,medium_airport,RU,52.072963,113.433267,Asia/Chita
RU-5105,medium_airport,RU,44.083302,133.867996,Asia/Vladivostok
RU-5376,medium_airport,RU,58.814999,28.013300,Europe/Moscow
RU-5672,medium_airport,RU,57.058300,40.981701,Europe/Moscow
RU-6558,medium_airport,RU,54.285000,45.168301,Europe/Moscow
RU-6560,medium_airport,RU,51.849998,107.737999,Asia/Irkutsk
RU-6687,medium_airport,RU,52.917455,40.365826,Europe/Moscow
RU-7576,medium_airport,RU,51.016701,115.432999,Asia/Chita
RU-7911,medium_airport,RU,61.268299,63.138302,Asia/Yekaterinburg
RU-7978,medium_airport,RU,54.375000,61.353298,Asia/Yekaterinburg
RU-8363,medium_airport,RU,51.620000,39.140000,Europe/Moscow
RU-8499,medium_airport,RU,54.294492,158.151505,Asia/Kamchatka
RU-8602,medium_airport,RU,51.480499,46.215000,Europe/Saratov
RU-9129,medium_airport,RU,67.463303,64.306702,Europe/Moscow
RU-9345,medium_airport,RU,58.625000,31.385000,Europe/Moscow
RU-9937,medium_airport,RU,56.259998,34.408298,Europe/Moscow
RU-9942,medium_airport,RU,54.226700,34.371700,Europe/Moscow
S31,small_airport,US,48.483898,-122.938004,America/Los_Angeles
S60,seaplane_base,US,47.754799,-122.259003,America/Los_Angeles
SA-0094,medium_airport,SA,24.465259,46.659279,Asia/Riyadh
SA10,small_airport,AR,-26.295900,-59.535300,America/Argentina/Cordoba
SAAC,medium_airport,AR,-31.296900,-57.996600,America/Argentina/Cordoba
SAAG,medium_airport,AR,-33.005567,-58.612833,America/Argentina/Cordoba
SAAP,medium_airport,AR,-31.794800,-60.480400,America/Argentina/Cordoba
SAAR,large_airport,AR,-32.903600,-60.785000,America/Argentina/Cordoba
SAAV,medium_airport,AR,-31.711700,-60.811700,America/Argentina/Cordoba
SABE,large_airport,AR,-34.559419,-58.415536,America/Argentina/Buenos_Aires
SACO,large_airport,AR,-31.312346,-64.208329,America/Argentina/Cordoba
SADF,medium_airport,AR,-34.453200,-58.589600,America/Argentina/Buenos_Aires
SADL,medium_airport,AR,-34.972200,-57.894700,America/Argentina/Buenos_Aires
SADP,medium_airport,AR,-34.609900,-58.612600,America/Argentina/Buenos_Aires
SAEZ,large_airport,AR,-34.822200,-58.535800,America/Argentina/Buenos_Aires
SAHS,medium_airport,AR,-37.390598,-68.904198,America/Argentina/Salta
SAHZ,medium_airport,AR,-38.975498,-70.113602,America/Argentina/Salta
SAME,large_airport,AR,-32.831699,-68.792900,America/Argentina/Mendoza
SAMM,medium_airport,AR,-35.493599,-69.574303,America/Argentina/Mendoza
SAMR,medium_airport,AR,-34.588299,-68.403900,America/Argentina/Mendoza
SANC,medium_airport,AR,-28.593117,-65.751200,America/Argentina/Catamarca
SANE,medium_airport,AR,-27.765556,-64.309998,America/Argentina/Cordoba
SANL,medium_airport,AR,-29.381599,-66.795799,America/Argentina/La_Rioja
SANR,medium_airport,AR,-27.496600,-64.935950,America/Argentina/Cordoba
SANT,large_airport,AR,-26.837397,-65.104195,America/Argentina/Tucuman
SANU,medium_airport,AR,-31.571501,-68.418198,America/Argentina/San_Juan
SAOC,medium_airport,AR,-33.085098,-64.261299,America/Argentina/Cordoba
SAOD,medium_airport,AR,-31.945200,-65.146301,America/Argentina/Cordoba
SAOR,medium_airport,AR,-33.729900,-65.387398,America/Argentina/San_Luis
SAOU,medium_airport,AR,-33.273201,-66.356400,America/Argentina/San_Luis
SAOV,medium_airport,AR,-32.320100,-63.226630,America/Argentina/Cordoba
SARC,medium_airport,AR,-27.445500,-58.761900,America/Argentina/Cordoba
SARE,large_airport,AR,-27.449910,-59.056125,America/Argentina/Cordoba
SARF,medium_airport,AR,-26.212700,-58.228100,America/Argentina/Cordoba
SARI,medium_airport,AR,-25.737301,-54.473400,America/Argentina/Cordoba
SARL,medium_airport,AR,-29.689400,-57.152100,America/Argentina/Cordoba
SARM,medium_airport,AR,-30.271900,-57.640200,America/Argentina/Cordoba
SARP,medium_airport,AR,-27.385800,-55.970700,America/Argentina/Cordoba
SASA,large_airport,AR,-24.856001,-65.486198,America/Argentina/Salta
SASJ,large_airport,AR,-24.392799,-65.097801,America/Argentina/Jujuy
SASO,medium_airport,AR,-23.152800,-64.329201,America/Argentina/Salta
SAST,medium_airport,AR,-22.616877,-63.793015,America/Argentina/Salta
SATG,medium_airport,AR,-29.105800,-59.218900,America/Argentina/Cordoba
SATR,medium_airport,AR,-29.210278,-59.683333,America/Argentina/Cordoba
SATU,medium_airport,AR,-29.770600,-57.978900,America/Argentina/Cordoba
SAVB,medium_airport,AR,-41.943199,-71.532303,America/Argentina/Salta
SAVC,large_airport,AR,-45.786941,-67.463355,America/Argentina/Catamarca
SAVE,medium_airport,AR,-42.908001,-71.139503,America/Argentina/Catamarca
SAVH,medium_airport,AR,-46.538517,-68.965323,America/Argentina/Rio_Gallegos
SAVN,small_airport,AR,-40.751200,-65.034300,America/Argentina/Salta
SAVT,medium_airport,AR,-43.210500,-65.270300,America/Argentina/Catamarca
SAVV,medium_airport,AR,-40.869200,-63.000400,America/Argentina/Salta
SAVY,medium_airport,AR,-42.759200,-65.102700,America/Argentina/Catamarca
SAWC,medium_airport,AR,-50.280267,-72.053401,America/Argentina/Rio_Gallegos
SAWD,medium_airport,AR,-47.735300,-65.904100,America/Argentina/Rio_Gallegos
SAWE,medium_airport,AR,-53.777700,-67.749400,America/Argentina/Ushuaia
SAWG,large_airport,AR,-51.608791,-69.308948,America/Argentina/Rio_Gallegos
SAWH,medium_airport,AR,-54.843300,-68.295800,America/Argentina/Ushuaia
SAWJ,medium_airport,AR,-49.306816,-67.802596,America/Argentina/Rio_Gallegos
SAWP,medium_airport,AR,-46.537899,-70.978699,America/Argentina/Rio_Gallegos
SAWR,small_airport,AR,-48.783100,-70.150002,America/Argentina/Rio_Gallegos
SAWT,small_airport,AR,-51.605000,-72.220300,America/Argentina/Rio_Gallegos
SAWU,medium_airport,AR,-50.016500,-68.579200,America/Argentina/Rio_Gallegos
SAZB,medium_airport,AR,-38.725000,-62.169300,America/Argentina/Buenos_Aires
SAZG,medium_airport,AR,-35.696201,-63.758301,America/Argentina/Salta
SAZH,medium_airport,AR,-38.386900,-60.329700,America/Argentina/Buenos_Aires
SAZL,medium_airport,AR,-36.542300,-56.721800,America/Argentina/Buenos_Aires
SAZM,medium_airport,AR,-37.934200,-57.573300,America/Argentina/Buenos_Aires
SAZN,large_airport,AR,-38.949001,-68.155701,America/Argentina/Salta
SAZO,medium_airport,AR,-38.490746,-58.816337,America/Argentina/Buenos_Aires
SAZP,medium_airport,AR,-35.844600,-61.857600,America/Argentina/Buenos_Aires
SAZR,medium_airport,AR,-36.588299,-64.275703,America/Argentina/Salta
SAZS,large_airport,AR,-41.151199,-71.157501,America/Argentina/Salta
SAZT,medium_airport,AR,-37.234634,-59.228647,America/Argentina/Buenos_Aires
SAZV,medium_airport,AR,-37.235400,-57.029200,America/Argentina/Buenos_Aires
SAZW,medium_airport,AR,-38.939701,-69.264603,America/Argentina/Salta
SAZY,medium_airport,AR,-40.075401,-71.137299,America/Argentina/Salta
SBAA,medium_airport,BR,-8.348350,-49.301498,America/Belem
SBAC,medium_airport,BR,-4.568896,-37.805135,America/Fortaleza
SBAE,medium_airport,BR,-22.160755,-49.070325,America/Sao_Paulo
SBAF,medium_airport,BR,-22.875099,-43.384701,America/Sao_Paulo
SBAN,medium_airport,BR,-16.229200,-48.964298,America/Sao_Paulo
SBAQ,medium_airport,BR,-21.812000,-48.132999,America/Sao_Paulo
SBAR,medium_airport,BR,-10.983940,-37.072873,America/Maceio
SBAT,medium_airport,BR,-9.866389,-56.106298,America/Cuiaba
SBAU,medium_airport,BR,-21.141479,-50.424575,America/Sao_Paulo
SBAX,medium_airport,BR,-19.563200,-46.960400,America/Sao_Paulo
SBBE,large_airport,BR,-1.379279,-48.476207,America/Belem
SBBG,medium_airport,BR,-31.390499,-54.112202,America/Sao_Paulo
SBBH,medium_airport,BR,-19.850740,-43.950316,America/Sao_Paulo
SBBI,medium_airport,BR,-25.405100,-49.231998,America/Sao_Paulo
SBBQ,medium_airport,BR,-21.267200,-43.761010,America/Sao_Paulo
SBBR,large_airport,BR,-15.869167,-47.920834,America/Sao_Paulo
SBBT,medium_airport,BR,-20.584631,-48.594125,America/Sao_Paulo
SBBV,large_airport,BR,2.846150,-60.690648,America/Boa_Vista
SBBW,medium_airport,BR,-15.861417,-52.389008,America/Cuiaba
SBBZ,medium_airport,BR,-22.770881,-41.963080,America/Sao_Paulo
SBCA,medium_airport,BR,-25.000323,-53.501208,America/Sao_Paulo
SBCB,small_airport,BR,-22.921485,-42.071874,America/Sao_Paulo
SBCC,medium_airport,BR,-9.333940,-54.965401,America/Santarem
SBCF,large_airport,BR,-19.635710,-43.966928,America/Sao_Paulo
SBCG,medium_airport,BR,-20.469998,-54.673988,America/Campo_Grande
SBCH,medium_airport,BR,-27.134199,-52.656601,America/Sao_Paulo
SBCI,medium_airport,BR,-7.320440,-47.458698,America/Fortaleza
SBCJ,medium_airport,BR,-6.117841,-50.003372,America/Belem
SBCM,medium_airport,BR,-28.725743,-49.424475,America/Sao_Paulo
SBCN,small_airport,BR,-17.725096,-48.606324,America/Sao_Paulo
SBCO,medium_airport,BR,-29.945928,-51.144413,America/Sao_Paulo
SBCP,medium_airport,BR,-21.698299,-41.301701,America/Sao_Paulo
SBCR,medium_airport,BR,-19.011930,-57.672772,America/Campo_Grande
SBCT,large_airport,BR,-25.528500,-49.175800,America/Sao_Paulo
SBCV,medium_airport,BR,-17.652300,-39.253101,America/Bahia
SBCX,medium_airport,BR,-29.197183,-51.187647,America/Sao_Paulo
SBCY,large_airport,BR,-15.652900,-56.116699,America/Cuiaba
SBCZ,medium_airport,BR,-7.599910,-72.769501,America/Rio_Branco
SBDB,small_airport,BR,-21.247300,-56.452399,America/Campo_Grande
SBDN,medium_airport,BR,-22.175100,-51.424599,America/Sao_Paulo
SBEG,large_airport,BR,-3.038610,-60.049702,America/Manaus
SBEK,medium_airport,BR,-6.233160,-57.776901,America/Santarem
SBFI,large_airport,BR,-25.594167,-54.489444,America/Sao_Paulo
SBFL,large_airport,BR,-27.670279,-48.552502,America/Sao_Paulo
SBFN,medium_airport,BR,-3.854534,-32.423017,America/Noronha
SBFZ,large_airport,BR,-3.775833,-38.532222,America/Fortaleza
SBGL,large_airport,BR,-22.809999,-43.250557,America/Sao_Paulo
SBGM,medium_airport,BR,-10.786410,-65.284860,America/Porto_Velho
SBGO,large_airport,BR,-16.632000,-49.220699,America/Sao_Paulo
SBGR,large_airport,BR,-23.431274,-46.469954,America/Sao_Paulo
SBGU,small_airport,BR,-25.388327,-51.523490,America/Sao_Paulo
SBGV,medium_airport,BR,-18.895882,-41.982869,America/Sao_Paulo
SBGW,medium_airport,BR,-22.791599,-45.204800,America/Sao_Paulo
SBHT,medium_airport,BR,-3.253144,-52.253938,America/Santarem
SBIC,medium_airport,BR,-3.126539,-58.481668,America/Manaus
SBIH,medium_airport,BR,-4.242131,-56.000651,America/Santarem
SBIL,medium_airport,BR,-14.815929,-39.033458,America/Bahia
SBIP,medium_airport,BR,-19.470699,-42.487598,America/Sao_Paulo
SBIZ,medium_airport,BR,-5.531290,-47.459999,America/Fortaleza
SBJA,small_airport,BR,-28.675300,-49.059600,America/Sao_Paulo
SBJE,medium_airport,BR,-2.906425,-40.357338,America/Fortaleza
SBJF,medium_airport,BR,-21.791482,-43.386072,America/Sao_Paulo
SBJH,medium_airport,BR,-23.426886,-47.165658,America/Sao_Paulo
SBJI,small_airport,BR,-10.870743,-61.846675,America/Porto_Velho
SBJP,large_airport,BR,-7.148691,-34.950554,America/Fortaleza
SBJR,medium_airport,BR,-22.986773,-43.372194,America/Sao_Paulo
SBJU,small_airport,BR,-7.219320,-39.269096,America/Fortaleza
SBJV,medium_airport,BR,-26.224501,-48.797401,America/Sao_Paulo
SBKG,medium_airport,BR,-7.269662,-35.896057,America/Fortaleza
SBKP,large_airport,BR,-23.007404,-47.134502,America/Sao_Paulo
SBLE,small_airport,BR,-12.482300,-41.277000,America/Bahia
SBLJ,medium_airport,BR,-27.782101,-50.281502,America/Sao_Paulo
SBLN,medium_airport,BR,-21.663491,-49.729954,America/Sao_Paulo
SBLO,medium_airport,BR,-23.334375,-51.128365,America/Sao_Paulo
SBLP,medium_airport,BR,-13.262100,-43.408100,America/Bahia
SBMA,medium_airport,BR,-5.368590,-49.138000,America/Belem
SBMC,medium_airport,BR,-13.549100,-48.195301,America/Sao_Paulo
SBMD,medium_airport,BR,-0.889839,-52.602200,America/Santarem
SBME,medium_airport,BR,-22.343000,-41.765999,America/Sao_Paulo
SBMG,medium_airport,BR,-23.476060,-52.016187,America/Sao_Paulo
SBMK,medium_airport,BR,-16.706919,-43.818901,America/Sao_Paulo
SBML,medium_airport,BR,-22.196899,-49.926485,America/Sao_Paulo
SBMN,medium_airport,BR,-3.146040,-59.986301,America/Manaus
SBMO,large_airport,BR,-9.512559,-35.791839,America/Maceio
SBMQ,medium_airport,BR,0.050664,-51.072201,America/Belem
SBMS,medium_airport,BR,-5.201920,-37.364300,America/Fortaleza
SBMT,medium_airport,BR,-23.509100,-46.637798,America/Sao_Paulo
SBMY,medium_airport,BR,-5.811380,-61.278301,America/Manaus
SBNF,large_airport,BR,-26.879431,-48.650979,America/Sao_Paulo
SBNM,medium_airport,BR,-28.282503,-54.169623,America/Sao_Paulo
SBNT,medium_airport,BR,-5.911420,-35.247700,America/Fortaleza
SBOI,medium_airport,BR,3.854120,-51.797056,America/Belem
SBPA,large_airport,BR,-29.993984,-51.167482,America/Sao_Paulo
SBPB,medium_airport,BR,-2.893750,-41.731998,America/Fortaleza
SBPC,medium_airport,BR,-21.842529,-46.569768,America/Sao_Paulo
SBPF,medium_airport,BR,-28.243976,-52.327770,America/Sao_Paulo
SBPG,medium_airport,BR,-25.184476,-50.143822,America/Sao_Paulo
SBPJ,medium_airport,BR,-10.291500,-48.356998,America/Araguaina
SBPK,medium_airport,BR,-31.717189,-52.327796,America/Sao_Paulo
SBPL,medium_airport,BR,-9.362422,-40.569098,America/Recife
SBPN,medium_airport,BR,-10.719402,-48.399700,America/Araguaina
SBPO,small_airport,BR,-26.217184,-52.694463,America/Sao_Paulo
SBPP,medium_airport,BR,-22.549601,-55.702599,America/Campo_Grande
SBPS,large_airport,BR,-16.438426,-39.080584,America/Bahia
SBPV,large_airport,BR,-8.708491,-63.902338,America/Porto_Velho
SBRB,large_airport,BR,-9.869031,-67.893984,America/Rio_Branco
SBRD,medium_airport,BR,-16.584292,-54.724803,America/Cuiaba
SBRF,large_airport,BR,-8.127470,-34.922961,America/Recife
SBRJ,large_airport,BR,-22.910397,-43.162820,America/Sao_Paulo
SBRP,medium_airport,BR,-21.134314,-47.774053,America/Sao_Paulo
SBRR,small_airport,BR,-2.756644,-42.803187,America/Fortaleza
SBSC,medium_airport,BR,-22.932400,-43.719101,America/Sao_Paulo
SBSG,large_airport,BR,-5.769822,-35.366610,America/Fortaleza
SBSI,small_airport,BR,-11.885001,-55.586109,America/Cuiaba
SBSJ,medium_airport,BR,-23.229200,-45.861500,America/Sao_Paulo
SBSL,large_airport,BR,-2.586386,-44.235008,America/Fortaleza
SBSM,medium_airport,BR,-29.711399,-53.688202,America/Sao_Paulo
SBSN,medium_airport,BR,-2.422423,-54.793060,America/Santarem
SBSO,small_airport,BR,-12.479177,-55.672341,America/Cuiaba
SBSP,large_airport,BR,-23.627657,-46.654601,America/Sao_Paulo
SBSR,medium_airport,BR,-20.817113,-49.406963,America/Sao_Paulo
SBST,medium_airport,BR,-23.928192,-46.300195,America/Sao_Paulo
SBSV,large_airport,BR,-12.908611,-38.322498,America/Bahia
SBTA,medium_airport,BR,-23.040100,-45.516150,America/Sao_Paulo
SBTB,medium_airport,BR,-1.489600,-56.396801,America/Santarem
SBTC,small_airport,BR,-15.354358,-38.998729,America/Bahia
SBTD,small_airport,BR,-24.686300,-53.697498,America/Sao_Paulo
SBTE,medium_airport,BR,-5.060250,-42.823712,America/Fortaleza
SBTF,medium_airport,BR,-3.382940,-64.724098,America/Manaus
SBTG,small_airport,BR,-20.752643,-51.682026,America/Campo_Grande
SBTK,medium_airport,BR,-8.155534,-70.782985,America/Rio_Branco
SBTL,medium_airport,BR,-24.317801,-50.651600,America/Sao_Paulo
SBTS,medium_airport,BR,2.224537,-55.944711,America/Santarem
SBTT,medium_airport,BR,-4.255670,-69.935799,America/Manaus
SBTU,medium_airport,BR,-3.786010,-49.720299,America/Belem
SBUA,medium_airport,BR,-0.148350,-66.985500,America/Manaus
SBUF,medium_airport,BR,-9.400880,-38.250599,America/Bahia
SBUG,medium_airport,BR,-29.782200,-57.038200,America/Sao_Paulo
SBUL,medium_airport,BR,-18.883579,-48.225936,America/Sao_Paulo
SBUR,medium_airport,BR,-19.765036,-47.964805,America/Sao_Paulo
SBVG,medium_airport,BR,-21.591375,-45.474116,America/Sao_Paulo
SBVH,medium_airport,BR,-12.694400,-60.098301,America/Porto_Velho
SBVT,large_airport,BR,-20.258000,-40.285000,America/Sao_Paulo
SBYS,medium_airport,BR,-21.984692,-47.341207,America/Sao_Paulo
SBZM,medium_airport,BR,-21.513086,-43.173069,America/Sao_Paulo
SCAR,medium_airport,CL,-18.348499,-70.338699,America/Santiago
SCAT,medium_airport,CL,-27.261200,-70.779198,America/Santiago
SCBA,medium_airport,CL,-45.915968,-71.689499,America/Coyhaique
SCBE,medium_airport,CL,-22.141100,-70.062897,America/Santiago
SCCC,medium_airport,CL,-46.583100,-71.686323,America/Coyhaique
SCCF,medium_airport,CL,-22.498199,-68.903603,America/Santiago
SCCH,medium_airport,CL,-36.582500,-72.031403,America/Santiago
SCCI,large_airport,CL,-53.002602,-70.854599,America/Punta_Arenas
SCCY,medium_airport,CL,-45.594200,-72.106102,America/Coyhaique
SCDA,large_airport,CL,-20.536273,-70.181373,America/Santiago
SCEL,large_airport,CL,-33.393002,-70.785797,America/Santiago
SCES,medium_airport,CL,-26.311100,-69.765198,America/Santiago
SCFA,large_airport,CL,-23.445274,-70.445232,America/Santiago
SCFM,medium_airport,CL,-53.253700,-70.319199,America/Punta_Arenas
SCGZ,medium_airport,CL,-54.931099,-67.626297,America/Punta_Arenas
SCHR,medium_airport,CL,-47.243591,-72.588150,America/Coyhaique
SCIE,large_airport,CL,-36.772350,-73.062828,America/Santiago
SCIP,large_airport,CL,-27.165411,-109.421027,Pacific/Easter
SCJO,medium_airport,CL,-40.611198,-73.060997,America/Santiago
SCLL,medium_airport,CL,-28.596399,-70.755997,America/Santiago
SCNT,medium_airport,CL,-51.670670,-72.529078,America/Punta_Arenas
SCPC,small_airport,CL,-39.292801,-71.915901,America/Santiago
SCPQ,small_airport,CL,-42.340388,-73.715693,America/Santiago
SCQP,large_airport,CL,-38.925900,-72.651500,America/Santiago
SCRA,medium_airport,CL,-26.332500,-70.607300,America/Santiago
SCRG,medium_airport,CL,-34.173698,-70.775703,America/Santiago
SCRM,small_airport,AQ,-62.191026,-58.986690,America/Punta_Arenas
SCSE,medium_airport,CL,-29.916201,-71.199501,America/Santiago
SCTC,medium_airport,CL,-38.766800,-72.637100,America/Santiago
SCTE,large_airport,CL,-41.443093,-73.094065,America/Santiago
SCTL,medium_airport,CL,-35.377800,-71.601700,America/Santiago
SCTN,medium_airport,CL,-42.781943,-72.834999,America/Santiago
SCTO,medium_airport,CL,-38.245602,-72.348602,America/Santiago
SCTT,medium_airport,CL,-25.564301,-70.375900,America/Santiago
SCVD,medium_airport,CL,-39.650002,-73.086098,America/Santiago
SCVL,small_airport,CL,-39.796902,-73.241699,America/Santiago
SCVM,medium_airport,CL,-32.949600,-71.478600,America/Santiago
SD-0001,medium_airport,SD,15.815213,32.514010,Africa/Khartoum
SDBW,heliport,BR,-23.543560,-46.644634,America/Sao_Paulo
SDCO,small_airport,BR,-23.478001,-47.490002,America/Sao_Paulo
SDIY,medium_airport,BR,-12.200694,-38.906164,America/Bahia
SDTK,small_airport,BR,-23.224044,-44.723400,America/Sao_Paulo
SEAM,medium_airport,EC,-1.212070,-78.574600,America/Guayaquil
SECO,medium_airport,EC,-0.462886,-76.986801,America/Guayaquil
SECU,medium_airport,EC,-2.889470,-78.984398,America/Guayaquil
SEGS,medium_airport,EC,-0.453758,-90.265900,Pacific/Galapagos
SEGU,large_airport,EC,-2.157420,-79.883598,America/Guayaquil
SEII,small_airport,EC,-0.942628,-90.953003,Pacific/Galapagos
SEJD,medium_airport,EC,-1.060185,-77.580525,America/Guayaquil
SELT,medium_airport,EC,-0.906833,-78.615799,America/Guayaquil
SEMA,medium_airport,EC,-4.378230,-79.941002,America/Guayaquil
SEMC,medium_airport,EC,-2.299170,-78.120796,America/Guayaquil
SEMT,medium_airport,EC,-0.946078,-80.678802,America/Guayaquil
SEPV,medium_airport,EC,-1.041650,-80.472198,America/Guayaquil
SEQM,large_airport,EC,-0.125399,-78.354306,America/Guayaquil
SERO,medium_airport,EC,-3.441986,-79.996957,America/Guayaquil
SESA,large_airport,EC,-2.210057,-80.985067,America/Guayaquil
SEST,small_airport,EC,-0.910206,-89.617401,Pacific/Galapagos
SETM,small_airport,EC,-3.995606,-79.371902,America/Guayaquil
SETN,large_airport,EC,0.978519,-79.626602,America/Guayaquil
SETR,medium_airport,EC,-0.122956,-76.337799,America/Guayaquil
SETU,medium_airport,EC,0.809506,-77.708099,America/Guayaquil
SFAL,small_airport,FK,-51.685699,-57.777599,Atlantic/Stanley
SGAS,large_airport,PY,-25.240156,-57.519227,America/Asuncion
SGAY,medium_airport,PY,-27.378379,-56.856791,America/Asuncion
SGCO,medium_airport,PY,-23.441609,-57.427039,America/Asuncion
SGEN,large_airport,PY,-27.227537,-55.837584,America/Asuncion
SGES,large_airport,PY,-25.457186,-54.839544,America/Asuncion
SGGR,medium_airport,PY,-24.032844,-54.352670,America/Asuncion
SGIB,medium_airport,PY,-25.407818,-54.619457,America/Asuncion
SGME,medium_airport,PY,-22.046499,-60.621700,America/Asuncion
SGPI,medium_airport,PY,-26.881981,-58.319067,America/Asuncion
SGPJ,medium_airport,PY,-22.641427,-55.829993,America/Asuncion
SGST,medium_airport,PY,-22.622487,-56.634393,America/Asuncion
SIRI,small_airport,BR,-13.906082,-38.940804,America/Bahia
SKAP,medium_airport,CO,4.076070,-73.562700,America/Bogota
SKAR,medium_airport,CO,4.452780,-75.766400,America/Bogota
SKAS,medium_airport,CO,0.505228,-76.500800,America/Bogota
SKBC,medium_airport,CO,9.045540,-73.974900,America/Bogota
SKBG,medium_airport,CO,7.126500,-73.184800,America/Bogota
SKBO,large_airport,CO,4.701590,-74.146900,America/Bogota
SKBQ,large_airport,CO,10.889600,-74.780800,America/Bogota
SKBS,medium_airport,CO,6.202920,-77.394700,America/Bogota
SKBU,medium_airport,CO,3.819630,-76.989800,America/Bogota
SKCC,medium_airport,CO,7.927570,-72.511500,America/Bogota
SKCG,large_airport,CO,10.442400,-75.513000,America/Bogota
SKCL,large_airport,CO,3.542717,-76.381898,America/Bogota
SKCO,medium_airport,CO,1.814420,-78.749200,America/Bogota
SKCU,medium_airport,CO,7.968470,-75.198500,America/Bogota
SKCV,medium_airport,CO,9.400920,-75.691300,America/Bogota
SKCZ,medium_airport,CO,9.332740,-75.285600,America/Bogota
SKEB,medium_airport,CO,7.596470,-74.808900,America/Bogota
SKEJ,medium_airport,CO,7.024330,-73.806800,America/Bogota
SKFL,medium_airport,CO,1.589190,-75.564400,America/Bogota
SKGI,medium_airport,CO,4.276240,-74.796700,America/Bogota
SKGO,medium_airport,CO,4.758180,-75.955700,America/Bogota
SKGP,medium_airport,CO,2.570130,-77.897969,America/Bogota
SKGZ,small_airport,CO,2.146400,-75.694400,America/Bogota
SKIB,medium_airport,CO,4.421610,-75.133300,America/Bogota
SKIP,medium_airport,CO,0.861946,-77.671783,America/Bogota
SKLC,medium_airport,CO,7.811960,-76.716400,America/Bogota
SKLG,small_airport,CO,-0.182278,-74.770800,America/Bogota
SKLM,medium_airport,CO,11.232500,-72.490100,America/Bogota
SKLP,small_airport,CO,-1.324882,-69.581294,America/Bogota
SKLT,medium_airport,CO,-4.191147,-69.942003,America/Bogota
SKMD,medium_airport,CO,6.219686,-75.590597,America/Bogota
SKMG,medium_airport,CO,9.284740,-74.846100,America/Bogota
SKMR,medium_airport,CO,8.823740,-75.825800,America/Bogota
SKMU,medium_airport,CO,1.253660,-70.233900,America/Bogota
SKMZ,medium_airport,CO,5.029600,-75.464700,America/Bogota
SKNA,small_airport,CO,2.175650,-73.786740,America/Bogota
SKNQ,small_airport,CO,5.710348,-77.261868,America/Bogota
SKNV,medium_airport,CO,2.950150,-75.294000,America/Bogota
SKOC,medium_airport,CO,8.315060,-73.358300,America/Bogota
SKPC,medium_airport,CO,6.184720,-67.493200,America/Bogota
SKPD,medium_airport,CO,3.853530,-67.906200,America/Bogota
SKPE,medium_airport,CO,4.812670,-75.739500,America/Bogota
SKPI,medium_airport,CO,1.857770,-76.085700,America/Bogota
SKPP,medium_airport,CO,2.454359,-76.609253,America/Bogota
SKPQ,medium_airport,CO,5.483610,-74.657400,America/Bogota
SKPS,medium_airport,CO,1.396722,-77.290930,America/Bogota
SKPV,medium_airport,CO,13.357461,-81.357977,America/Bogota
SKPZ,medium_airport,CO,5.876146,-71.886671,America/Bogota
SKQU,medium_airport,CO,5.212560,-74.883600,America/Bogota
SKRA,small_airport,CO,-2.895802,-69.749762,America/Bogota
SKRG,large_airport,CO,6.164540,-75.423100,America/Bogota
SKRH,medium_airport,CO,11.526200,-72.926000,America/Bogota
SKSA,small_airport,CO,6.951868,-71.857179,America/Bogota
SKSJ,medium_airport,CO,2.579690,-72.639400,America/Bogota
SKSM,medium_airport,CO,11.119600,-74.230600,America/Bogota
SKSP,large_airport,CO,12.583600,-81.711200,America/Bogota
SKSV,medium_airport,CO,2.152170,-74.766300,America/Bogota
SKTJ,medium_airport,CO,5.541380,-73.344500,America/Bogota
SKTL,small_airport,CO,9.509450,-75.585400,America/Bogota
SKTM,medium_airport,CO,6.451080,-71.760300,America/Bogota
SKTQ,medium_airport,CO,0.745900,-75.234000,America/Bogota
SKUA,medium_airport,CO,5.524480,-68.685600,America/Bogota
SKUC,medium_airport,CO,7.068880,-70.736900,America/Bogota
SKUI,medium_airport,CO,5.690760,-76.641200,America/Bogota
SKUL,medium_airport,CO,4.088360,-76.235100,America/Bogota
SKVP,medium_airport,CO,10.435000,-73.249500,America/Bogota
SKVV,medium_airport,CO,4.167870,-73.613800,America/Bogota
SKYP,medium_airport,CO,5.319110,-72.384000,America/Bogota
SLAL,large_airport,BO,-19.246835,-65.149611,America/La_Paz
SLBJ,medium_airport,BO,-22.773300,-64.312897,America/La_Paz
SLCB,large_airport,BO,-17.421105,-66.177102,America/La_Paz
SLCO,medium_airport,BO,-11.039109,-68.782774,America/La_Paz
SLET,medium_airport,BO,-17.811600,-63.171501,America/La_Paz
SLGM,medium_airport,BO,-10.888560,-65.380955,America/La_Paz
SLHI,small_airport,BO,-16.976834,-65.145568,America/La_Paz
SLLP,large_airport,BO,-16.510272,-68.189416,America/La_Paz
SLOR,large_airport,BO,-17.956151,-67.075829,America/La_Paz
SLPO,medium_airport,BO,-19.543331,-65.723734,America/La_Paz
SLPR,small_airport,BO,-11.107663,-67.551155,America/La_Paz
SLPS,medium_airport,BO,-18.975301,-57.820599,America/La_Paz
SLRI,medium_airport,BO,-11.009355,-66.075468,America/La_Paz
SLRQ,small_airport,BO,-14.427900,-67.496803,America/La_Paz
SLSA,medium_airport,BO,-13.762200,-65.435204,America/La_Paz
SLSU,medium_airport,BO,-19.007099,-65.288696,America/La_Paz
SLSV,medium_airport,BO,-16.401239,-61.045200,America/La_Paz
SLTJ,medium_airport,BO,-21.555700,-64.701302,America/La_Paz
SLTR,medium_airport,BO,-14.818700,-64.917999,America/La_Paz
SLUY,large_airport,BO,-20.441304,-66.857553,America/La_Paz
SLVM,medium_airport,BO,-21.255199,-63.405602,America/La_Paz
SLVR,large_airport,BO,-17.644800,-63.135399,America/La_Paz
SLYA,medium_airport,BO,-21.960899,-63.651699,America/La_Paz
SMAF,small_airport,SR,4.998505,-54.992033,America/Paramaribo
SMCT,small_airport,SR,3.852160,-54.228201,America/Paramaribo
SMDA,small_airport,SR,4.111359,-54.672766,America/Paramaribo
SMGH,small_airport,SR,4.058300,-54.786100,America/Paramaribo
SMJP,large_airport,SR,5.452830,-55.187801,America/Paramaribo
SMMO,small_airport,SR,5.607600,-54.400300,America/Paramaribo
SMTA,small_airport,SR,3.679806,-54.085207,America/Paramaribo
SMWA,small_airport,SR,5.841252,-56.673247,America/Paramaribo
SMZO,small_airport,SR,5.811211,-55.192299,America/Paramaribo
SN6L,medium_airport,BR,-3.614488,-40.231426,America/Fortaleza
SNBR,small_airport,BR,-12.078900,-45.008999,America/Bahia
SNCP,medium_airport,BR,-27.634128,-50.358253,America/Sao_Paulo
SNEB,small_airport,BR,-3.019798,-47.316474,America/Belem
SNFH,small_airport,BR,-22.559118,-55.381143,America/Campo_Grande
SNGA,small_airport,BR,-20.646500,-40.491901,America/Sao_Paulo
SNHS,small_airport,BR,-8.061433,-38.328888,America/Recife
SNL3,small_airport,BR,-18.267161,-56.487952,America/Campo_Grande
SNLN,medium_airport,BR,-19.355202,-40.071280,America/Sao_Paulo
SNM6,small_airport,BR,-22.396719,-53.680777,America/Campo_Grande
SNPP,small_airport,BR,-13.428781,-38.913689,America/Bahia
SNQX,medium_airport,BR,-4.979006,-38.987622,America/Fortaleza
SNRU,small_airport,BR,-8.282390,-36.013500,America/Recife
SNSM,small_airport,BR,-0.696111,-47.336111,America/Belem
SNVB,small_airport,BR,-13.296500,-38.992401,America/Bahia
SNVS,small_airport,BR,-1.636530,-50.443600,America/Belem
SNYA,small_airport,BR,-1.479524,-52.578214,America/Santarem
SNZR,small_airport,BR,-17.242599,-46.883099,America/Sao_Paulo
SO-0001,small_airport,SO,2.005280,44.986599,Africa/Mogadishu
SOCA,large_airport,GF,4.819964,-52.361326,America/Cayenne
SOOA,medium_airport,GF,3.655907,-54.039431,America/Cayenne
SOOG,medium_airport,GF,3.897600,-51.804100,America/Cayenne
SOOM,medium_airport,GF,5.481891,-54.034964,America/Cayenne
SPAY,medium_airport,PE,-10.729100,-73.766502,America/Lima
SPBC,medium_airport,PE,-3.916860,-70.508202,America/Lima
SPBR,medium_airport,PE,-11.411600,-69.488701,America/Lima
SPCL,large_airport,PE,-8.378064,-74.574495,America/Lima
SPEO,medium_airport,PE,-9.149610,-78.523804,America/Lima
SPHI,large_airport,PE,-6.789223,-79.828254,America/Lima
SPHO,medium_airport,PE,-13.154800,-74.204399,America/Lima
SPHU,small_airport,PE,-12.069900,-75.198502,America/Lima
SPHY,small_airport,PE,-13.706400,-73.350403,America/Lima
SPHZ,medium_airport,PE,-9.347440,-77.598396,America/Lima
SPIM,large_airport,PE,-12.021900,-77.114305,America/Lima
SPJA,medium_airport,PE,-6.067860,-77.160004,America/Lima
SPJE,medium_airport,PE,-5.592480,-78.774002,America/Lima
SPJI,medium_airport,PE,-7.169100,-76.728600,America/Lima
SPJJ,medium_airport,PE,-11.783100,-75.473396,America/Lima
SPJL,large_airport,PE,-15.467689,-70.156530,America/Lima
SPJR,medium_airport,PE,-7.139180,-78.489403,America/Lima
SPLO,medium_airport,PE,-17.695000,-71.344002,America/Lima
SPME,medium_airport,PE,-3.552074,-80.381086,America/Lima
SPMS,medium_airport,PE,-5.893770,-76.118202,America/Lima
SPNC,medium_airport,PE,-9.878810,-76.204803,America/Lima
SPPO,small_airport,PE,-10.070100,-75.550003,America/Lima
SPPY,medium_airport,PE,-6.201911,-77.856195,America/Lima
SPQT,large_airport,PE,-3.784740,-73.308800,America/Lima
SPQU,large_airport,PE,-16.340786,-71.569485,America/Lima
SPRU,large_airport,PE,-8.082382,-79.108821,America/Lima
SPSO,large_airport,PE,-13.744900,-76.220299,America/Lima
SPST,medium_airport,PE,-6.508740,-76.373199,America/Lima
SPTN,medium_airport,PE,-18.053301,-70.275803,America/Lima
SPTU,medium_airport,PE,-12.613600,-69.228600,America/Lima
SPUR,medium_airport,PE,-5.205750,-80.616402,America/Lima
SPYL,medium_airport,PE,-4.576640,-81.254097,America/Lima
SPZA,medium_airport,PE,-14.854000,-74.961502,America/Lima
SPZO,large_airport,PE,-13.535700,-71.938797,America/Lima
SR-0009,small_airport,SR,5.863807,-55.189504,America/Paramaribo
SRL,small_airport,MX,27.092700,-112.098500,America/Mazatlan
SRV,small_airport,US,61.789700,-156.589005,America/Anchorage
SSCN,small_airport,BR,-29.370091,-50.831729,America/Sao_Paulo
SSCY,heliport,BR,-25.438472,-49.448541,America/Sao_Paulo
SSFB,small_airport,BR,-26.059380,-53.063827,America/Sao_Paulo
SSGY,small_airport,BR,-24.081100,-54.191700,America/Sao_Paulo
SSKW,small_airport,BR,-11.496000,-61.450800,America/Porto_Velho
SSUM,small_airport,BR,-23.798700,-53.313801,America/Sao_Paulo
SSUV,small_airport,BR,-26.233224,-51.066754,America/Sao_Paulo
SSZR,small_airport,BR,-27.906580,-54.520628,America/Sao_Paulo
SUAA,medium_airport,UY,-34.789200,-56.264702,America/Montevideo
SUDU,medium_airport,UY,-33.358898,-56.499199,America/Montevideo
SULS,medium_airport,UY,-34.855099,-55.094299,America/Montevideo
SUMU,large_airport,UY,-34.835647,-56.026497,America/Montevideo
SUPE,small_airport,UY,-34.909716,-54.920212,America/Montevideo
SUPU,medium_airport,UY,-32.363300,-58.061901,America/Montevideo
SURV,medium_airport,UY,-30.974600,-55.476200,America/Montevideo
SUSO,medium_airport,UY,-31.438499,-57.985298,America/Montevideo
SVAC,medium_airport,VE,9.553375,-69.237869,America/Caracas
SVAN,medium_airport,VE,9.430225,-64.470726,America/Caracas
SVBC,large_airport,VE,10.111111,-64.692222,America/Caracas
SVBI,medium_airport,VE,8.615000,-70.214167,America/Caracas
SVBL,medium_airport,VE,10.183375,-67.557320,America/Caracas
SVBM,large_airport,VE,10.042747,-69.358620,America/Caracas
SVBS,medium_airport,VE,10.249978,-67.649422,America/Caracas
SVCB,medium_airport,VE,8.122161,-63.536957,America/Caracas
SVCD,medium_airport,VE,7.625510,-66.162804,America/Caracas
SVCL,medium_airport,VE,8.924656,-67.417091,America/Caracas
SVCN,medium_airport,VE,6.231989,-62.854850,America/Caracas
SVCP,medium_airport,VE,10.660014,-63.261681,America/Caracas
SVCR,medium_airport,VE,11.414944,-69.680901,America/Caracas
SVCS,medium_airport,VE,10.286874,-66.815847,America/Caracas
SVCU,medium_airport,VE,10.450333,-64.130470,America/Caracas
SVED,medium_airport,VE,6.715730,-61.638786,America/Caracas
SVEZ,medium_airport,VE,7.059677,-69.496700,America/Caracas
SVFM,medium_airport,VE,10.485033,-66.843513,America/Caracas
SVGD,medium_airport,VE,7.210834,-70.756386,America/Caracas
SVGI,medium_airport,VE,10.574078,-62.312668,America/Caracas
SVGU,medium_airport,VE,9.026944,-69.755150,America/Caracas
SVIE,small_airport,VE,10.794432,-63.981590,America/Caracas
SVJC,medium_airport,VE,11.780775,-70.151497,America/Caracas
SVJM,medium_airport,VE,9.906953,-67.379639,America/Caracas
SVLF,medium_airport,VE,8.239167,-72.271027,America/Caracas
SVLO,medium_airport,VE,11.808230,-66.180768,America/Caracas
SVMC,large_airport,VE,10.557542,-71.729307,America/Caracas
SVMD,medium_airport,VE,8.582078,-71.161041,America/Caracas
SVMG,large_airport,VE,10.912603,-63.966599,America/Caracas
SVMI,large_airport,VE,10.602214,-66.991174,America/Caracas
SVMP,medium_airport,VE,10.133169,-66.787827,America/Caracas
SVMT,medium_airport,VE,9.749023,-63.153348,America/Caracas
SVPA,medium_airport,VE,5.619990,-67.606102,America/Caracas
SVPC,medium_airport,VE,10.480500,-68.072998,America/Caracas
SVPM,medium_airport,VE,7.801389,-72.202778,America/Caracas
SVPR,large_airport,VE,8.288530,-62.760399,America/Caracas
SVPT,medium_airport,VE,7.575479,-70.174435,America/Caracas
SVRS,small_airport,VE,11.946935,-66.668333,America/Caracas
SVS,small_airport,US,66.016727,-149.056835,America/Anchorage
SVSA,medium_airport,VE,7.840809,-72.439878,America/Caracas
SVSE,medium_airport,VE,4.554699,-61.145234,America/Caracas
SVSO,medium_airport,VE,7.565380,-72.035103,America/Caracas
SVSP,medium_airport,VE,10.278700,-68.755203,America/Caracas
SVSR,medium_airport,VE,7.883320,-67.444000,America/Caracas
SVST,medium_airport,VE,8.945147,-64.151085,America/Caracas
SVSZ,medium_airport,VE,8.974550,-71.943253,America/Caracas
SVTC,medium_airport,VE,9.088994,-62.094173,America/Caracas
SVTM,medium_airport,VE,7.249380,-61.528930,America/Caracas
SVVA,large_airport,VE,10.149733,-67.928398,America/Caracas
SVVG,medium_airport,VE,8.624139,-71.672668,America/Caracas
SVVL,medium_airport,VE,9.340478,-70.584061,America/Caracas
SVVP,medium_airport,VE,9.222028,-65.993584,America/Caracas
SWBC,small_airport,BR,-0.981191,-62.918603,America/Manaus
SWBG,small_airport,BR,-15.193400,-59.384800,America/Cuiaba
SWBR,small_airport,BR,-4.406340,-59.602402,America/Manaus
SWCA,small_airport,BR,-4.871473,-66.897552,America/Manaus
SWGN,medium_airport,BR,-7.227870,-48.240501,America/Araguaina
SWGT,small_airport,BR,-17.172918,-50.208507,America/Sao_Paulo
SWLB,small_airport,BR,-7.278970,-64.769501,America/Manaus
SWTP,small_airport,BR,-0.378604,-64.992558,America/Manaus
SWTS,small_airport,BR,-14.662000,-57.443744,America/Cuiaba
SXP,small_airport,US,62.520599,-164.848006,America/Nome
SYB,seaplane_base,US,58.373291,-152.201797,America/Anchorage
SYCJ,large_airport,GY,6.498550,-58.254101,America/Guyana
SYF,seaplane_base,CA,49.151000,-123.698000,America/Vancouver
SYGO,medium_airport,GY,6.805881,-58.107657,America/Guyana
SYKA,medium_airport,GY,5.177349,-59.488980,America/Guyana
SYLT,medium_airport,GY,3.372760,-59.789398,America/Guyana
TAPA,large_airport,AG,17.136700,-61.792702,America/Antigua
TAPH,closed,AG,17.636067,-61.827175,America/Antigua
TBPB,large_airport,BB,13.074667,-59.491034,America/Barbados
TCT,small_airport,US,62.993206,-156.029026,America/Anchorage
TDCF,medium_airport,DM,15.336693,-61.392108,America/Dominica
TDPD,medium_airport,DM,15.546673,-61.301082,America/Dominica
TFFA,small_airport,GP,16.296902,-61.084400,America/Guadeloupe
TFFB,small_airport,GP,16.013648,-61.742928,America/Guadeloupe
TFFC,small_airport,GP,16.257799,-61.262501,America/Guadeloupe
TFFF,large_airport,MQ,14.591000,-61.003201,America/Martinique
TFFG,medium_airport,MF,18.100057,-63.047444,America/Marigot
TFFJ,medium_airport,BL,17.904398,-62.843333,America/St_Barthelemy
TFFM,medium_airport,GP,15.868925,-61.270087,America/Guadeloupe
TFFR,large_airport,GP,16.265443,-61.532754,America/Guadeloupe
TGPY,large_airport,GD,12.003996,-61.785302,America/Grenada
TGPZ,small_airport,GD,12.476100,-61.472801,America/Grenada
TIST,large_airport,VI,18.337091,-64.977251,America/St_Thomas
TISX,medium_airport,VI,17.701413,-64.802608,America/St_Thomas
TJ-0011,medium_airport,TJ,38.364134,69.986299,Asia/Dushanbe
TJ-UT45,medium_airport,TJ,38.512299,68.672501,Asia/Dushanbe
TJ-UT46,medium_airport,TJ,37.469799,69.380798,Asia/Dushanbe
TJAB,medium_airport,PR,18.450850,-66.675768,America/Puerto_Rico
TJBQ,medium_airport,PR,18.494900,-67.129402,America/Puerto_Rico
TJCP,medium_airport,PR,18.312954,-65.303893,America/Puerto_Rico
TJIG,medium_airport,PR,18.456800,-66.098099,America/Puerto_Rico
TJMZ,medium_airport,PR,18.255699,-67.148499,America/Puerto_Rico
TJPS,medium_airport,PR,18.008301,-66.563004,America/Puerto_Rico
TJRV,medium_airport,PR,18.247262,-65.639790,America/Puerto_Rico
TJSJ,large_airport,PR,18.439400,-66.001801,America/Puerto_Rico
TJVQ,medium_airport,PR,18.134800,-65.493599,America/Puerto_Rico
TKE,seaplane_base,US,57.779701,-135.218002,America/Juneau
TKPK,large_airport,KN,17.310845,-62.719117,America/St_Kitts
TKPN,medium_airport,KN,17.205700,-62.589901,America/St_Kitts
TLPC,medium_airport,LC,14.020200,-60.992901,America/St_Lucia
TLPL,large_airport,LC,13.733200,-60.952599,America/St_Lucia
TLT,small_airport,US,61.086973,-160.922842,America/Anchorage
TM-0002,medium_airport,TM,39.681052,54.206008,Asia/Ashgabat
TM-UT52,medium_airport,TM,37.664299,61.827000,Asia/Ashgabat
TNCA,large_airport,AW,12.501056,-70.014281,America/Aruba
TNCB,large_airport,BQ,12.131000,-68.268501,America/Kralendijk
TNCC,large_airport,CW,12.188900,-68.959801,America/Curacao
TNCE,medium_airport,BQ,17.496500,-62.979401,America/Kralendijk
TNCM,large_airport,SX,18.041000,-63.108898,America/Lower_Princes
TNCS,medium_airport,BQ,17.645330,-63.220514,America/Kralendijk
TQPF,medium_airport,AI,18.204773,-63.053830,America/Anguilla
TR-0004,medium_airport,TR,39.738857,32.378639,Europe/Istanbul
TR-0021,medium_airport,TR,39.843899,30.968000,Europe/Istanbul
TR-0028,medium_airport,TR,40.787068,26.606655,Europe/Istanbul
TRPG,large_airport,MS,16.791835,-62.193204,America/Montserrat
TTCP,large_airport,TT,11.149571,-60.831298,America/Port_of_Spain
TTPP,large_airport,TT,10.595350,-61.337568,America/Port_of_Spain
TTW,seaplane_base,LK,6.287600,81.290600,Asia/Colombo
TUPJ,large_airport,VG,18.445492,-64.541707,America/Tortola
TUPW,medium_airport,VG,18.446634,-64.427932,America/Tortola
TVSA,large_airport,VC,13.159725,-61.148801,America/St_Vincent
TVSB,medium_airport,VC,12.988400,-61.262001,America/St_Vincent
TVSC,medium_airport,VC,12.699000,-61.342400,America/St_Vincent
TVSM,medium_airport,VC,12.887900,-61.180199,America/St_Vincent
TVSU,medium_airport,VC,12.600135,-61.411945,America/St_Vincent
TW-0004,medium_airport,TW,22.705000,120.280998,Asia/Taipei
TWC,small_airport,CN,39.886663,79.233408,Asia/Urumqi
TXKF,large_airport,BM,32.363802,-64.678240,Atlantic/Bermuda
UA-0005,medium_airport,UA,51.088535,31.870995,Europe/Kyiv
UA-0010,medium_airport,UA,45.320000,34.099998,Europe/Simferopol
UA-0012,medium_airport,UA,45.167000,35.182999,Europe/Simferopol
UA-0020,medium_airport,UA,46.880001,35.305000,Europe/Kyiv
UA-0022,medium_airport,UA,44.779764,33.572245,Europe/Simferopol
UA-0025,medium_airport,UA,49.795228,30.024435,Europe/Kyiv
UA-0028,medium_airport,UA,45.639999,28.670000,Europe/Kyiv
UA-0047,medium_airport,UA,47.887000,33.533000,Europe/Kyiv
UA30,medium_airport,KG,40.042899,70.837840,Asia/Bishkek
UAAA,large_airport,KZ,43.354267,77.042828,Asia/Almaty
UAAH,medium_airport,KZ,46.894246,75.004533,Asia/Almaty
UAAL,small_airport,KZ,46.190767,80.830922,Asia/Almaty
UAAT,medium_airport,KZ,45.122550,78.442758,Asia/Almaty
UACC,large_airport,KZ,51.027035,71.467094,Asia/Almaty
UACK,large_airport,KZ,53.329102,69.594597,Asia/Almaty
UACP,large_airport,KZ,54.775622,69.187415,Asia/Almaty
UADD,large_airport,KZ,42.853600,71.303596,Asia/Almaty
UAFI,small_airport,KG,39.824737,69.568820,Asia/Bishkek
UAFM,large_airport,KG,43.061298,74.477600,Asia/Bishkek
UAFO,large_airport,KG,40.609001,72.793297,Asia/Bishkek
UAFP,medium_airport,KG,42.508099,78.407799,Asia/Bishkek
UAFW,medium_airport,KG,42.853199,74.846497,Asia/Bishkek
UAFZ,small_airport,KG,41.410291,74.044418,Asia/Bishkek
UAII,large_airport,KZ,42.365021,69.475640,Asia/Almaty
UAIT,large_airport,KZ,43.311087,68.550352,Asia/Almaty
UAKD,large_airport,KZ,47.708953,67.738094,Asia/Almaty
UAKK,large_airport,KZ,49.670799,73.334396,Asia/Almaty
UAOL,large_airport,KZ,45.621994,63.210773,Asia/Qyzylorda
UAON,medium_airport,KZ,46.052421,63.249185,Asia/Qyzylorda
UAOO,large_airport,KZ,44.706902,65.592499,Asia/Qyzylorda
UARR,large_airport,KZ,51.151976,51.543652,Asia/Oral
UASA,medium_airport,KZ,47.919218,80.452194,Asia/Almaty
UASB,medium_airport,KZ,51.591000,75.214996,Asia/Almaty
UASK,large_airport,KZ,50.035033,82.496057,Asia/Almaty
UASP,large_airport,KZ,52.194982,77.073088,Asia/Almaty
UASS,large_airport,KZ,50.351295,80.234398,Asia/Almaty
UASZ,small_airport,KZ,47.487491,84.887675,Asia/Almaty
UATE,large_airport,KZ,43.860093,51.090860,Asia/Aqtau
UATG,large_airport,KZ,47.121318,51.820343,Asia/Atyrau
UATR,medium_airport,KZ,47.904999,59.619999,Asia/Aqtobe
UATT,large_airport,KZ,50.248116,57.204144,Asia/Aqtobe
UAUU,large_airport,KZ,53.206902,63.550301,Asia/Qostanay
UB12,medium_airport,AZ,40.591599,49.557400,Asia/Baku
UB13,medium_airport,AZ,39.901402,46.786999,Asia/Baku
UB14,medium_airport,AZ,40.273602,48.163601,Asia/Baku
UB18,medium_airport,AZ,40.408409,50.200287,Asia/Baku
UBBB,large_airport,AZ,40.472780,50.050931,Asia/Baku
UBBG,large_airport,AZ,40.738692,46.320383,Asia/Baku
UBBL,small_airport,AZ,38.757919,48.807042,Asia/Baku
UBBN,large_airport,AZ,39.188801,45.458401,Asia/Baku
UBBQ,medium_airport,AZ,40.808617,47.725389,Asia/Baku
UBBY,medium_airport,AZ,41.557823,46.669464,Asia/Baku
UBLC,medium_airport,AZ,39.883787,46.363137,Asia/Baku
UCFL,large_airport,KG,42.585584,76.701181,Asia/Bishkek
UDSG,large_airport,AM,40.750401,43.859299,Asia/Yerevan
UDYE,medium_airport,AM,40.122101,44.465000,Asia/Yerevan
UDYZ,large_airport,AM,40.148941,44.397887,Asia/Yerevan
UEBB,small_airport,RU,67.648003,134.695007,Asia/Vladivostok
UEBS,small_airport,RU,67.792000,130.394000,Asia/Yakutsk
UEBT,small_airport,RU,70.011002,135.645004,Asia/Vladivostok
UEEE,large_airport,RU,62.093300,129.770996,Asia/Yakutsk
UELL,medium_airport,RU,56.913898,124.914001,Asia/Yakutsk
UEMA,medium_airport,RU,66.450861,143.261551,Asia/Srednekolymsk
UEMM,medium_airport,RU,62.103484,129.545288,Asia/Yakutsk
UEMO,medium_airport,RU,60.401833,120.476094,Asia/Yakutsk
UEMT,medium_airport,RU,64.550003,143.115005,Asia/Ust-Nera
UEMU,small_airport,RU,60.356998,134.434998,Asia/Khandyga
UENI,small_airport,RU,63.458057,120.269165,Asia/Yakutsk
UENK,medium_airport,RU,63.884998,122.777000,Asia/Yakutsk
UENS,small_airport,RU,62.185001,117.635002,Asia/Yakutsk
UENW,medium_airport,RU,63.756668,121.693336,Asia/Yakutsk
UERA,medium_airport,RU,65.959198,111.546501,Asia/Yakutsk
UERL,medium_airport,RU,60.720600,114.825996,Asia/Yakutsk
UERP,medium_airport,RU,66.400398,112.029999,Asia/Yakutsk
UERR,medium_airport,RU,62.534698,114.039001,Asia/Yakutsk
UERS,medium_airport,RU,71.927902,114.080002,Asia/Yakutsk
UESG,medium_airport,RU,68.556227,146.227840,Asia/Srednekolymsk
UESK,medium_airport,RU,67.480500,153.736400,Asia/Srednekolymsk
UESO,medium_airport,RU,70.623100,147.901993,Asia/Srednekolymsk
UESS,medium_airport,RU,68.740601,161.337997,Asia/Srednekolymsk
UEST,medium_airport,RU,71.697701,128.903000,Asia/Yakutsk
UESU,medium_airport,RU,65.748500,150.888900,Asia/Srednekolymsk
UEVV,medium_airport,RU,66.796501,123.361000,Asia/Yakutsk
UG-0001,small_airport,UG,-1.283700,29.719700,Africa/Kampala
UG-0002,medium_airport,UG,-0.716500,29.699700,Africa/Kampala
UG0U,medium_airport,GE,43.104000,40.579300,Asia/Tbilisi
UG11,medium_airport,AZ,40.887600,45.957001,Asia/Baku
UG22,medium_airport,GE,41.459202,44.783199,Asia/Tbilisi
UG24,medium_airport,GE,41.649200,44.936401,Asia/Tbilisi
UG27,medium_airport,GE,41.627998,45.030800,Asia/Tbilisi
UG28,medium_airport,GE,41.379501,46.367298,Asia/Tbilisi
UGAM,medium_airport,GE,42.526870,43.135380,Asia/Tbilisi
UGKO,large_airport,GE,42.177448,42.485353,Asia/Tbilisi
UGMS,small_airport,GE,43.053597,42.749012,Asia/Tbilisi
UGSA,small_airport,GE,41.921198,44.714186,Asia/Tbilisi
UGSB,large_airport,GE,41.609390,41.600315,Asia/Tbilisi
UGSS,medium_airport,GE,42.858200,41.128101,Asia/Tbilisi
UGTB,large_airport,GE,41.669201,44.954700,Asia/Tbilisi
UHBB,medium_airport,RU,50.425400,127.412003,Asia/Yakutsk
UHHH,medium_airport,RU,48.528338,135.188588,Asia/Vladivostok
UHKD,medium_airport,RU,50.605598,137.080994,Asia/Vladivostok
UHKG,medium_airport,RU,49.235703,140.193100,Asia/Vladivostok
UHKK,medium_airport,RU,50.409000,136.934006,Asia/Vladivostok
UHKM,medium_airport,RU,48.925067,140.035348,Asia/Vladivostok
UHMA,medium_airport,RU,64.734902,177.740997,Asia/Anadyr
UHMD,medium_airport,RU,64.378098,-173.242996,Asia/Anadyr
UHMF,medium_airport,RU,62.457001,155.744995,Asia/Magadan
UHMG,medium_airport,RU,61.834999,160.548004,Asia/Magadan
UHMH,small_airport,RU,62.764995,148.147014,Asia/Magadan
UHMK,medium_airport,RU,67.845001,166.139999,Asia/Anadyr
UHMM,medium_airport,RU,59.910999,150.720001,Asia/Magadan
UHMN,small_airport,RU,65.239998,160.539993,Asia/Anadyr
UHMO,small_airport,RU,64.665446,170.417626,Asia/Anadyr
UHMP,medium_airport,RU,69.783302,170.597000,Asia/Anadyr
UHMS,medium_airport,RU,62.920780,152.422775,Asia/Magadan
UHMT,medium_airport,RU,59.623299,150.921997,Asia/Magadan
UHMW,medium_airport,RU,61.921786,159.229059,Asia/Magadan
UHNB,small_airport,RU,52.381041,140.449378,Asia/Vladivostok
UHNN,medium_airport,RU,53.154999,140.649994,Asia/Vladivostok
UHOO,medium_airport,RU,59.410065,143.056503,Asia/Vladivostok
UHPK,small_airport,RU,56.238854,162.689989,Asia/Kamchatka
UHPL,medium_airport,RU,59.082064,159.891577,Asia/Kamchatka
UHPP,large_airport,RU,53.168716,158.451068,Asia/Kamchatka
UHSI,small_airport,RU,45.256389,147.955490,Asia/Magadan
UHSK,small_airport,RU,49.190300,142.082993,Asia/Sakhalin
UHSM,small_airport,RU,43.961066,145.684977,Asia/Magadan
UHSN,small_airport,RU,51.783955,143.141785,Asia/Sakhalin
UHSS,large_airport,RU,46.885461,142.717466,Asia/Sakhalin
UHWP,small_airport,RU,44.814999,136.292007,Asia/Vladivostok
UHWW,large_airport,RU,43.396256,132.148155,Asia/Vladivostok
UIAA,large_airport,RU,52.024841,113.305839,Asia/Chita
UIAE,medium_airport,RU,50.033108,118.061142,Asia/Chita
UIBB,medium_airport,RU,56.369600,101.701822,Asia/Irkutsk
UIBV,medium_airport,RU,56.487701,104.106003,Asia/Irkutsk
UIIH,small_airport,RU,53.217869,107.410469,Asia/Irkutsk
UIII,large_airport,RU,52.266707,104.395563,Asia/Irkutsk
UIKB,small_airport,RU,57.866100,114.242996,Asia/Irkutsk
UITT,medium_airport,RU,56.856701,105.730003,Asia/Irkutsk
UIUN,small_airport,RU,55.800800,109.595001,Asia/Irkutsk
UIUU,large_airport,RU,51.808614,107.439652,Asia/Irkutsk
UKBB,medium_airport,UA,50.345001,30.894699,Europe/Kyiv
UKCM,medium_airport,UA,47.076099,37.449600,Europe/Kyiv
UKDB,medium_airport,UA,46.814999,36.758099,Europe/Kyiv
UKDD,medium_airport,UA,48.357201,35.100601,Europe/Kyiv
UKDE,large_airport,UA,47.866962,35.314723,Europe/Kyiv
UKDR,medium_airport,UA,48.043301,33.209999,Europe/Kyiv
UKFB,medium_airport,UA,44.691822,33.574620,Europe/Simferopol
UKFF,large_airport,UA,45.052200,33.975101,Europe/Simferopol
UKFG,medium_airport,UA,45.116192,33.976625,Europe/Simferopol
UKFI,medium_airport,UA,45.090611,33.598536,Europe/Simferopol
UKFY,medium_airport,UA,45.700901,34.418900,Europe/Simferopol
UKHH,medium_airport,UA,49.926943,36.290814,Europe/Kyiv
UKKE,medium_airport,UA,49.415600,31.995300,Europe/Kyiv
UKKK,closed,UA,50.401940,30.451940,Europe/Kyiv
UKKM,medium_airport,UA,50.603500,30.191900,Europe/Kyiv
UKKO,medium_airport,UA,50.158298,28.738300,Europe/Kyiv
UKLH,medium_airport,UA,49.359699,26.933399,Europe/Kyiv
UKLI,medium_airport,UA,48.884201,24.686100,Europe/Kyiv
UKLL,large_airport,UA,49.812500,23.956100,Europe/Kyiv
UKLN,medium_airport,UA,48.259300,25.980801,Europe/Kyiv
UKLR,medium_airport,UA,50.607101,26.141600,Europe/Kyiv
UKLU,large_airport,UA,48.634300,22.263399,Europe/Kyiv
UKOH,medium_airport,UA,46.675800,32.506401,Europe/Kyiv
UKON,closed,UA,47.057899,31.919800,Europe/Kyiv
UKOO,large_airport,UA,46.427196,30.672649,Europe/Kyiv
UKWW,medium_airport,UA,49.242531,28.613778,Europe/Kyiv
ULAA,medium_airport,RU,64.600304,40.716702,Europe/Moscow
ULAH,medium_airport,RU,64.441704,40.421700,Europe/Moscow
ULAL,small_airport,RU,64.896004,45.723000,Europe/Moscow
ULAM,medium_airport,RU,67.639999,53.121899,Europe/Moscow
ULAS,small_airport,RU,65.029996,35.730558,Europe/Moscow
ULDD,medium_airport,RU,69.763298,61.556400,Europe/Moscow
ULKK,medium_airport,RU,61.235802,46.697498,Europe/Moscow
ULLI,large_airport,RU,59.800301,30.262501,Europe/Moscow
ULLP,medium_airport,RU,59.685001,30.338301,Europe/Moscow
ULMM,large_airport,RU,68.781700,32.750801,Europe/Moscow
ULOO,medium_airport,RU,57.781316,28.393840,Europe/Moscow
ULPB,medium_airport,RU,61.885201,34.154701,Europe/Moscow
ULPP,medium_airport,RU,61.831944,34.295555,Europe/Moscow
ULWC,medium_airport,RU,59.273602,38.015800,Europe/Moscow
ULWK,small_airport,RU,59.975717,45.828918,Europe/Moscow
ULWU,medium_airport,RU,60.788300,46.259998,Europe/Moscow
ULWW,medium_airport,RU,59.282501,39.944401,Europe/Moscow
UMBB,large_airport,BY,52.108138,23.896760,Europe/Minsk
UMGG,medium_airport,BY,52.527000,31.016701,Europe/Minsk
UMII,medium_airport,BY,55.126499,30.349600,Europe/Minsk
UMKK,large_airport,RU,54.891610,20.598559,Europe/Kaliningrad
UMMA,medium_airport,BY,53.099998,26.049999,Europe/Minsk
UMMG,medium_airport,BY,53.602001,24.053801,Europe/Minsk
UMMS,large_airport,BY,53.888071,28.039964,Europe/Minsk
UMNB,medium_airport,BY,53.105000,29.205000,Europe/Minsk
UMOO,medium_airport,BY,53.954899,30.095100,Europe/Minsk
UNAA,large_airport,RU,53.740002,91.385002,Asia/Krasnoyarsk
UNAU,small_airport,RU,53.385176,92.044718,Asia/Krasnoyarsk
UNBB,large_airport,RU,53.361285,83.539701,Asia/Barnaul
UNBG,medium_airport,RU,51.969204,85.836539,Asia/Barnaul
UNEE,large_airport,RU,55.270100,86.107201,Asia/Novokuznetsk
UNIB,medium_airport,RU,61.676701,96.355003,Asia/Krasnoyarsk
UNII,medium_airport,RU,58.474201,92.112503,Asia/Krasnoyarsk
UNIP,medium_airport,RU,61.589699,89.994003,Asia/Krasnoyarsk
UNIS,medium_airport,RU,60.373299,93.011703,Asia/Krasnoyarsk
UNIT,small_airport,RU,64.333511,100.432892,Asia/Krasnoyarsk
UNIW,medium_airport,RU,60.356229,102.309641,Asia/Krasnoyarsk
UNKL,large_airport,RU,56.175743,92.485788,Asia/Krasnoyarsk
UNKM,medium_airport,RU,56.177584,92.545881,Asia/Krasnoyarsk
UNKS,medium_airport,RU,56.269185,90.575110,Asia/Krasnoyarsk
UNKY,medium_airport,RU,51.669399,94.400597,Asia/Krasnoyarsk
UNNE,medium_airport,RU,55.092400,83.004501,Asia/Novosibirsk
UNNT,large_airport,RU,55.019756,82.618675,Asia/Novosibirsk
UNOO,large_airport,RU,54.963124,73.312418,Asia/Omsk
UNOS,medium_airport,RU,54.974998,73.555000,Asia/Omsk
UNSS,medium_airport,RU,60.709400,77.660004,Asia/Tomsk
UNTT,large_airport,RU,56.380299,85.208298,Asia/Tomsk
UNWW,medium_airport,RU,53.811401,86.877197,Asia/Novokuznetsk
UODD,medium_airport,RU,73.517807,80.379669,Asia/Krasnoyarsk
UODN,medium_airport,RU,80.803207,47.663586,Europe/Moscow
UOHH,medium_airport,RU,71.978104,102.490997,Asia/Krasnoyarsk
UOIG,medium_airport,RU,66.839996,88.403336,Asia/Krasnoyarsk
UOII,medium_airport,RU,67.437202,86.621902,Asia/Krasnoyarsk
UOOO,large_airport,RU,69.307951,87.325906,Asia/Krasnoyarsk
UOTT,small_airport,RU,65.797203,87.935303,Asia/Krasnoyarsk
URKA,medium_airport,RU,45.002102,37.347301,Europe/Moscow
URKG,medium_airport,RU,44.582093,38.012481,Europe/Moscow
URKK,large_airport,RU,45.034465,39.174215,Europe/Moscow
URMG,large_airport,RU,43.388106,45.699772,Europe/Moscow
URML,large_airport,RU,42.816799,47.652302,Europe/Moscow
URMM,large_airport,RU,44.225101,43.081902,Europe/Moscow
URMN,medium_airport,RU,43.512901,43.636600,Europe/Moscow
URMO,medium_airport,RU,43.205101,44.606602,Europe/Moscow
URMS,medium_airport,RU,43.323268,45.012568,Europe/Moscow
URMT,medium_airport,RU,45.109200,42.112801,Europe/Moscow
UROD,medium_airport,RU,69.375000,86.156670,Asia/Krasnoyarsk
URRP,large_airport,RU,47.493888,39.924722,Europe/Moscow
URRT,medium_airport,RU,47.198333,38.849167,Europe/Moscow
URSS,large_airport,RU,43.449902,39.956600,Europe/Moscow
URWA,large_airport,RU,46.282843,48.010511,Europe/Astrakhan
URWI,medium_airport,RU,46.373901,44.330898,Europe/Moscow
URWW,large_airport,RU,48.781340,44.339194,Europe/Volgograd
US-0719,heliport,US,20.745933,-156.913039,Pacific/Honolulu
US-7494,heliport,US,58.410660,-134.954772,America/Juneau
US-8448,heliport,US,54.134358,-165.778048,America/Nome
US-8450,small_airport,US,61.961690,-162.941944,America/Nome
US-8513,heliport,US,44.876155,-94.371438,America/Chicago
USCC,large_airport,RU,55.303141,61.504927,Asia/Yekaterinburg
USCM,large_airport,RU,53.391991,58.755235,Asia/Yekaterinburg
USDA,medium_airport,RU,71.219167,72.052222,Asia/Yekaterinburg
USDB,medium_airport,RU,70.315278,68.333611,Asia/Yekaterinburg
USDD,medium_airport,RU,66.590797,66.611000,Asia/Yekaterinburg
USDO,small_airport,RU,63.987808,82.050889,Asia/Yekaterinburg
USHB,medium_airport,RU,63.921001,65.030502,Asia/Yekaterinburg
USHH,medium_airport,RU,61.028500,69.086098,Asia/Yekaterinburg
USHL,small_airport,RU,59.725122,65.833281,Asia/Yekaterinburg
USHN,medium_airport,RU,62.110001,65.614998,Asia/Yekaterinburg
USHQ,medium_airport,RU,63.686901,66.698601,Asia/Yekaterinburg
USHS,medium_airport,RU,61.326622,63.601913,Asia/Yekaterinburg
USHU,medium_airport,RU,60.103298,64.826698,Asia/Yekaterinburg
USII,medium_airport,RU,56.834524,53.462172,Europe/Samara
USKK,medium_airport,RU,58.503883,49.347831,Europe/Kirov
USMM,medium_airport,RU,65.480904,72.698898,Asia/Yekaterinburg
USMU,medium_airport,RU,66.069397,76.520302,Asia/Yekaterinburg
USNN,large_airport,RU,60.949299,76.483597,Asia/Yekaterinburg
USPP,large_airport,RU,57.914501,56.021198,Asia/Yekaterinburg
USRK,medium_airport,RU,62.190399,74.533798,Asia/Yekaterinburg
USRN,medium_airport,RU,61.108299,72.650002,Asia/Yekaterinburg
USRO,medium_airport,RU,63.183300,75.269997,Asia/Yekaterinburg
USRR,large_airport,RU,61.340501,73.405782,Asia/Yekaterinburg
USSK,medium_airport,RU,56.701698,60.790001,Asia/Yekaterinburg
USSS,large_airport,RU,56.743099,60.802700,Asia/Yekaterinburg
USTJ,medium_airport,RU,58.059712,68.347997,Asia/Yekaterinburg
USTR,large_airport,RU,57.178984,65.327696,Asia/Yekaterinburg
USUU,medium_airport,RU,55.475300,65.415604,Asia/Yekaterinburg
UT1G,medium_airport,TM,38.012001,58.195000,Asia/Ashgabat
UT1H,closed,TM,39.480598,54.366001,Asia/Ashgabat
UTAA,large_airport,TM,37.986801,58.361000,Asia/Ashgabat
UTAK,medium_airport,TM,40.062833,53.005085,Asia/Ashgabat
UTAM,medium_airport,TM,37.623530,61.895668,Asia/Ashgabat
UTAT,large_airport,TM,41.759853,59.836149,Asia/Ashgabat
UTAV,large_airport,TM,38.930662,63.563982,Asia/Ashgabat
UTDD,large_airport,TJ,38.543746,68.822977,Asia/Dushanbe
UTDK,large_airport,TJ,37.988098,69.805000,Asia/Dushanbe
UTDL,large_airport,TJ,40.215401,69.694702,Asia/Dushanbe
UTDT,large_airport,TJ,37.866315,68.864475,Asia/Dushanbe
UTFN,large_airport,UZ,40.984622,71.557800,Asia/Tashkent
UTKA,medium_airport,UZ,40.727699,72.293999,Asia/Tashkent
UTKF,medium_airport,UZ,40.358799,71.745003,Asia/Tashkent
UTNN,large_airport,UZ,42.488400,59.623299,Asia/Samarkand
UTNU,large_airport,UZ,41.582740,60.643380,Asia/Samarkand
UTSA,medium_airport,UZ,40.117599,65.172658,Asia/Samarkand
UTSB,large_airport,UZ,39.775319,64.482279,Asia/Samarkand
UTSK,small_airport,UZ,38.802246,65.773068,Asia/Samarkand
UTSS,large_airport,UZ,39.701842,66.981467,Asia/Samarkand
UTST,medium_airport,UZ,37.287261,67.311869,Asia/Samarkand
UTTP,medium_airport,UZ,41.312889,69.395535,Asia/Tashkent
UTTT,large_airport,UZ,41.257900,69.281197,Asia/Tashkent
UTTZ,medium_airport,UZ,40.014020,68.411030,Asia/Tashkent
UUBA,medium_airport,RU,57.796902,41.019402,Europe/Moscow
UUBC,medium_airport,RU,54.549999,36.366669,Europe/Moscow
UUBI,medium_airport,RU,56.939400,40.940800,Europe/Moscow
UUBK,medium_airport,RU,58.104198,38.929401,Europe/Moscow
UUBP,medium_airport,RU,53.214403,34.175965,Europe/Moscow
UUBW,large_airport,RU,55.553299,38.150002,Europe/Moscow
UUDD,large_airport,RU,55.408798,37.906300,Europe/Moscow
UUDL,large_airport,RU,57.560699,40.157398,Europe/Moscow
UUEE,large_airport,RU,55.976858,37.411210,Europe/Moscow
UUEM,medium_airport,RU,56.824699,35.757702,Europe/Moscow
UUMT,medium_airport,RU,54.904999,39.026669,Europe/Moscow
UUMU,medium_airport,RU,55.878300,38.061699,Europe/Moscow
UUOB,medium_airport,RU,50.643799,36.590099,Europe/Moscow
UUOK,medium_airport,RU,51.750599,36.295601,Europe/Moscow
UUOL,medium_airport,RU,52.702801,39.537800,Europe/Moscow
UUOO,medium_airport,RU,51.814324,39.230948,Europe/Moscow
UUOT,medium_airport,RU,52.806099,41.482800,Europe/Moscow
UUWW,large_airport,RU,55.591499,37.261501,Europe/Moscow
UUYH,medium_airport,RU,63.566898,53.804699,Europe/Moscow
UUYI,medium_airport,RU,66.053372,60.105786,Europe/Moscow
UUYK,medium_airport,RU,63.823299,57.279999,Europe/Moscow
UUYP,medium_airport,RU,65.121101,57.130798,Europe/Moscow
UUYS,medium_airport,RU,66.004700,57.367199,Europe/Moscow
UUYV,medium_airport,RU,65.031700,53.970001,Europe/Moscow
UUYW,medium_airport,RU,67.488602,63.993099,Europe/Moscow
UUYX,medium_airport,RU,65.437294,52.200336,Europe/Moscow
UUYY,medium_airport,RU,61.646999,50.845100,Europe/Moscow
UWGG,large_airport,RU,56.227351,43.785152,Europe/Moscow
UWKB,medium_airport,RU,54.641184,52.800229,Europe/Moscow
UWKD,large_airport,RU,55.606201,49.278702,Europe/Moscow
UWKE,medium_airport,RU,55.564701,52.092499,Europe/Moscow
UWKG,medium_airport,RU,55.866699,49.133301,Europe/Moscow
UWKJ,medium_airport,RU,56.700600,47.904701,Europe/Moscow
UWKS,medium_airport,RU,56.090302,47.347301,Europe/Moscow
UWLL,medium_airport,RU,54.270160,48.225569,Europe/Ulyanovsk
UWLW,medium_airport,RU,54.401001,48.802700,Europe/Ulyanovsk
UWOH,small_airport,RU,52.077797,59.686542,Asia/Yekaterinburg
UWOO,medium_airport,RU,51.792668,55.457229,Asia/Yekaterinburg
UWOR,medium_airport,RU,51.072498,58.595600,Asia/Yekaterinburg
UWOS,small_airport,RU,50.800721,60.902367,Asia/Yekaterinburg
UWPP,medium_airport,RU,53.110600,45.021099,Europe/Moscow
UWPS,large_airport,RU,54.125130,45.212257,Europe/Moscow
UWSB,medium_airport,RU,51.858299,47.745602,Europe/Saratov
UWSG,large_airport,RU,51.712778,46.171111,Europe/Saratov
UWUU,large_airport,RU,54.557499,55.874401,Asia/Yekaterinburg
UWWB,medium_airport,RU,53.718399,52.371899,Asia/Yekaterinburg
UWWG,medium_airport,RU,53.220001,50.325001,Europe/Samara
UWWW,large_airport,RU,53.504902,50.164299,Europe/Samara
UZR,small_airport,KZ,47.091786,81.668216,Asia/Almaty
VA1G,medium_airport,IN,24.503401,81.220299,Asia/Kolkata
VA1P,small_airport,IN,20.714185,70.921855,Asia/Kolkata
VA2C,medium_airport,IN,21.526817,80.290347,Asia/Kolkata
VAAH,large_airport,IN,23.077200,72.634697,Asia/Kolkata
VAAK,medium_airport,IN,20.698931,77.056883,Asia/Kolkata
VAAU,medium_airport,IN,19.862875,75.396312,Asia/Kolkata
VABB,large_airport,IN,19.088699,72.867897,Asia/Kolkata
VABJ,medium_airport,IN,23.287800,69.670197,Asia/Kolkata
VABM,medium_airport,IN,15.859300,74.618301,Asia/Kolkata
VABO,large_airport,IN,22.336201,73.226303,Asia/Kolkata
VABP,large_airport,IN,23.287500,77.337402,Asia/Kolkata
VABV,medium_airport,IN,21.752199,72.185204,Asia/Kolkata
VADN,medium_airport,IN,20.434401,72.843201,Asia/Kolkata
VAHB,medium_airport,IN,15.361084,75.082096,Asia/Kolkata
VAHS,large_airport,IN,22.378824,71.039391,Asia/Kolkata
VAID,large_airport,IN,22.721404,75.800510,Asia/Kolkata
VAJB,medium_airport,IN,23.177799,80.052002,Asia/Kolkata
VAJL,small_airport,IN,20.962678,75.627492,Asia/Kolkata
VAJM,medium_airport,IN,22.465500,70.012604,Asia/Kolkata
VAKE,medium_airport,IN,23.112700,70.100304,Asia/Kolkata
VAKJ,medium_airport,IN,24.817200,79.918602,Asia/Kolkata
VAKP,medium_airport,IN,16.664700,74.289398,Asia/Kolkata
VAKS,medium_airport,IN,21.317101,70.270401,Asia/Kolkata
VALT,medium_airport,IN,18.411501,76.464699,Asia/Kolkata
VAND,medium_airport,IN,19.183300,77.316704,Asia/Kolkata
VANP,large_airport,IN,21.092199,79.047203,Asia/Kolkata
VAOZ,large_airport,IN,20.119101,73.912903,Asia/Kolkata
VAPO,large_airport,IN,18.582100,73.919701,Asia/Kolkata
VAPR,medium_airport,IN,21.649524,69.656405,Asia/Kolkata
VARG,medium_airport,IN,17.013599,73.327797,Asia/Kolkata
VARK,medium_airport,IN,22.309200,70.779503,Asia/Kolkata
VARP,medium_airport,IN,21.180401,81.738800,Asia/Kolkata
VASD,large_airport,IN,19.689211,74.373655,Asia/Kolkata
VASL,medium_airport,IN,17.628000,75.934799,Asia/Kolkata
VASU,large_airport,IN,21.115531,72.743251,Asia/Kolkata
VAUD,medium_airport,IN,24.617701,73.896103,Asia/Kolkata
VCBI,large_airport,LK,7.180760,79.884102,Asia/Colombo
VCCA,medium_airport,LK,8.301542,80.428480,Asia/Colombo
VCCB,medium_airport,LK,7.705073,81.677163,Asia/Colombo
VCCC,large_airport,LK,6.821638,79.885859,Asia/Colombo
VCCG,medium_airport,LK,7.336745,81.623869,Asia/Colombo
VCCH,medium_airport,LK,8.049810,80.981400,Asia/Colombo
VCCJ,large_airport,LK,9.792330,80.070099,Asia/Colombo
VCCK,medium_airport,LK,5.993680,80.320297,Asia/Colombo
VCCT,medium_airport,LK,8.539159,81.181280,Asia/Colombo
VCRI,medium_airport,LK,6.283878,81.124163,Asia/Colombo
VDBG,medium_airport,KH,13.095600,103.223999,Asia/Phnom_Penh
VDPP,large_airport,KH,11.547155,104.844699,Asia/Phnom_Penh
VDRK,medium_airport,KH,13.730000,106.987000,Asia/Phnom_Penh
VDSA,large_airport,KH,13.369740,104.223831,Asia/Phnom_Penh
VDSV,large_airport,KH,10.570557,103.632067,Asia/Phnom_Penh
VE-0526,medium_airport,VE,12.504223,20.815430,Africa/Ndjamena
VEAN,medium_airport,IN,28.175301,94.802002,Asia/Kolkata
VEAT,medium_airport,IN,23.886999,91.240402,Asia/Kolkata
VEBD,large_airport,IN,26.681200,88.328598,Asia/Kolkata
VEBI,medium_airport,IN,25.703600,91.978699,Asia/Kolkata
VEBN,large_airport,IN,25.452171,82.862549,Asia/Kolkata
VEBS,large_airport,IN,20.251021,85.814747,Asia/Kolkata
VEBU,medium_airport,IN,21.988400,82.111000,Asia/Kolkata
VECC,large_airport,IN,22.654012,88.447650,Asia/Kolkata
VEDB,medium_airport,IN,23.834000,86.425301,Asia/Kolkata
VEDG,medium_airport,IN,23.622500,87.243000,Asia/Kolkata
VEDH,medium_airport,IN,26.192801,85.916901,Asia/Kolkata
VEDO,small_airport,IN,24.446842,86.704955,Asia/Kolkata
VEGK,medium_airport,IN,26.739700,83.449699,Asia/Kolkata
VEGT,large_airport,IN,26.106654,91.585226,Asia/Kolkata
VEGY,medium_airport,IN,24.744301,84.951202,Asia/Kolkata
VEHX,medium_airport,IN,26.698299,89.369102,Asia/Kolkata
VEIM,large_airport,IN,24.760000,93.896698,Asia/Kolkata
VEJH,small_airport,IN,21.913500,84.050400,Asia/Kolkata
VEJS,medium_airport,IN,22.813706,86.168981,Asia/Kolkata
VEJT,medium_airport,IN,26.730456,94.175416,Asia/Kolkata
VEKI,medium_airport,IN,26.776534,83.889214,Asia/Kolkata
VEKR,medium_airport,IN,24.308657,92.007680,Asia/Kolkata
VEKU,medium_airport,IN,24.912901,92.978699,Asia/Kolkata
VELP,medium_airport,IN,23.840599,92.619698,Asia/Kolkata
VELR,medium_airport,IN,27.295682,94.097266,Asia/Kolkata
VEMN,medium_airport,IN,27.483900,95.016899,Asia/Kolkata
VEMR,medium_airport,IN,25.883900,93.771103,Asia/Kolkata
VEMZ,medium_airport,IN,26.119101,85.313698,Asia/Kolkata
VEPH,medium_airport,IN,23.474300,87.427498,Asia/Kolkata
VEPT,medium_airport,IN,25.591299,85.087997,Asia/Kolkata
VERC,medium_airport,IN,23.314301,85.321701,Asia/Kolkata
VERK,medium_airport,IN,22.256571,84.815193,Asia/Kolkata
VETZ,medium_airport,IN,26.709101,92.784698,Asia/Kolkata
VEUK,medium_airport,IN,20.097778,83.183333,Asia/Kolkata
VEVZ,large_airport,IN,17.723506,83.227729,Asia/Kolkata
VEZO,medium_airport,IN,27.588301,93.828102,Asia/Kolkata
VGBR,medium_airport,BD,22.801001,90.301201,Asia/Dhaka
VGCB,medium_airport,BD,21.457517,91.963263,Asia/Dhaka
VGEG,large_airport,BD,22.249599,91.813301,Asia/Dhaka
VGHS,large_airport,BD,23.843347,90.397783,Asia/Dhaka
VGIS,medium_airport,BD,24.152500,89.049400,Asia/Dhaka
VGJR,medium_airport,BD,23.183800,89.160797,Asia/Dhaka
VGRJ,medium_airport,BD,24.437201,88.616501,Asia/Dhaka
VGSD,medium_airport,BD,25.759199,88.908897,Asia/Dhaka
VGSY,large_airport,BD,24.963993,91.864749,Asia/Dhaka
VHHH,large_airport,HK,22.311840,113.914862,Asia/Hong_Kong
VHSK,medium_airport,HK,22.436600,114.080002,Asia/Hong_Kong
VHST,heliport,HK,22.288868,114.152369,Asia/Hong_Kong
VI22,seaplane_base,VI,18.338204,-64.939675,America/St_Thomas
VI32,seaplane_base,VI,17.747908,-64.707928,America/St_Thomas
VIAG,medium_airport,IN,27.157975,77.961025,Asia/Kolkata
VIAH,small_airport,IN,27.861437,78.145404,Asia/Kolkata
VIAL,medium_airport,IN,25.440100,81.733902,Asia/Kolkata
VIAM,medium_airport,IN,30.368099,76.816704,Asia/Kolkata
VIAR,large_airport,IN,31.709600,74.797302,Asia/Kolkata
VIAX,small_airport,IN,31.433800,75.758797,Asia/Kolkata
VIBK,medium_airport,IN,28.070601,73.207199,Asia/Kolkata
VIBR,medium_airport,IN,31.876699,77.154404,Asia/Kolkata
VIBT,medium_airport,IN,30.270100,74.755798,Asia/Kolkata
VIBY,medium_airport,IN,28.422100,79.450798,Asia/Kolkata
VICG,large_airport,IN,30.673500,76.788498,Asia/Kolkata
VICX,medium_airport,IN,26.404301,80.410103,Asia/Kolkata
VIDD,medium_airport,IN,28.585453,77.203563,Asia/Kolkata
VIDN,medium_airport,IN,30.189243,78.176651,Asia/Kolkata
VIDP,large_airport,IN,28.555630,77.095190,Asia/Kolkata
VIDX,small_airport,IN,28.707701,77.358902,Asia/Kolkata
VIGG,medium_airport,IN,32.164902,76.263018,Asia/Kolkata
VIGR,medium_airport,IN,26.293301,78.227798,Asia/Kolkata
VIHR,large_airport,IN,29.186065,75.741420,Asia/Kolkata
VIHX,large_airport,IN,30.748501,75.629799,Asia/Kolkata
VIJO,medium_airport,IN,26.251101,73.048897,Asia/Kolkata
VIJP,large_airport,IN,26.824200,75.812202,Asia/Kolkata
VIJR,medium_airport,IN,26.888700,70.864998,Asia/Kolkata
VIJU,medium_airport,IN,32.688849,74.838152,Asia/Kolkata
VIKG,medium_airport,IN,26.591007,74.812956,Asia/Kolkata
VIKO,medium_airport,IN,25.160200,75.845596,Asia/Kolkata
VILD,medium_airport,IN,30.854700,75.952599,Asia/Kolkata
VILH,medium_airport,IN,34.135899,77.546501,Asia/Kolkata
VILK,large_airport,IN,26.760599,80.889297,Asia/Kolkata
VIMB,medium_airport,IN,28.817460,78.921870,Asia/Kolkata
VIPK,medium_airport,IN,32.233611,75.634444,Asia/Kolkata
VIPT,medium_airport,IN,29.033400,79.473701,Asia/Kolkata
VISA,medium_airport,IN,29.560600,75.006104,Asia/Kolkata
VISR,large_airport,IN,33.987099,74.774200,Asia/Kolkata
VISV,small_airport,IN,27.499732,82.032927,Asia/Kolkata
VIUX,medium_airport,IN,32.902152,75.155709,Asia/Kolkata
VLLB,large_airport,LA,19.904273,102.167191,Asia/Vientiane
VLLN,small_airport,LA,20.966999,101.400002,Asia/Vientiane
VLOS,small_airport,LA,20.682699,101.994003,Asia/Vientiane
VLPS,large_airport,LA,15.133973,105.779871,Asia/Vientiane
VLSK,medium_airport,LA,16.556601,104.760002,Asia/Vientiane
VLSN,medium_airport,LA,20.418400,104.067001,Asia/Vientiane
VLVT,large_airport,LA,17.985052,102.566692,Asia/Vientiane
VLXK,small_airport,LA,19.450001,103.157997,Asia/Vientiane
VMI,medium_airport,PY,-22.159371,-57.942395,America/Asuncion
VMMC,large_airport,MO,22.149599,113.592003,Asia/Macau
VN-0018,large_airport,VN,10.772842,107.040596,Asia/Ho_Chi_Minh
VNBP,small_airport,NP,27.678101,84.429398,Asia/Kathmandu
VNBW,large_airport,NP,27.504636,83.410381,Asia/Kathmandu
VNCG,small_airport,NP,26.570801,88.079597,Asia/Kathmandu
VNDP,small_airport,NP,28.985659,82.818703,Asia/Kathmandu
VNDT,small_airport,NP,29.262226,80.935968,Asia/Kathmandu
VNJL,small_airport,NP,29.274200,82.193298,Asia/Kathmandu
VNJP,medium_airport,NP,26.708799,85.922401,Asia/Kathmandu
VNJS,small_airport,NP,28.780426,83.723000,Asia/Kathmandu
VNKT,large_airport,NP,27.696600,85.359100,Asia/Kathmandu
VNLK,medium_airport,NP,27.686768,86.729479,Asia/Kathmandu
VNNG,medium_airport,NP,28.103600,81.667000,Asia/Kathmandu
VNPK,medium_airport,NP,28.200621,83.981203,Asia/Kathmandu
VNSI,small_airport,NP,27.159803,84.980021,Asia/Kathmandu
VNSK,small_airport,NP,28.586000,81.636002,Asia/Kathmandu
VNSL,small_airport,NP,28.636161,82.450180,Asia/Kathmandu
VNST,small_airport,NP,29.971100,81.818901,Asia/Kathmandu
VNTJ,medium_airport,NP,27.350900,87.695250,Asia/Kathmandu
VNTR,small_airport,NP,27.315001,87.193298,Asia/Kathmandu
VNVT,medium_airport,NP,26.481501,87.264000,Asia/Kathmandu
VO94,medium_airport,IN,7.013040,93.922798,Asia/Kolkata
VOAT,medium_airport,IN,10.823700,72.176003,Asia/Kolkata
VOBG,medium_airport,IN,12.950000,77.668198,Asia/Kolkata
VOBI,medium_airport,IN,15.162800,76.882797,Asia/Kolkata
VOBL,large_airport,IN,13.197900,77.706299,Asia/Kolkata
VOBR,medium_airport,IN,17.908100,77.487099,Asia/Kolkata
VOBZ,large_airport,IN,16.530011,80.804888,Asia/Kolkata
VOCB,large_airport,IN,11.030000,77.043404,Asia/Kolkata
VOCI,large_airport,IN,10.151047,76.400838,Asia/Kolkata
VOCL,large_airport,IN,11.135996,75.955152,Asia/Kolkata
VOCP,medium_airport,IN,14.513154,78.769183,Asia/Kolkata
VOCX,medium_airport,IN,9.153056,92.819273,Asia/Kolkata
VODG,medium_airport,IN,17.627199,78.403397,Asia/Kolkata
VOGA,large_airport,IN,15.744257,73.860625,Asia/Kolkata
VOGB,small_airport,IN,17.308154,76.965246,Asia/Kolkata
VOGO,large_airport,IN,15.380062,73.833328,Asia/Kolkata
VOHS,large_airport,IN,17.231318,78.429855,Asia/Kolkata
VOHY,medium_airport,IN,17.453100,78.467598,Asia/Kolkata
VOKN,large_airport,IN,11.916343,75.544979,Asia/Kolkata
VOKU,medium_airport,IN,15.716288,78.169230,Asia/Kolkata
VOMD,medium_airport,IN,9.834510,78.093399,Asia/Kolkata
VOML,large_airport,IN,12.954710,74.886812,Asia/Kolkata
VOMM,large_airport,IN,12.990005,80.169296,Asia/Kolkata
VOMY,medium_airport,IN,12.229751,76.653683,Asia/Kolkata
VOPB,large_airport,IN,11.640194,92.729020,Asia/Kolkata
VOPC,medium_airport,IN,11.968000,79.812000,Asia/Kolkata
VOPN,medium_airport,IN,14.149300,77.791100,Asia/Kolkata
VORY,medium_airport,IN,17.105799,81.813204,Asia/Kolkata
VOSM,medium_airport,IN,11.783300,78.065598,Asia/Kolkata
VOTK,small_airport,IN,8.724241,78.025803,Asia/Kolkata
VOTP,large_airport,IN,13.631988,79.539869,Asia/Kolkata
VOTR,large_airport,IN,10.762915,78.717741,Asia/Kolkata
VOTV,large_airport,IN,8.481889,76.920029,Asia/Kolkata
VQBT,small_airport,BT,27.562200,90.747100,Asia/Thimphu
VQGP,medium_airport,BT,26.884560,90.464120,Asia/Thimphu
VQPR,large_airport,BT,27.403200,89.424599,Asia/Thimphu
VQTY,small_airport,BT,27.256270,91.514633,Asia/Thimphu
VRAH,small_airport,MV,6.969670,72.896287,Indian/Maldives
VRBK,small_airport,MV,6.630762,73.067815,Indian/Maldives
VRDA,large_airport,MV,5.817407,73.468404,Indian/Maldives
VRMD,small_airport,MV,5.156100,73.130200,Indian/Maldives
VRMG,large_airport,MV,-0.692975,73.152627,Indian/Maldives
VRMH,large_airport,MV,6.743235,73.167072,Indian/Maldives
VRMK,medium_airport,MV,1.859170,73.521896,Indian/Maldives
VRMM,large_airport,MV,4.191830,73.529099,Indian/Maldives
VRMO,small_airport,MV,0.732400,73.433600,Indian/Maldives
VRMT,medium_airport,MV,0.488131,72.996902,Indian/Maldives
VRMV,medium_airport,MV,3.471751,72.832633,Indian/Maldives
VRNT,small_airport,MV,2.211000,73.153300,Indian/Maldives
VRQM,small_airport,MV,0.338085,73.512869,Indian/Maldives
VTBD,large_airport,TH,13.912600,100.607002,Asia/Bangkok
VTBK,medium_airport,TH,14.102000,99.917198,Asia/Bangkok
VTBL,medium_airport,TH,14.874620,100.663397,Asia/Bangkok
VTBO,medium_airport,TH,12.274600,102.319000,Asia/Bangkok
VTBS,large_airport,TH,13.681100,100.747002,Asia/Bangkok
VTBU,large_airport,TH,12.679900,101.004997,Asia/Bangkok
VTCC,large_airport,TH,18.766800,98.962601,Asia/Bangkok
VTCH,medium_airport,TH,19.301300,97.975800,Asia/Bangkok
VTCL,medium_airport,TH,18.270901,99.504204,Asia/Bangkok
VTCN,medium_airport,TH,18.807899,100.782997,Asia/Bangkok
VTCO,small_airport,TH,18.548986,99.012426,Asia/Bangkok
VTCP,medium_airport,TH,18.132200,100.165001,Asia/Bangkok
VTCT,large_airport,TH,19.952299,99.882896,Asia/Bangkok
VTPB,medium_airport,TH,16.676001,101.195000,Asia/Bangkok
VTPH,medium_airport,TH,12.636200,99.951500,Asia/Bangkok
VTPI,medium_airport,TH,15.277300,100.295998,Asia/Bangkok
VTPM,medium_airport,TH,16.699900,98.545097,Asia/Bangkok
VTPO,medium_airport,TH,17.238001,99.818199,Asia/Bangkok
VTPP,medium_airport,TH,16.782900,100.278999,Asia/Bangkok
VTPT,medium_airport,TH,16.896000,99.253304,Asia/Bangkok
VTSB,medium_airport,TH,9.132600,99.135597,Asia/Bangkok
VTSC,medium_airport,TH,6.519920,101.742996,Asia/Bangkok
VTSE,medium_airport,TH,10.711200,99.361702,Asia/Bangkok
VTSF,medium_airport,TH,8.539620,99.944702,Asia/Bangkok
VTSG,large_airport,TH,8.095591,98.988955,Asia/Bangkok
VTSH,medium_airport,TH,7.186560,100.608002,Asia/Bangkok
VTSK,medium_airport,TH,6.785460,101.153999,Asia/Bangkok
VTSM,large_airport,TH,9.547790,100.061996,Asia/Bangkok
VTSN,medium_airport,TH,8.471150,99.955597,Asia/Bangkok
VTSP,large_airport,TH,8.113257,98.317400,Asia/Bangkok
VTSR,medium_airport,TH,9.777620,98.585503,Asia/Bangkok
VTSS,large_airport,TH,6.933210,100.392998,Asia/Bangkok
VTST,medium_airport,TH,7.508740,99.616600,Asia/Bangkok
VTUD,large_airport,TH,17.386186,102.788577,Asia/Bangkok
VTUI,medium_airport,TH,17.195101,104.119003,Asia/Bangkok
VTUJ,medium_airport,TH,14.868300,103.498001,Asia/Bangkok
VTUK,medium_airport,TH,16.466600,102.783997,Asia/Bangkok
VTUL,medium_airport,TH,17.439100,101.722000,Asia/Bangkok
VTUO,medium_airport,TH,15.229500,103.252998,Asia/Bangkok
VTUQ,medium_airport,TH,14.949500,102.313004,Asia/Bangkok
VTUU,medium_airport,TH,15.251300,104.870003,Asia/Bangkok
VTUV,medium_airport,TH,16.116800,103.774002,Asia/Bangkok
VTUW,medium_airport,TH,17.383801,104.642998,Asia/Bangkok
VVBM,medium_airport,VN,12.668300,108.120003,Asia/Ho_Chi_Minh
VVCA,small_airport,VN,15.403300,108.706001,Asia/Ho_Chi_Minh
VVCI,large_airport,VN,20.817428,106.724315,Asia/Bangkok
VVCM,medium_airport,VN,9.177667,105.177778,Asia/Ho_Chi_Minh
VVCR,large_airport,VN,11.998200,109.219002,Asia/Ho_Chi_Minh
VVCS,medium_airport,VN,8.731830,106.633003,Asia/Ho_Chi_Minh
VVCT,large_airport,VN,10.083397,105.709371,Asia/Ho_Chi_Minh
VVDB,medium_airport,VN,21.397499,103.008003,Asia/Bangkok
VVDH,medium_airport,VN,17.515000,106.590556,Asia/Bangkok
VVDL,medium_airport,VN,11.750556,108.366997,Asia/Ho_Chi_Minh
VVDN,large_airport,VN,16.043900,108.198997,Asia/Ho_Chi_Minh
VVGL,medium_airport,VN,21.040501,105.886002,Asia/Bangkok
VVNB,large_airport,VN,21.221201,105.806999,Asia/Bangkok
VVPB,medium_airport,VN,16.400628,107.703094,Asia/Ho_Chi_Minh
VVPC,medium_airport,VN,13.955000,109.042000,Asia/Ho_Chi_Minh
VVPK,medium_airport,VN,14.004500,108.016998,Asia/Ho_Chi_Minh
VVPQ,large_airport,VN,10.169783,103.993530,Asia/Ho_Chi_Minh
VVRG,medium_airport,VN,9.958030,105.132380,Asia/Ho_Chi_Minh
VVTH,medium_airport,VN,13.049600,109.334000,Asia/Ho_Chi_Minh
VVTS,large_airport,VN,10.818800,106.652000,Asia/Ho_Chi_Minh
VVTX,small_airport,VN,19.901667,105.467778,Asia/Bangkok
VVVD,medium_airport,VN,21.120693,107.415390,Asia/Bangkok
VVVH,medium_airport,VN,18.737600,105.670998,Asia/Bangkok
VYBG,small_airport,MM,21.178801,94.930199,Asia/Yangon
VYBM,small_airport,MM,24.270440,97.247600,Asia/Yangon
VYDW,medium_airport,MM,14.103900,98.203598,Asia/Yangon
VYHH,medium_airport,MM,20.747140,96.792029,Asia/Yangon
VYKG,medium_airport,MM,21.301600,99.636002,Asia/Yangon
VYKI,small_airport,MM,25.988300,95.674400,Asia/Yangon
VYKP,medium_airport,MM,19.426399,93.534798,Asia/Yangon
VYKT,medium_airport,MM,10.049300,98.538002,Asia/Yangon
VYLK,medium_airport,MM,19.691500,97.214798,Asia/Yangon
VYLS,medium_airport,MM,22.977900,97.752197,Asia/Yangon
VYMD,large_airport,MM,21.702200,95.977898,Asia/Yangon
VYME,medium_airport,MM,12.439800,98.621498,Asia/Yangon
VYMK,medium_airport,MM,25.383600,97.351898,Asia/Yangon
VYML,medium_airport,MM,20.886400,95.892792,Asia/Yangon
VYMM,small_airport,MM,16.444700,97.660698,Asia/Yangon
VYMO,medium_airport,MM,23.092501,96.645302,Asia/Yangon
VYMS,medium_airport,MM,20.516800,99.256798,Asia/Yangon
VYMW,small_airport,MM,20.165600,94.941399,Asia/Yangon
VYNP,medium_airport,MM,25.354401,97.295197,Asia/Yangon
VYNS,medium_airport,MM,20.890499,97.735901,Asia/Yangon
VYNT,large_airport,MM,19.623501,96.200996,Asia/Yangon
VYPN,small_airport,MM,16.815201,94.779900,Asia/Yangon
VYPT,medium_airport,MM,27.329901,97.426300,Asia/Yangon
VYST,medium_airport,MM,20.941700,95.914497,Asia/Yangon
VYSW,medium_airport,MM,20.133165,92.870693,Asia/Yangon
VYTD,medium_airport,MM,18.460699,94.300102,Asia/Yangon
VYTL,medium_airport,MM,20.483801,99.935402,Asia/Yangon
VYYY,large_airport,MM,16.907301,96.133202,Asia/Yangon
W33,seaplane_base,US,48.537300,-123.010002,America/Los_Angeles
W39,seaplane_base,US,48.610838,-123.160000,America/Los_Angeles
W49,seaplane_base,US,48.645699,-122.867996,America/Los_Angeles
W55,seaplane_base,US,47.629002,-122.338997,America/Los_Angeles
WA09,small_airport,US,48.612301,-123.139000,America/Los_Angeles
WA81,seaplane_base,US,48.516499,-122.917999,America/Los_Angeles
WA83,seaplane_base,US,48.617901,-122.956903,America/Los_Angeles
WAAA,large_airport,ID,-5.075539,119.553702,Asia/Makassar
WABB,medium_airport,ID,-1.190020,136.108002,Asia/Jayapura
WABI,medium_airport,ID,-3.397973,135.393071,Asia/Jayapura
WABO,medium_airport,ID,-1.828420,136.062402,Asia/Jayapura
WABP,medium_airport,ID,-4.529780,136.887388,Asia/Jayapura
WADB,medium_airport,ID,-8.537184,118.685002,Asia/Makassar
WADD,large_airport,ID,-8.748409,115.167123,Asia/Makassar
WADE,small_airport,ID,-8.139292,114.615367,Asia/Makassar
WADL,large_airport,ID,-8.759962,116.278169,Asia/Makassar
WADS,small_airport,ID,-8.489040,117.412003,Asia/Makassar
WADT,small_airport,ID,-9.409224,119.242558,Asia/Makassar
WADW,small_airport,ID,-9.669220,120.302002,Asia/Makassar
WADY,small_airport,ID,-8.310150,114.340100,Asia/Jakarta
WAEE,medium_airport,ID,0.831012,127.381611,Asia/Jayapura
WAEW,medium_airport,ID,2.045990,128.324997,Asia/Jayapura
WAFB,medium_airport,ID,-3.185833,119.917750,Asia/Makassar
WAFD,small_airport,ID,-3.082270,120.244823,Asia/Makassar
WAFF,medium_airport,ID,-0.916462,119.908647,Asia/Makassar
WAFL,small_airport,ID,1.123428,120.793658,Asia/Makassar
WAFP,medium_airport,ID,-1.414121,120.659241,Asia/Makassar
WAFU,small_airport,ID,-0.865437,121.628625,Asia/Makassar
WAFW,medium_airport,ID,-1.035893,122.773934,Asia/Makassar
WAGB,small_airport,ID,-1.025810,114.928810,Asia/Pontianak
WAGF,small_airport,ID,-3.376062,112.536521,Asia/Pontianak
WAGG,medium_airport,ID,-2.227146,113.943388,Asia/Pontianak
WAHI,large_airport,ID,-7.905338,110.057264,Asia/Jakarta
WAHL,medium_airport,ID,-7.645060,109.033997,Asia/Jakarta
WAHU,small_airport,ID,-5.800910,110.478380,Asia/Jakarta
WAJB,small_airport,ID,-3.684550,138.677437,Asia/Jayapura
WAJJ,large_airport,ID,-2.579627,140.519857,Asia/Jayapura
WAJK,small_airport,ID,-4.713481,140.740271,Asia/Jayapura
WAJO,medium_airport,ID,-4.907100,140.627700,Asia/Jayapura
WAJY,small_airport,ID,-0.420096,132.188600,Asia/Jayapura
WAKK,medium_airport,ID,-8.523898,140.419693,Asia/Jayapura
WAKT,medium_airport,ID,-6.096690,140.303521,Asia/Jayapura
WALG,small_airport,ID,2.835833,117.373611,Asia/Makassar
WALJ,small_airport,ID,0.807028,114.529052,Asia/Makassar
WALK,medium_airport,ID,-1.160530,116.711930,Asia/Makassar
WALL,large_airport,ID,-1.268342,116.894520,Asia/Makassar
WALR,medium_airport,ID,3.325145,117.564169,Asia/Makassar
WALS,medium_airport,ID,-0.374478,117.250128,Asia/Makassar
WAMG,small_airport,ID,0.637119,122.849998,Asia/Makassar
WAMH,medium_airport,ID,3.684780,125.527162,Asia/Makassar
WAMI,small_airport,ID,0.888550,124.033634,Asia/Makassar
WAMM,large_airport,ID,1.548591,124.926250,Asia/Makassar
WAMY,small_airport,ID,1.102318,121.413358,Asia/Makassar
WAOC,small_airport,ID,-3.412410,115.995003,Asia/Makassar
WAOI,small_airport,ID,-2.705200,111.672997,Asia/Pontianak
WAOK,small_airport,ID,-3.294796,116.163815,Asia/Makassar
WAON,medium_airport,ID,-2.216560,115.435997,Asia/Makassar
WAOO,large_airport,ID,-3.440112,114.761209,Asia/Makassar
WAOS,small_airport,ID,-2.499198,112.974987,Asia/Pontianak
WAOW,small_airport,ID,-1.469024,113.080984,Asia/Pontianak
WAPF,medium_airport,ID,-5.760278,132.759444,Asia/Jayapura
WAPN,medium_airport,ID,-3.143159,126.976469,Asia/Jayapura
WAPP,large_airport,ID,-3.710260,128.089005,Asia/Jayapura
WAQM,small_airport,ID,3.575256,116.619769,Asia/Makassar
WAQT,medium_airport,ID,2.147760,117.430705,Asia/Makassar
WARA,medium_airport,ID,-7.929099,112.714233,Asia/Jakarta
WARE,small_airport,ID,-8.242494,113.693476,Asia/Jakarta
WARJ,medium_airport,ID,-7.788180,110.431999,Asia/Jakarta
WARQ,large_airport,ID,-7.516044,110.757492,Asia/Jakarta
WARR,large_airport,ID,-7.379830,112.787003,Asia/Jakarta
WARS,large_airport,ID,-6.970732,110.373244,Asia/Jakarta
WASF,medium_airport,ID,-2.920508,132.267011,Asia/Jayapura
WASK,medium_airport,ID,-3.644600,133.695116,Asia/Jayapura
WASN,small_airport,ID,-0.424969,130.773535,Asia/Jayapura
WASO,medium_airport,ID,-2.532240,133.438995,Asia/Jayapura
WASR,medium_airport,ID,-0.891833,134.048996,Asia/Jayapura
WASS,medium_airport,ID,-0.894000,131.287000,Asia/Jayapura
WATA,small_airport,ID,-9.074841,124.903285,Asia/Makassar
WATC,small_airport,ID,-8.639514,122.238135,Asia/Makassar
WATE,small_airport,ID,-8.849114,121.661010,Asia/Makassar
WATG,small_airport,ID,-8.596171,120.478177,Asia/Makassar
WATL,small_airport,ID,-8.274424,123.002000,Asia/Makassar
WATM,small_airport,ID,-8.132340,124.597000,Asia/Makassar
WATO,small_airport,ID,-8.480694,119.888306,Asia/Makassar
WATR,small_airport,ID,-10.765834,123.076046,Asia/Makassar
WATT,medium_airport,ID,-10.171600,123.670998,Asia/Makassar
WAVV,medium_airport,ID,-4.097324,138.952417,Asia/Jayapura
WAWD,medium_airport,ID,-5.292123,123.636233,Asia/Makassar
WAWH,small_airport,ID,-6.179210,120.437479,Asia/Makassar
WAWP,medium_airport,ID,-4.338158,121.524047,Asia/Makassar
WAWW,small_airport,ID,-4.081610,122.417999,Asia/Makassar
WBAK,small_airport,BN,4.635158,114.378748,Asia/Brunei
WBB,small_airport,US,63.515999,-162.278000,America/Nome
WBGB,medium_airport,MY,3.123850,113.019997,Asia/Kuching
WBGF,small_airport,MY,3.421000,115.153999,Asia/Kuching
WBGG,large_airport,MY,1.487364,110.352859,Asia/Kuching
WBGI,small_airport,MY,3.976087,115.067303,Asia/Kuching
WBGJ,medium_airport,MY,4.808300,115.010002,Asia/Kuching
WBGK,medium_airport,MY,2.881944,112.043333,Asia/Kuching
WBGM,medium_airport,MY,4.178734,114.330318,Asia/Kuching
WBGQ,small_airport,MY,3.974000,115.617996,Asia/Kuching
WBGR,medium_airport,MY,4.322010,113.987000,Asia/Kuching
WBGS,medium_airport,MY,2.261600,111.985001,Asia/Kuching
WBGW,small_airport,MY,4.849170,115.407997,Asia/Kuching
WBGZ,medium_airport,MY,3.734648,115.478548,Asia/Kuching
WBKD,medium_airport,MY,5.032410,118.323760,Asia/Kuching
WBKK,large_airport,MY,5.932743,116.049324,Asia/Kuching
WBKL,medium_airport,MY,5.301667,115.248333,Asia/Kuching
WBKM,small_airport,MY,5.402570,118.657630,Asia/Kuching
WBKS,medium_airport,MY,5.900900,118.058998,Asia/Kuching
WBKT,small_airport,MY,6.924111,116.837068,Asia/Kuching
WBKW,medium_airport,MY,4.313380,118.121520,Asia/Kuching
WBMU,medium_airport,MY,4.048330,114.805000,Asia/Kuching
WBSB,large_airport,BN,4.944200,114.928001,Asia/Brunei
WIBB,medium_airport,ID,0.458647,101.444321,Asia/Jakarta
WIBD,medium_airport,ID,1.609026,101.433493,Asia/Jakarta
WIBJ,medium_airport,ID,-0.352808,102.334999,Asia/Jakarta
WICA,medium_airport,ID,-6.647384,108.165561,Asia/Jakarta
WICC,medium_airport,ID,-6.900630,107.575996,Asia/Jakarta
WICN,small_airport,ID,-7.719895,108.488995,Asia/Jakarta
WIDD,large_airport,ID,1.121030,104.119003,Asia/Jakarta
WIDN,medium_airport,ID,0.923970,104.533410,Asia/Jakarta
WIGM,small_airport,ID,-2.541058,101.087651,Asia/Jakarta
WIHH,large_airport,ID,-6.266989,106.890318,Asia/Jakarta
WIII,large_airport,ID,-6.125570,106.655998,Asia/Jakarta
WILL,medium_airport,ID,-5.246803,105.182531,Asia/Jakarta
WIMA,small_airport,ID,5.226680,96.950302,Asia/Jakarta
WIMB,medium_airport,ID,1.166275,97.705196,Asia/Jakarta
WIME,medium_airport,ID,1.400100,99.430496,Asia/Jakarta
WIMK,medium_airport,ID,3.558425,98.672275,Asia/Jakarta
WIMM,large_airport,ID,3.637847,98.870566,Asia/Jakarta
WIMN,small_airport,ID,2.259730,98.991898,Asia/Jakarta
WIMS,medium_airport,ID,1.557127,98.887145,Asia/Jakarta
WIMU,medium_airport,ID,3.391456,97.863726,Asia/Jakarta
WIOD,small_airport,ID,-2.744109,107.754535,Asia/Jakarta
WIOG,medium_airport,ID,-0.348640,111.746155,Asia/Pontianak
WIOK,medium_airport,ID,-1.817165,109.963469,Asia/Pontianak
WION,medium_airport,ID,3.908710,108.388000,Asia/Jakarta
WIOO,large_airport,ID,-0.152258,109.404493,Asia/Pontianak
WIOP,medium_airport,ID,0.834579,112.940217,Asia/Pontianak
WIOS,medium_airport,ID,-0.045214,111.458049,Asia/Pontianak
WIPA,small_airport,ID,-1.638685,103.645063,Asia/Jakarta
WIPI,small_airport,ID,-1.541635,102.181613,Asia/Jakarta
WIPK,medium_airport,ID,-2.162200,106.139000,Asia/Jakarta
WIPL,medium_airport,ID,-3.863700,102.338997,Asia/Jakarta
WIPP,medium_airport,ID,-2.897653,104.698147,Asia/Jakarta
WIPQ,medium_airport,ID,-3.286070,103.879997,Asia/Jakarta
WIPT,large_airport,ID,-0.785964,100.280384,Asia/Jakarta
WITC,medium_airport,ID,4.040998,96.253312,Asia/Jakarta
WITG,small_airport,ID,2.411328,96.327722,Asia/Jakarta
WITK,medium_airport,ID,4.721130,96.851943,Asia/Jakarta
WITL,medium_airport,ID,5.069510,97.259201,Asia/Jakarta
WITT,large_airport,ID,5.525087,95.419970,Asia/Jakarta
WMAP,medium_airport,MY,2.041390,103.306999,Asia/Kuala_Lumpur
WMBT,medium_airport,MY,2.818180,104.160004,Asia/Kuala_Lumpur
WMKA,medium_airport,MY,6.189670,100.398003,Asia/Kuala_Lumpur
WMKB,medium_airport,MY,5.465920,100.390999,Asia/Kuala_Lumpur
WMKC,medium_airport,MY,6.166850,102.292999,Asia/Kuala_Lumpur
WMKD,medium_airport,MY,3.775390,103.209000,Asia/Kuala_Lumpur
WMKE,medium_airport,MY,4.537220,103.427002,Asia/Kuala_Lumpur
WMKI,large_airport,MY,4.567330,101.091643,Asia/Kuala_Lumpur
WMKJ,large_airport,MY,1.641310,103.669998,Asia/Kuala_Lumpur
WMKK,large_airport,MY,2.745580,101.709999,Asia/Kuala_Lumpur
WMKL,large_airport,MY,6.329730,99.728699,Asia/Kuala_Lumpur
WMKM,medium_airport,MY,2.265613,102.252778,Asia/Kuala_Lumpur
WMKN,medium_airport,MY,5.382640,103.102997,Asia/Kuala_Lumpur
WMKP,large_airport,MY,5.296303,100.276185,Asia/Kuala_Lumpur
WMPA,small_airport,MY,4.244720,100.553001,Asia/Kuala_Lumpur
WMSA,large_airport,MY,3.130580,101.549004,Asia/Kuala_Lumpur
WN07,small_airport,US,48.500171,-122.813973,America/Los_Angeles
WPAS,small_airport,ID,-7.848354,131.337068,Asia/Jayapura
WPDB,medium_airport,TL,-9.301856,125.286302,Asia/Dili
WPDL,large_airport,TL,-8.546562,125.524507,Asia/Dili
WPEC,medium_airport,TL,-8.486479,126.399981,Asia/Dili
WPOC,large_airport,TL,-9.198419,124.337873,Asia/Dili
WRLB,small_airport,ID,3.900495,115.690089,Asia/Makassar
WRLC,small_airport,ID,0.121656,117.476558,Asia/Makassar
WRLP,small_airport,ID,1.706932,114.969934,Asia/Makassar
WSAC,medium_airport,SG,1.344140,104.009003,Asia/Singapore
WSAG,medium_airport,SG,1.425260,103.813004,Asia/Singapore
WSAP,medium_airport,SG,1.360420,103.910004,Asia/Singapore
WSAT,medium_airport,SG,1.387561,103.708291,Asia/Singapore
WSJ,seaplane_base,US,57.730400,-153.320999,America/Anchorage
WSSL,medium_airport,SG,1.415550,103.866730,Asia/Singapore
WSSS,large_airport,SG,1.350190,103.994003,Asia/Singapore
WWT,seaplane_base,US,60.935000,-164.626700,America/Nome
XP-0003,small_airport,XP,16.832800,112.344002,Asia/Shanghai
XRMU,medium_airport,RU,43.298100,45.784100,Europe/Moscow
XRWL,medium_airport,RU,50.201698,45.208302,Europe/Volgograd
YABA,medium_airport,AU,-34.943333,117.808889,Australia/Perth
YAJ,seaplane_base,CA,48.795274,-123.181801,America/Vancouver
YAMB,medium_airport,AU,-27.635381,152.711223,Australia/Brisbane
YAQ,seaplane_base,CA,48.816700,-123.608400,America/Vancouver
YARA,medium_airport,AU,-37.309978,142.988688,Australia/Melbourne
YARM,medium_airport,AU,-30.528099,151.617004,Australia/Sydney
YAUR,small_airport,AU,-13.354019,141.720028,Australia/Brisbane
YAYE,medium_airport,AU,-25.185913,130.977030,Australia/Darwin
YBAR,medium_airport,AU,-23.566268,145.302086,Australia/Brisbane
YBAS,medium_airport,AU,-23.806588,133.903427,Australia/Darwin
YBAU,small_airport,AU,-10.149550,142.173665,Australia/Brisbane
YBBN,large_airport,AU,-27.384199,153.117004,Australia/Brisbane
YBCG,large_airport,AU,-28.165962,153.506641,Australia/Sydney
YBCK,medium_airport,AU,-24.431678,145.429716,Australia/Brisbane
YBCS,large_airport,AU,-16.878921,145.749480,Australia/Brisbane
YBCV,medium_airport,AU,-26.413300,146.261993,Australia/Brisbane
YBDG,small_airport,AU,-36.739399,144.330002,Australia/Melbourne
YBDV,medium_airport,AU,-25.897499,139.348007,Australia/Brisbane
YBHI,medium_airport,AU,-32.001400,141.472000,Australia/Broken_Hill
YBHM,medium_airport,AU,-20.358101,148.951996,Australia/Lindeman
YBIE,medium_airport,AU,-24.346100,139.460007,Australia/Brisbane
YBKE,medium_airport,AU,-30.039200,145.951996,Australia/Sydney
YBKT,small_airport,AU,-17.748600,139.533997,Australia/Brisbane
YBLA,medium_airport,AU,-36.551899,146.007004,Australia/Melbourne
YBLN,small_airport,AU,-33.687222,115.400278,Australia/Perth
YBMA,medium_airport,AU,-20.666380,139.488468,Australia/Brisbane
YBMK,medium_airport,AU,-21.170816,149.182588,Australia/Brisbane
YBNA,medium_airport,AU,-28.833236,153.561471,Australia/Sydney
YBNS,medium_airport,AU,-37.887539,147.569379,Australia/Melbourne
YBOI,small_airport,AU,-9.232780,142.218002,Australia/Brisbane
YBOK,medium_airport,AU,-27.409262,151.736727,Australia/Brisbane
YBOU,medium_airport,AU,-22.913300,139.899994,Australia/Brisbane
YBPN,medium_airport,AU,-20.494416,148.553583,Australia/Brisbane
YBQ,seaplane_base,CA,48.970000,-123.664000,America/Vancouver
YBRK,medium_airport,AU,-23.380019,150.475359,Australia/Brisbane
YBRM,large_airport,AU,-17.949194,122.228300,Australia/Perth
YBRN,medium_airport,AU,-34.624834,143.577114,Australia/Sydney
YBRW,medium_airport,AU,-29.975792,146.814380,Australia/Sydney
YBSU,large_airport,AU,-26.593324,153.083190,Australia/Brisbane
YBTH,medium_airport,AU,-33.406817,149.651161,Australia/Sydney
YBTI,medium_airport,AU,-11.764966,130.615774,Australia/Darwin
YBTL,medium_airport,AU,-19.252904,146.766512,Australia/Brisbane
YBTR,medium_airport,AU,-23.603100,148.807007,Australia/Brisbane
YBUD,medium_airport,AU,-24.905039,152.322612,Australia/Brisbane
YBWP,medium_airport,AU,-12.677493,141.922618,Australia/Brisbane
YBWW,large_airport,AU,-27.558332,151.793335,Australia/Brisbane
YCAR,medium_airport,AU,-24.884337,113.666393,Australia/Perth
YCBA,medium_airport,AU,-31.538300,145.794006,Australia/Sydney
YCBB,medium_airport,AU,-31.332500,149.266998,Australia/Sydney
YCBP,medium_airport,AU,-29.038312,134.722166,Australia/Adelaide
YCCA,medium_airport,AU,-26.771947,150.617571,Australia/Brisbane
YCCT,small_airport,AU,-10.050139,143.070007,Australia/Brisbane
YCCY,medium_airport,AU,-20.668600,140.503998,Australia/Brisbane
YCDU,medium_airport,AU,-32.130600,133.710007,Australia/Adelaide
YCEE,medium_airport,AU,-33.709702,136.505005,Australia/Adelaide
YCFS,medium_airport,AU,-30.320601,153.115997,Australia/Sydney
YCHK,small_airport,AU,-22.354302,119.642603,Australia/Perth
YCIN,medium_airport,AU,-17.581389,123.828333,Australia/Perth
YCKN,medium_airport,AU,-15.443649,145.183221,Australia/Brisbane
YCMT,medium_airport,AU,-22.773100,147.621002,Australia/Brisbane
YCMU,medium_airport,AU,-28.030001,145.621994,Australia/Brisbane
YCNM,medium_airport,AU,-30.980946,148.377833,Australia/Sydney
YCOE,medium_airport,AU,-13.761133,143.113311,Australia/Brisbane
YCOM,medium_airport,AU,-36.300445,148.972408,Australia/Sydney
YCOR,medium_airport,AU,-35.994701,146.356995,Australia/Sydney
YCRG,medium_airport,AU,-36.182800,147.888000,Australia/Melbourne
YCTM,medium_airport,AU,-34.624283,148.036641,Australia/Sydney
YCWR,medium_airport,AU,-33.846894,148.648007,Australia/Sydney
YDBI,medium_airport,AU,-28.587912,148.217161,Australia/Brisbane
YDBY,medium_airport,AU,-17.371930,123.662210,Australia/Perth
YDLQ,medium_airport,AU,-35.559399,144.945999,Australia/Sydney
YDMG,small_airport,AU,-17.940300,138.822006,Australia/Brisbane
YDNI,small_airport,AU,-9.579176,143.780276,Australia/Brisbane
YDPO,medium_airport,AU,-41.169701,146.429993,Australia/Hobart
YDYS,medium_airport,AU,-22.622200,148.363998,Australia/Brisbane
YE-0012,large_airport,YE,13.296941,43.231858,Asia/Aden
YECH,medium_airport,AU,-36.157200,144.761993,Australia/Melbourne
YELD,medium_airport,AU,-12.019400,135.570999,Australia/Darwin
YEML,medium_airport,AU,-23.567499,148.179001,Australia/Brisbane
YESP,medium_airport,AU,-33.684399,121.822998,Australia/Perth
YEWA,medium_airport,AU,-22.428395,116.887879,Australia/Perth
YFBS,medium_airport,AU,-33.363602,147.934998,Australia/Sydney
YFLI,small_airport,AU,-40.091702,147.992996,Australia/Hobart
YFRT,medium_airport,AU,-30.836620,128.112811,Australia/Perth
YFTZ,medium_airport,AU,-18.183596,125.559783,Australia/Perth
YGDH,medium_airport,AU,-30.957511,150.248981,Australia/Sydney
YGDO,small_airport,AU,-35.050500,149.255900,Australia/Sydney
YGEL,medium_airport,AU,-28.796101,114.707001,Australia/Perth
YGFN,medium_airport,AU,-29.754795,153.031234,Australia/Sydney
YGLA,medium_airport,AU,-23.869763,151.225439,Australia/Brisbane
YGLB,medium_airport,AU,-34.810299,149.725998,Australia/Sydney
YGLI,medium_airport,AU,-29.676029,151.691156,Australia/Sydney
YGN,seaplane_base,CA,50.839000,-126.775000,America/Vancouver
YGPT,medium_airport,AU,-11.399686,130.425568,Australia/Darwin
YGTE,medium_airport,AU,-13.972405,136.458553,Australia/Darwin
YGTH,medium_airport,AU,-34.250801,146.067001,Australia/Sydney
YHAY,medium_airport,AU,-34.531399,144.830002,Australia/Sydney
YHBA,medium_airport,AU,-25.320127,152.880662,Australia/Brisbane
YHID,medium_airport,AU,-10.585636,142.292770,Australia/Brisbane
YHLC,medium_airport,AU,-18.233900,127.669998,Australia/Perth
YHML,medium_airport,AU,-37.648899,142.065002,Australia/Melbourne
YHOO,small_airport,AU,-18.336700,130.638000,Australia/Darwin
YHOT,medium_airport,AU,-37.047501,147.334000,Australia/Melbourne
YHPN,medium_airport,AU,-35.715302,142.360001,Australia/Melbourne
YHSM,medium_airport,AU,-36.669701,142.173004,Australia/Melbourne
YHUG,small_airport,AU,-20.815001,144.225006,Australia/Brisbane
YIVL,medium_airport,AU,-29.888300,151.143997,Australia/Sydney
YJLC,small_airport,AU,-20.668301,141.723007,Australia/Brisbane
YKAR,small_airport,AU,-29.217223,116.687154,Australia/Perth
YKBR,small_airport,AU,-27.692813,114.259169,Australia/Perth
YKER,medium_airport,AU,-35.751400,143.938995,Australia/Melbourne
YKII,medium_airport,AU,-39.877499,143.878006,Australia/Hobart
YKKG,small_airport,AU,-17.431900,130.807999,Australia/Darwin
YKMB,small_airport,AU,-17.456699,140.830002,Australia/Brisbane
YKMP,medium_airport,AU,-31.072320,152.765313,Australia/Sydney
YKOW,medium_airport,AU,-15.485369,141.752572,Australia/Brisbane
YKRY,medium_airport,AU,-26.581077,151.839927,Australia/Brisbane
YKSC,medium_airport,AU,-35.713902,137.520996,Australia/Adelaide
YKUB,small_airport,AU,-10.226480,142.219619,Australia/Brisbane
YLEC,medium_airport,AU,-30.598301,138.425995,Australia/Adelaide
YLEO,medium_airport,AU,-28.878099,121.315002,Australia/Perth
YLEV,small_airport,AU,-12.498900,135.806000,Australia/Darwin
YLHI,small_airport,AU,-31.538204,159.075460,Australia/Lord_Howe
YLHR,medium_airport,AU,-12.786900,143.304993,Australia/Brisbane
YLIS,medium_airport,AU,-28.830689,153.258419,Australia/Sydney
YLRD,medium_airport,AU,-29.452857,147.977146,Australia/Sydney
YLRE,medium_airport,AU,-23.434200,144.279999,Australia/Brisbane
YLST,medium_airport,AU,-27.843300,120.703003,Australia/Perth
YLTN,small_airport,AU,-28.614267,122.428673,Australia/Perth
YLTV,medium_airport,AU,-38.211004,146.470817,Australia/Melbourne
YMAA,small_airport,AU,-9.950168,142.195230,Australia/Brisbane
YMAE,small_airport,AU,-9.915105,144.054644,Australia/Brisbane
YMAV,large_airport,AU,-38.040269,144.467196,Australia/Melbourne
YMAY,medium_airport,AU,-36.066758,146.959148,Australia/Sydney
YMBA,medium_airport,AU,-17.070277,145.424228,Australia/Brisbane
YMDG,medium_airport,AU,-32.564794,149.609452,Australia/Sydney
YMEK,medium_airport,AU,-26.611700,118.547997,Australia/Perth
YMEN,medium_airport,AU,-37.728100,144.901993,Australia/Melbourne
YMER,medium_airport,AU,-36.908600,149.901001,Australia/Sydney
YMES,medium_airport,AU,-38.098900,147.149002,Australia/Melbourne
YMGB,small_airport,AU,-12.094400,134.893997,Australia/Darwin
YMGD,medium_airport,AU,-12.056100,134.233994,Australia/Darwin
YMHB,large_airport,AU,-42.837032,147.513022,Australia/Hobart
YMHU,small_airport,AU,-16.442499,136.084000,Australia/Darwin
YMIA,medium_airport,AU,-34.229198,142.085999,Australia/Melbourne
YMLT,medium_airport,AU,-41.544935,147.210785,Australia/Hobart
YMMB,medium_airport,AU,-37.977765,145.099799,Australia/Melbourne
YMML,large_airport,AU,-37.670732,144.837898,Australia/Melbourne
YMNE,medium_airport,AU,-27.287330,120.554937,Australia/Perth
YMOG,medium_airport,AU,-28.116100,117.842003,Australia/Perth
YMOR,medium_airport,AU,-29.498899,149.845001,Australia/Sydney
YMRB,medium_airport,AU,-22.057800,148.076996,Australia/Brisbane
YMRE,medium_airport,AU,-29.663300,138.065002,Australia/Adelaide
YMRY,medium_airport,AU,-35.897800,150.143997,Australia/Sydney
YMTG,medium_airport,AU,-37.744382,140.780561,Australia/Adelaide
YMTI,small_airport,AU,-16.662500,139.177994,Australia/Brisbane
YNAR,medium_airport,AU,-34.702202,146.511993,Australia/Sydney
YNBR,medium_airport,AU,-30.319201,149.826996,Australia/Sydney
YNGU,medium_airport,AU,-14.722800,134.746994,Australia/Darwin
YNPE,small_airport,AU,-10.946194,142.455081,Australia/Brisbane
YNRM,medium_airport,AU,-32.214699,148.225006,Australia/Sydney
YNTN,medium_airport,AU,-17.684090,141.069664,Australia/Brisbane
YNWN,medium_airport,AU,-23.417801,119.803001,Australia/Perth
YOLD,small_airport,AU,-30.483861,136.876699,Australia/Adelaide
YORG,medium_airport,AU,-33.382014,149.131262,Australia/Sydney
YPAD,large_airport,AU,-34.947512,138.533393,Australia/Adelaide
YPAG,medium_airport,AU,-32.506901,137.716995,Australia/Adelaide
YPAM,small_airport,AU,-18.755301,146.580994,Australia/Brisbane
YPBO,medium_airport,AU,-23.171101,117.745003,Australia/Perth
YPCC,large_airport,CC,-12.192218,96.834103,Indian/Cocos
YPDN,large_airport,AU,-12.414970,130.881850,Australia/Darwin
YPEA,medium_airport,AU,-31.667801,116.014999,Australia/Perth
YPED,medium_airport,AU,-34.705705,138.615564,Australia/Adelaide
YPGV,medium_airport,AU,-12.269400,136.817993,Australia/Darwin
YPIR,medium_airport,AU,-33.238899,137.994995,Australia/Adelaide
YPJT,medium_airport,AU,-32.097500,115.880997,Australia/Perth
YPKA,medium_airport,AU,-20.712200,116.773003,Australia/Perth
YPKG,medium_airport,AU,-30.791543,121.464586,Australia/Perth
YPKS,medium_airport,AU,-33.131401,148.238998,Australia/Sydney
YPKT,medium_airport,AU,-14.249701,129.529538,Australia/Darwin
YPKU,medium_airport,AU,-15.778100,128.707993,Australia/Perth
YPLC,medium_airport,AU,-34.605301,135.880005,Australia/Adelaide
YPLM,medium_airport,AU,-22.235201,114.090024,Australia/Perth
YPMH,small_airport,AU,-29.716000,135.524400,Australia/Adelaide
YPMP,small_airport,AU,-14.896451,141.609080,Australia/Brisbane
YPMQ,medium_airport,AU,-31.435801,152.863007,Australia/Sydney
YPOD,medium_airport,AU,-38.318100,141.470993,Australia/Melbourne
YPPD,large_airport,AU,-20.382787,118.629789,Australia/Perth
YPPH,large_airport,AU,-31.940300,115.967003,Australia/Perth
YPTN,medium_airport,AU,-14.521100,132.378006,Australia/Darwin
YPXM,medium_airport,CX,-10.450387,105.691100,Indian/Christmas
YQLP,medium_airport,AU,-26.609176,144.253746,Australia/Brisbane
YREN,medium_airport,AU,-34.196400,140.673996,Australia/Adelaide
YRMD,small_airport,AU,-20.701900,143.115005,Australia/Brisbane
YRNG,small_airport,AU,-12.356400,134.897995,Australia/Darwin
YROM,medium_airport,AU,-26.545000,148.774994,Australia/Brisbane
YSBK,medium_airport,AU,-33.923618,150.990792,Australia/Sydney
YSCB,medium_airport,AU,-35.306900,149.195007,Australia/Sydney
YSCN,medium_airport,AU,-34.038338,150.686406,Australia/Sydney
YSDU,medium_airport,AU,-32.216702,148.574997,Australia/Sydney
YSGE,small_airport,AU,-28.049700,148.595001,Australia/Brisbane
YSHK,medium_airport,AU,-25.897294,113.575802,Australia/Perth
YSHL,medium_airport,AU,-34.561100,150.789001,Australia/Sydney
YSHT,medium_airport,AU,-36.428341,145.391473,Australia/Melbourne
YSII,small_airport,AU,-9.378330,142.625000,Australia/Brisbane
YSMI,medium_airport,AU,-40.834999,145.084000,Australia/Hobart
YSNB,medium_airport,AU,-11.417674,130.648481,Australia/Darwin
YSNF,medium_airport,NF,-29.041759,167.939474,Pacific/Norfolk
YSNW,medium_airport,AU,-34.946600,150.542451,Australia/Sydney
YSRI,medium_airport,AU,-33.604652,150.783051,Australia/Sydney
YSSY,large_airport,AU,-33.946098,151.177002,Australia/Sydney
YSTW,medium_airport,AU,-31.077898,150.845484,Australia/Sydney
YSWG,medium_airport,AU,-35.163484,147.468320,Australia/Sydney
YSWH,medium_airport,AU,-35.375801,143.533005,Australia/Melbourne
YSWL,medium_airport,AU,-37.071701,142.740997,Australia/Melbourne
YTEF,medium_airport,AU,-21.715000,122.228996,Australia/Perth
YTEM,medium_airport,AU,-34.421398,147.511993,Australia/Sydney
YTGM,medium_airport,AU,-27.986368,143.812065,Australia/Brisbane
YTIB,medium_airport,AU,-29.451099,142.057999,Australia/Sydney
YTMU,medium_airport,AU,-35.268320,148.240526,Australia/Sydney
YTNG,medium_airport,AU,-24.494863,150.577967,Australia/Brisbane
YTNK,medium_airport,AU,-19.634399,134.182999,Australia/Darwin
YTRE,medium_airport,AU,-31.888599,152.514008,Australia/Sydney
YWBS,small_airport,AU,-10.208300,142.824997,Australia/Brisbane
YWDH,medium_airport,AU,-25.410641,142.668428,Australia/Brisbane
YWGT,medium_airport,AU,-36.417914,146.306896,Australia/Melbourne
YWHA,medium_airport,AU,-33.058899,137.514008,Australia/Adelaide
YWKB,medium_airport,AU,-36.321098,142.419006,Australia/Melbourne
YWLG,medium_airport,AU,-30.032801,148.126007,Australia/Sydney
YWLM,large_airport,AU,-32.796114,151.835025,Australia/Sydney
YWLU,medium_airport,AU,-26.629200,120.221001,Australia/Perth
YWMC,medium_airport,AU,-28.905854,136.340600,Australia/Adelaide
YWRN,medium_airport,AU,-31.733299,147.802994,Australia/Sydney
YWSL,medium_airport,AU,-38.090827,146.965335,Australia/Melbourne
YWTN,medium_airport,AU,-22.363600,143.085999,Australia/Brisbane
YWWL,medium_airport,AU,-33.937199,147.190994,Australia/Sydney
YWYY,medium_airport,AU,-40.997039,145.726000,Australia/Hobart
YYKI,small_airport,AU,-9.752801,143.405673,Australia/Brisbane
YYMI,small_airport,AU,-9.899187,142.774265,Australia/Brisbane
YYNG,medium_airport,AU,-34.255576,148.247118,Australia/Sydney
Z13,small_airport,US,60.913809,-161.493329,America/Anchorage
Z19O,medium_airport,LB,34.281226,35.680096,Asia/Beirut
Z91,small_airport,US,66.274002,-145.824005,America/Anchorage
ZBAA,large_airport,CN,40.077349,116.596702,Asia/Shanghai
ZBAD,large_airport,CN,39.501289,116.413967,Asia/Shanghai
ZBBB,medium_airport,CN,39.958592,116.256765,Asia/Shanghai
ZBCD,medium_airport,CN,41.122500,118.073889,Asia/Shanghai
ZBCF,medium_airport,CN,42.159723,118.840971,Asia/Shanghai
ZBCZ,small_airport,CN,36.247501,113.125999,Asia/Shanghai
ZBDH,medium_airport,CN,39.666384,119.061384,Asia/Shanghai
ZBDS,large_airport,CN,39.493514,109.859900,Asia/Shanghai
ZBDT,large_airport,CN,40.061390,113.480509,Asia/Shanghai
ZBER,medium_airport,CN,43.424079,112.091081,Asia/Shanghai
ZBES,medium_airport,CN,47.310600,119.911700,Asia/Shanghai
ZBHD,medium_airport,CN,36.524824,114.424126,Asia/Shanghai
ZBHH,large_airport,CN,40.849658,111.824598,Asia/Shanghai
ZBHZ,medium_airport,CN,45.487222,119.407222,Asia/Shanghai
ZBLA,large_airport,CN,49.208616,119.822301,Asia/Shanghai
ZBLF,medium_airport,CN,36.132629,111.641236,Asia/Shanghai
ZBLL,medium_airport,CN,37.683333,111.142778,Asia/Shanghai
ZBMZ,medium_airport,CN,49.566667,117.330000,Asia/Shanghai
ZBOW,large_airport,CN,40.560001,109.997002,Asia/Shanghai
ZBSG,medium_airport,CN,39.273241,112.691552,Asia/Shanghai
ZBSJ,large_airport,CN,38.280701,114.696999,Asia/Shanghai
ZBSN,small_airport,CN,39.717800,118.002625,Asia/Shanghai
ZBTJ,large_airport,CN,39.124401,117.346001,Asia/Shanghai
ZBTL,medium_airport,CN,43.556702,122.199997,Asia/Shanghai
ZBUC,medium_airport,CN,41.130266,113.107274,Asia/Shanghai
ZBUH,medium_airport,CN,39.793400,106.799300,Asia/Shanghai
ZBUL,small_airport,CN,46.195333,122.008333,Asia/Shanghai
ZBUT,small_airport,CN,41.694354,108.378439,Asia/Shanghai
ZBXH,medium_airport,CN,43.915600,115.963997,Asia/Shanghai
ZBXZ,small_airport,CN,38.597456,112.969173,Asia/Shanghai
ZBYC,large_airport,CN,35.117823,111.034023,Asia/Shanghai
ZBYN,large_airport,CN,37.746899,112.627998,Asia/Shanghai
ZBYZ,medium_airport,CN,40.926358,107.740930,Asia/Shanghai
ZBZJ,medium_airport,CN,40.738664,114.933395,Asia/Shanghai
ZBZL,medium_airport,CN,47.865942,122.768662,Asia/Shanghai
ZGBH,medium_airport,CN,21.538659,109.293683,Asia/Shanghai
ZGBS,medium_airport,CN,23.720600,106.959999,Asia/Shanghai
ZGCD,medium_airport,CN,28.918900,111.639999,Asia/Shanghai
ZGCJ,medium_airport,CN,27.443087,109.704666,Asia/Shanghai
ZGCZ,medium_airport,CN,25.753419,112.845404,Asia/Shanghai
ZGDY,large_airport,CN,29.104749,110.442786,Asia/Shanghai
ZGFS,medium_airport,CN,23.082500,113.070833,Asia/Shanghai
ZGGG,large_airport,CN,23.392401,113.299004,Asia/Shanghai
ZGHA,large_airport,CN,28.189199,113.220001,Asia/Shanghai
ZGHC,medium_airport,CN,24.804344,107.710819,Asia/Shanghai
ZGHY,small_airport,CN,26.722080,112.617958,Asia/Shanghai
ZGHZ,medium_airport,CN,23.049999,114.599998,Asia/Shanghai
ZGKL,large_airport,CN,25.219828,110.039553,Asia/Shanghai
ZGLG,medium_airport,CN,26.338661,111.610043,Asia/Shanghai
ZGMX,small_airport,CN,24.263425,116.097857,Asia/Shanghai
ZGNN,large_airport,CN,22.598071,108.181922,Asia/Shanghai
ZGOW,large_airport,CN,23.552000,116.503300,Asia/Shanghai
ZGSD,large_airport,CN,22.006399,113.375999,Asia/Shanghai
ZGSY,medium_airport,CN,26.806123,110.641042,Asia/Shanghai
ZGSZ,large_airport,CN,22.639474,113.803262,Asia/Shanghai
ZGWZ,medium_airport,CN,23.403160,111.093310,Asia/Shanghai
ZGXX,small_airport,CN,28.497200,109.521800,Asia/Shanghai
ZGYL,medium_airport,CN,22.433042,110.119996,Asia/Shanghai
ZGYY,medium_airport,CN,29.311699,113.281574,Asia/Shanghai
ZGZH,medium_airport,CN,24.207500,109.390999,Asia/Shanghai
ZGZJ,large_airport,CN,21.481667,110.590278,Asia/Shanghai
ZHCC,large_airport,CN,34.526497,113.849165,Asia/Shanghai
ZHEC,large_airport,CN,30.341178,115.039260,Asia/Shanghai
ZHES,medium_airport,CN,30.320299,109.485001,Asia/Shanghai
ZHGH,medium_airport,CN,32.388660,111.694250,Asia/Shanghai
ZHHH,large_airport,CN,30.774798,114.213723,Asia/Shanghai
ZHJZ,medium_airport,CN,30.292810,112.448540,Asia/Shanghai
ZHLY,large_airport,CN,34.741100,112.388000,Asia/Shanghai
ZHNY,small_airport,CN,32.982696,112.617467,Asia/Shanghai
ZHQQ,small_airport,CN,35.870833,114.461944,Asia/Shanghai
ZHSN,medium_airport,CN,31.626000,110.340000,Asia/Shanghai
ZHSY,medium_airport,CN,32.592889,110.906296,Asia/Shanghai
ZHXF,medium_airport,CN,32.152222,112.291666,Asia/Shanghai
ZHXY,medium_airport,CN,32.540819,114.079141,Asia/Shanghai
ZHYC,medium_airport,CN,30.554132,111.482563,Asia/Shanghai
ZJHK,large_airport,CN,19.934900,110.459000,Asia/Shanghai
ZJQH,medium_airport,CN,19.140951,110.452766,Asia/Shanghai
ZJSY,large_airport,CN,18.302900,109.412003,Asia/Shanghai
ZKHM,medium_airport,KP,41.428538,129.647555,Asia/Pyongyang
ZKPY,large_airport,KP,39.224098,125.669998,Asia/Pyongyang
ZKSC,medium_airport,KP,39.412463,125.890273,Asia/Pyongyang
ZKSD,medium_airport,KP,39.745201,127.473999,Asia/Pyongyang
ZKWS,medium_airport,KP,39.165219,127.487931,Asia/Pyongyang
ZLAK,small_airport,CN,32.756960,108.873380,Asia/Shanghai
ZLDH,large_airport,CN,40.161953,94.812827,Asia/Shanghai
ZLDL,medium_airport,CN,37.125286,97.268658,Asia/Shanghai
ZLGL,medium_airport,CN,34.418066,100.301144,Asia/Shanghai
ZLGM,medium_airport,CN,36.400600,94.786102,Asia/Shanghai
ZLGY,medium_airport,CN,36.078889,106.216944,Asia/Shanghai
ZLHB,small_airport,CN,38.008068,100.645065,Asia/Shanghai
ZLHX,medium_airport,CN,38.201645,90.837843,Asia/Shanghai
ZLHZ,medium_airport,CN,33.133527,107.203817,Asia/Shanghai
ZLIC,large_airport,CN,38.322758,106.393214,Asia/Shanghai
ZLJC,medium_airport,CN,38.542222,102.348333,Asia/Shanghai
ZLJQ,large_airport,CN,39.859052,98.339344,Asia/Shanghai
ZLLL,large_airport,CN,36.515202,103.620003,Asia/Shanghai
ZLLN,medium_airport,CN,33.789918,105.790014,Asia/Shanghai
ZLQY,medium_airport,CN,35.802638,107.598896,Asia/Shanghai
ZLSN,medium_airport,CN,34.376701,109.120003,Asia/Shanghai
ZLTS,medium_airport,CN,34.560100,105.860343,Asia/Shanghai
ZLXH,medium_airport,CN,34.819014,102.622261,Asia/Shanghai
ZLXN,large_airport,CN,36.527750,102.040215,Asia/Shanghai
ZLXY,large_airport,CN,34.442207,108.762385,Asia/Shanghai
ZLYA,medium_airport,CN,36.479413,109.464083,Asia/Shanghai
ZLYL,medium_airport,CN,38.359710,109.590927,Asia/Shanghai
ZLYS,medium_airport,CN,32.836389,97.036389,Asia/Shanghai
ZLZW,medium_airport,CN,37.573125,105.154454,Asia/Shanghai
ZLZY,medium_airport,CN,38.801899,100.675003,Asia/Shanghai
ZM-0045,medium_airport,ZM,-12.253580,25.444320,Africa/Lusaka
ZMAH,medium_airport,MN,46.250301,102.802002,Asia/Ulaanbaatar
ZMAT,medium_airport,MN,46.376400,96.221100,Asia/Ulaanbaatar
ZMBH,medium_airport,MN,46.163300,100.704002,Asia/Ulaanbaatar
ZMBN,medium_airport,MN,48.855000,103.475998,Asia/Ulaanbaatar
ZMBU,medium_airport,MN,46.660301,113.285004,Asia/Ulaanbaatar
ZMCD,medium_airport,MN,48.135381,114.647231,Asia/Ulaanbaatar
ZMCK,large_airport,MN,47.646916,106.819833,Asia/Ulaanbaatar
ZMDN,small_airport,MN,47.709300,96.525800,Asia/Ulaanbaatar
ZMDZ,medium_airport,MN,43.608628,104.367734,Asia/Ulaanbaatar
ZMKD,medium_airport,MN,47.954102,91.628197,Asia/Hovd
ZMMG,small_airport,MN,45.738098,106.268997,Asia/Ulaanbaatar
ZMMN,medium_airport,MN,49.663677,100.100028,Asia/Ulaanbaatar
ZMUB,large_airport,MN,47.843102,106.766998,Asia/Ulaanbaatar
ZMUG,medium_airport,MN,50.066588,91.938273,Asia/Hovd
ZMUL,medium_airport,MN,48.993301,89.922501,Asia/Hovd
ZPBS,medium_airport,CN,25.053301,99.168297,Asia/Shanghai
ZPCW,medium_airport,CN,23.276331,99.373169,Asia/Shanghai
ZPDL,medium_airport,CN,25.649401,100.319000,Asia/Shanghai
ZPDQ,medium_airport,CN,27.793600,99.677200,Asia/Shanghai
ZPJH,large_airport,CN,21.974648,100.762224,Asia/Shanghai
ZPJM,medium_airport,CN,22.417733,99.784012,Asia/Shanghai
ZPLC,medium_airport,CN,23.738100,100.025002,Asia/Shanghai
ZPLJ,large_airport,CN,26.677483,100.244944,Asia/Shanghai
ZPMS,medium_airport,CN,24.401100,98.531700,Asia/Shanghai
ZPPP,large_airport,CN,25.110313,102.936743,Asia/Shanghai
ZPSM,small_airport,CN,22.793301,100.959000,Asia/Shanghai
ZPWS,small_airport,CN,23.558300,104.325500,Asia/Shanghai
ZPYM,medium_airport,CN,25.737499,101.882004,Asia/Shanghai
ZPZT,medium_airport,CN,27.327549,103.756170,Asia/Shanghai
ZSAM,large_airport,CN,24.543889,118.127454,Asia/Shanghai
ZSAQ,medium_airport,CN,30.582199,117.050003,Asia/Shanghai
ZSBB,medium_airport,CN,32.847733,117.320244,Asia/Shanghai
ZSCG,medium_airport,CN,31.920485,119.775460,Asia/Shanghai
ZSCN,large_airport,CN,28.864815,115.902710,Asia/Shanghai
ZSDY,medium_airport,CN,37.501370,118.789863,Asia/Shanghai
ZSFY,medium_airport,CN,32.882157,115.734364,Asia/Shanghai
ZSFZ,large_airport,CN,25.929254,119.672524,Asia/Shanghai
ZSGZ,small_airport,CN,25.853333,114.778889,Asia/Shanghai
ZSHC,large_airport,CN,30.236090,120.428865,Asia/Shanghai
ZSHZ,medium_airport,CN,35.212972,115.736748,Asia/Shanghai
ZSJD,medium_airport,CN,29.338600,117.176003,Asia/Shanghai
ZSJG,medium_airport,CN,35.647358,116.743269,Asia/Shanghai
ZSJJ,small_airport,CN,29.476944,115.801111,Asia/Shanghai
ZSJN,large_airport,CN,36.857201,117.216003,Asia/Shanghai
ZSJU,medium_airport,CN,28.966130,118.898793,Asia/Shanghai
ZSLG,large_airport,CN,34.414060,119.178990,Asia/Shanghai
ZSLO,medium_airport,CN,25.675920,116.745907,Asia/Shanghai
ZSLQ,medium_airport,CN,28.562201,121.429001,Asia/Shanghai
ZSLY,medium_airport,CN,35.052918,118.411828,Asia/Shanghai
ZSNB,large_airport,CN,29.826700,121.461998,Asia/Shanghai
ZSNJ,large_airport,CN,31.735032,118.865949,Asia/Shanghai
ZSNT,medium_airport,CN,32.073566,120.980076,Asia/Shanghai
ZSOF,large_airport,CN,31.987790,116.976900,Asia/Shanghai
ZSPD,large_airport,CN,31.143400,121.805000,Asia/Shanghai
ZSQD,large_airport,CN,36.361953,120.088171,Asia/Shanghai
ZSQZ,large_airport,CN,24.795855,118.588599,Asia/Shanghai
ZSRG,medium_airport,CN,32.258341,120.501131,Asia/Shanghai
ZSRZ,medium_airport,CN,35.405033,119.324403,Asia/Shanghai
ZSSH,large_airport,CN,33.792712,119.126657,Asia/Shanghai
ZSSM,medium_airport,CN,26.426300,117.833600,Asia/Shanghai
ZSSR,medium_airport,CN,28.379700,117.964300,Asia/Shanghai
ZSSS,large_airport,CN,31.198104,121.334260,Asia/Shanghai
ZSSZ,medium_airport,CN,31.263100,120.401001,Asia/Shanghai
ZSTX,large_airport,CN,29.733299,118.255997,Asia/Shanghai
ZSWA,medium_airport,CN,31.104500,118.666870,Asia/Shanghai
ZSWF,medium_airport,CN,36.646702,119.119003,Asia/Shanghai
ZSWH,medium_airport,CN,37.187099,122.228996,Asia/Shanghai
ZSWX,large_airport,CN,31.496952,120.430380,Asia/Shanghai
ZSWY,medium_airport,CN,27.701900,118.000999,Asia/Shanghai
ZSWZ,large_airport,CN,27.910572,120.853465,Asia/Shanghai
ZSXZ,medium_airport,CN,34.059056,117.555278,Asia/Shanghai
ZSYA,medium_airport,CN,32.563400,119.719800,Asia/Shanghai
ZSYC,medium_airport,CN,27.802500,114.306200,Asia/Shanghai
ZSYN,large_airport,CN,33.428317,120.205450,Asia/Shanghai
ZSYT,large_airport,CN,37.659724,120.978124,Asia/Shanghai
ZSYW,large_airport,CN,29.342095,120.031160,Asia/Shanghai
ZSZS,large_airport,CN,29.933874,122.362307,Asia/Shanghai
ZUAL,medium_airport,CN,32.097940,80.053971,Asia/Shanghai
ZUAS,medium_airport,CN,26.260556,105.873333,Asia/Shanghai
ZUBD,medium_airport,CN,30.553600,97.108299,Asia/Shanghai
ZUBJ,medium_airport,CN,27.267066,105.472097,Asia/Shanghai
ZUCK,large_airport,CN,29.712254,106.651895,Asia/Shanghai
ZUDA,medium_airport,CN,31.048815,107.435646,Asia/Shanghai
ZUDC,medium_airport,CN,29.316320,100.060317,Asia/Shanghai
ZUDJ,medium_airport,CN,28.121000,108.163100,Asia/Shanghai
ZUDX,small_airport,CN,31.130200,107.429500,Asia/Shanghai
ZUGH,medium_airport,CN,30.948500,104.329600,Asia/Shanghai
ZUGU,medium_airport,CN,32.390254,105.694571,Asia/Shanghai
ZUGY,large_airport,CN,26.541805,106.804020,Asia/Shanghai
ZUGZ,small_airport,CN,31.757500,99.554167,Asia/Shanghai
ZUHY,medium_airport,CN,32.531540,102.352240,Asia/Shanghai
ZUJZ,medium_airport,CN,32.853333,103.682222,Asia/Shanghai
ZUKD,medium_airport,CN,30.142464,101.738720,Asia/Shanghai
ZUKJ,medium_airport,CN,26.972000,107.988000,Asia/Shanghai
ZULB,small_airport,CN,25.452500,107.961667,Asia/Shanghai
ZULS,large_airport,CN,29.298001,90.911951,Asia/Shanghai
ZULZ,medium_airport,CN,29.030357,105.468407,Asia/Shanghai
ZUMT,medium_airport,CN,27.961837,106.435416,Asia/Shanghai
ZUMY,medium_airport,CN,31.428101,104.740997,Asia/Shanghai
ZUNC,small_airport,CN,30.798104,106.164150,Asia/Shanghai
ZUNP,medium_airport,CN,26.322170,109.149900,Asia/Shanghai
ZUNZ,medium_airport,CN,29.303301,94.335297,Asia/Shanghai
ZUPS,medium_airport,CN,26.609417,104.979000,Asia/Shanghai
ZUQJ,medium_airport,CN,29.513333,108.831111,Asia/Shanghai
ZURK,large_airport,CN,29.350876,89.299157,Asia/Shanghai
ZUSH,small_airport,CN,28.422422,92.348082,Asia/Shanghai
ZUTC,medium_airport,CN,24.938056,98.485833,Asia/Shanghai
ZUTF,large_airport,CN,30.312520,104.441284,Asia/Shanghai
ZUTR,medium_airport,CN,27.883333,109.308889,Asia/Shanghai
ZUUU,large_airport,CN,30.558257,103.945966,Asia/Shanghai
ZUWL,medium_airport,CN,29.465658,107.693664,Asia/Shanghai
ZUWS,small_airport,CN,31.068960,109.708958,Asia/Shanghai
ZUWX,small_airport,CN,30.801700,108.433000,Asia/Shanghai
ZUXC,medium_airport,CN,27.989100,102.183998,Asia/Shanghai
ZUYB,medium_airport,CN,28.858431,104.526157,Asia/Shanghai
ZUYI,medium_airport,CN,25.083423,104.960804,Asia/Shanghai
ZUZH,medium_airport,CN,26.540000,101.798520,Asia/Shanghai
ZUZY,medium_airport,CN,27.810723,107.247189,Asia/Shanghai
ZWAK,medium_airport,CN,41.262501,80.291702,Asia/Urumqi
ZWAL,small_airport,CN,40.434748,81.262060,Asia/Urumqi
ZWAT,medium_airport,CN,47.749886,88.085808,Asia/Urumqi
ZWBL,medium_airport,CN,44.895461,82.300070,Asia/Urumqi
ZWCM,medium_airport,CN,38.234516,85.465462,Asia/Urumqi
ZWFY,medium_airport,CN,46.804169,89.512006,Asia/Urumqi
ZWHM,medium_airport,CN,42.841400,93.669197,Asia/Urumqi
ZWHZ,small_airport,CN,44.242100,85.890500,Asia/Urumqi
ZWKC,small_airport,CN,41.677856,82.872917,Asia/Urumqi
ZWKL,medium_airport,CN,41.614979,86.140817,Asia/Urumqi
ZWKM,small_airport,CN,45.466550,84.952700,Asia/Urumqi
ZWKN,medium_airport,CN,48.222300,86.995900,Asia/Urumqi
ZWLK,medium_airport,CN,43.756544,93.137164,Asia/Urumqi
ZWNL,medium_airport,CN,43.431800,83.378600,Asia/Urumqi
ZWRQ,medium_airport,CN,38.974722,88.008333,Asia/Urumqi
ZWSC,medium_airport,CN,38.245420,77.056149,Asia/Urumqi
ZWSH,large_airport,CN,39.542273,76.020230,Asia/Urumqi
ZWSS,medium_airport,CN,42.911701,90.247498,Asia/Urumqi
ZWTC,small_airport,CN,46.672501,83.340797,Asia/Urumqi
ZWTL,medium_airport,CN,43.030800,89.098700,Asia/Urumqi
ZWTN,medium_airport,CN,37.038502,79.864899,Asia/Urumqi
ZWWW,large_airport,CN,43.913584,87.479372,Asia/Urumqi
ZWYN,medium_airport,CN,43.955799,81.330299,Asia/Urumqi
ZWYT,small_airport,CN,36.808500,81.782700,Asia/Urumqi
ZYAS,medium_airport,CN,41.105301,122.853996,Asia/Shanghai
ZYBA,medium_airport,CN,45.505278,123.019722,Asia/Shanghai
ZYBS,medium_airport,CN,42.066944,127.602222,Asia/Shanghai
ZYCC,large_airport,CN,43.996201,125.684998,Asia/Shanghai
ZYCH,small_airport,CN,39.266441,122.666960,Asia/Shanghai
ZYCY,medium_airport,CN,41.538101,120.434998,Asia/Shanghai
ZYDD,medium_airport,CN,40.025453,124.286690,Asia/Shanghai
ZYDQ,small_airport,CN,46.750883,125.138642,Asia/Shanghai
ZYDU,medium_airport,CN,48.441037,126.128374,Asia/Shanghai
ZYFY,medium_airport,CN,48.197219,134.362980,Asia/Shanghai
ZYHB,large_airport,CN,45.623402,126.250000,Asia/Shanghai
ZYHE,medium_airport,CN,50.171621,127.308884,Asia/Shanghai
ZYJD,medium_airport,CN,50.371389,124.117500,Asia/Shanghai
ZYJM,medium_airport,CN,46.842793,130.464260,Asia/Shanghai
ZYJS,medium_airport,CN,47.108248,132.657920,Asia/Shanghai
ZYJX,medium_airport,CN,45.293000,131.193000,Asia/Shanghai
ZYJZ,medium_airport,CN,40.936032,121.277114,Asia/Shanghai
ZYLD,medium_airport,CN,47.752056,129.019125,Asia/Shanghai
ZYMD,medium_airport,CN,44.525172,129.568634,Asia/Shanghai
ZYMH,medium_airport,CN,52.916871,122.422759,Asia/Shanghai
ZYQQ,large_airport,CN,47.229969,123.914179,Asia/Shanghai
ZYSQ,medium_airport,CN,44.931143,124.552121,Asia/Shanghai
ZYTL,large_airport,CN,38.965719,121.538477,Asia/Shanghai
ZYTN,medium_airport,CN,42.048435,125.733963,Asia/Shanghai
ZYTX,large_airport,CN,41.639800,123.483668,Asia/Shanghai
ZYXC,medium_airport,CN,40.580328,120.700374,Asia/Shanghai
ZYYJ,medium_airport,CN,42.882801,129.451004,Asia/Shanghai
ZYYK,medium_airport,CN,40.542524,122.358600,Asia/Shanghai
ZYYY,medium_airport,CN,41.784354,123.496308,Asia/Shanghai
